"mean_error","realized_error","calibration","donor_n","noise_sd","overlap_fraction","cancellation_strength","replicate_id","method","auroc","auprc","top_k_accuracy","counter_spearman","target_coverage","counter_target_coverage"
0.01,0.00855263157894737,"calibrated",3,0.25,0.1,0.5,1,"binary",0.97634430176565,0.804908639135219,0.925,0.913563900824193,0.87875,1
0.01,0.00855263157894737,"calibrated",3,0.25,0.1,0.5,1,"expected_sign",0.977287319422151,0.809333181877508,0.8875,0.913329635493053,0.87875,1
0.01,0.00855263157894737,"calibrated",3,0.25,0.1,0.5,1,"ensemble_mean",0.97776886035313,0.764608715748046,0.8875,0.629620167348448,0.87875,1
0.01,0.00855263157894737,"calibrated",3,0.25,0.1,0.5,1,"ensemble_stability",0.844923756019262,0.805682262127707,0.7375,0.496405212306279,0.87875,1
0.01,0.00855263157894737,"calibrated",3,0.25,0.1,0.5,1,"supported_mean",0.975742375601926,0.734457873871437,0.8875,0.627185772934687,0.87875,1
0.01,0.00855263157894737,"calibrated",3,0.25,0.1,0.5,1,"supported_stability",0.846930176565008,0.832733581784052,0.75,0.498854403251232,0.87875,1
0.05,0.0473684210526316,"calibrated",3,0.25,0.1,0.5,1,"binary",0.884626777251185,0.463986173986117,0.5375,0.643959952396299,0.89125,1
0.05,0.0473684210526316,"calibrated",3,0.25,0.1,0.5,1,"expected_sign",0.891992496050553,0.481309059644025,0.575,0.655397748522024,0.89125,1
0.05,0.0473684210526316,"calibrated",3,0.25,0.1,0.5,1,"ensemble_mean",0.857740916271722,0.322510780232325,0.325,0.40382320088016,0.89125,1
0.05,0.0473684210526316,"calibrated",3,0.25,0.1,0.5,1,"ensemble_stability",0.328159557661927,0.120192166230266,0.0625,-0.208522972145114,0.89125,1
0.05,0.0473684210526316,"calibrated",3,0.25,0.1,0.5,1,"supported_mean",0.850118483412322,0.296049258949618,0.1375,0.395243157783624,0.89125,1
0.05,0.0473684210526316,"calibrated",3,0.25,0.1,0.5,1,"supported_stability",0.329867693522907,0.120201370412943,0.05,-0.206174854446217,0.89125,1
0.15,0.151973684210526,"calibrated",3,0.25,0.1,0.5,1,"binary",0.67918,0.238924807653155,0,0.257611424285584,0.88125,1
0.15,0.151973684210526,"calibrated",3,0.25,0.1,0.5,1,"expected_sign",0.68654,0.239475435024264,0,0.2680415065507,0.88125,1
0.15,0.151973684210526,"calibrated",3,0.25,0.1,0.5,1,"ensemble_mean",0.47539,0.103352152338554,0,-0.0274899896883789,0.88125,1
0.15,0.151973684210526,"calibrated",3,0.25,0.1,0.5,1,"ensemble_stability",0.2976,0.132593394409743,0,-0.259231435758714,0.88125,1
0.15,0.151973684210526,"calibrated",3,0.25,0.1,0.5,1,"supported_mean",0.64337,0.141640299878237,0,0.160147922781622,0.88125,1
0.15,0.151973684210526,"calibrated",3,0.25,0.1,0.5,1,"supported_stability",0.2976,0.132593394409743,0,-0.259133663017143,0.88125,1
0.01,0.00723684210526316,"overconfident",3,0.25,0.1,0.5,1,"binary",0.993610223642173,0.85346801493742,0.95,0.951398873512166,0.8825,1
0.01,0.00723684210526316,"overconfident",3,0.25,0.1,0.5,1,"expected_sign",0.995207667731629,0.881172439774494,0.9625,0.952345832106668,0.8825,1
0.01,0.00723684210526316,"overconfident",3,0.25,0.1,0.5,1,"ensemble_mean",0.995027955271566,0.879818293652667,0.95,0.745705797768385,0.8825,1
0.01,0.00723684210526316,"overconfident",3,0.25,0.1,0.5,1,"ensemble_stability",0.910353434504792,0.928112126598559,0.8375,0.694018139770679,0.8825,1
0.01,0.00723684210526316,"overconfident",3,0.25,0.1,0.5,1,"supported_mean",0.993610223642173,0.85346801493742,0.95,0.743570127266295,0.8825,1
0.01,0.00723684210526316,"overconfident",3,0.25,0.1,0.5,1,"supported_stability",0.910373402555911,0.927574880701348,0.8375,0.693878206673302,0.8825,1
0.05,0.0388157894736842,"overconfident",3,0.25,0.1,0.5,1,"binary",0.925775039745628,0.558384713458547,0.7,0.728441096088881,0.88625,1
0.05,0.0388157894736842,"overconfident",3,0.25,0.1,0.5,1,"expected_sign",0.927116454689984,0.537805829003189,0.6375,0.729362572807779,0.88625,1
0.05,0.0388157894736842,"overconfident",3,0.25,0.1,0.5,1,"ensemble_mean",0.909081875993641,0.488778008752294,0.575,0.490040912831255,0.88625,1
0.05,0.0388157894736842,"overconfident",3,0.25,0.1,0.5,1,"ensemble_stability",0.649612480127186,0.439233941580839,0.4625,0.19398891370512,0.88625,1
0.05,0.0388157894736842,"overconfident",3,0.25,0.1,0.5,1,"supported_mean",0.905147058823529,0.474547674945443,0.5625,0.485367605769747,0.88625,1
0.05,0.0388157894736842,"overconfident",3,0.25,0.1,0.5,1,"supported_stability",0.650725357710652,0.443103145509105,0.4375,0.194981317846775,0.88625,1
0.15,0.157236842105263,"overconfident",3,0.25,0.1,0.5,1,"binary",0.697247615262321,0.231799474268233,0,0.272138140899665,0.88625,1
0.15,0.157236842105263,"overconfident",3,0.25,0.1,0.5,1,"expected_sign",0.702831875993641,0.227498952100499,0,0.279599056408596,0.88625,1
0.15,0.157236842105263,"overconfident",3,0.25,0.1,0.5,1,"ensemble_mean",0.568372416534181,0.120141991910659,0,0.0764149815890446,0.88625,1
0.15,0.157236842105263,"overconfident",3,0.25,0.1,0.5,1,"ensemble_stability",0.318759936406995,0.144471972545623,0,-0.239635985155379,0.88625,1
0.15,0.157236842105263,"overconfident",3,0.25,0.1,0.5,1,"supported_mean",0.708664546899841,0.170462862278744,0,0.233211445579878,0.88625,1
0.15,0.157236842105263,"overconfident",3,0.25,0.1,0.5,1,"supported_stability",0.318759936406995,0.144471972545623,0,-0.239526693194945,0.88625,1
0.01,0.00855263157894737,"calibrated",8,0.25,0.1,0.5,1,"binary",0.98258,0.784594516837659,0.9125,0.916406741241679,0.88125,1
0.01,0.00855263157894737,"calibrated",8,0.25,0.1,0.5,1,"expected_sign",0.98416,0.805308680453965,0.925,0.91748127674653,0.88125,1
0.01,0.00855263157894737,"calibrated",8,0.25,0.1,0.5,1,"ensemble_mean",0.98774,0.79602715927695,0.9125,0.640795718698131,0.88125,1
0.01,0.00855263157894737,"calibrated",8,0.25,0.1,0.5,1,"ensemble_stability",0.86757,0.83743461531439,0.7625,0.526700547618878,0.88125,1
0.01,0.00855263157894737,"calibrated",8,0.25,0.1,0.5,1,"supported_mean",0.98501,0.759798088491391,0.9,0.637585605951313,0.88125,1
0.01,0.00855263157894737,"calibrated",8,0.25,0.1,0.5,1,"supported_stability",0.86855,0.854645556500648,0.775,0.527743176949216,0.88125,1
0.05,0.0552631578947368,"calibrated",8,0.25,0.1,0.5,1,"binary",0.853069466882068,0.356807339708741,0.2125,0.560875564077451,0.87375,1
0.05,0.0552631578947368,"calibrated",8,0.25,0.1,0.5,1,"expected_sign",0.864802100161551,0.378640290026793,0.35,0.578855002678764,0.87375,1
0.05,0.0552631578947368,"calibrated",8,0.25,0.1,0.5,1,"ensemble_mean",0.812580775444265,0.256405734533401,0.025,0.353620086875532,0.87375,1
0.05,0.0552631578947368,"calibrated",8,0.25,0.1,0.5,1,"ensemble_stability",0.280290791599354,0.124799939981381,0,-0.27606114148009,0.87375,1
0.05,0.0552631578947368,"calibrated",8,0.25,0.1,0.5,1,"supported_mean",0.834036752827141,0.284778760115268,0.075,0.378085045516347,0.87375,1
0.05,0.0552631578947368,"calibrated",8,0.25,0.1,0.5,1,"supported_stability",0.280290791599354,0.124799939981381,0,-0.275813682994723,0.87375,1
0.15,0.1375,"calibrated",8,0.25,0.1,0.5,1,"binary",0.69412,0.234774390165452,0,0.27426200101119,0.88125,1
0.15,0.1375,"calibrated",8,0.25,0.1,0.5,1,"expected_sign",0.7007,0.233414701773541,0,0.283354762137398,0.88125,1
0.15,0.1375,"calibrated",8,0.25,0.1,0.5,1,"ensemble_mean",0.44112,0.0986311463120919,0,-0.0657126301053254,0.88125,1
0.15,0.1375,"calibrated",8,0.25,0.1,0.5,1,"ensemble_stability",0.2832,0.125187122688669,0,-0.272258300918418,0.88125,1
0.15,0.1375,"calibrated",8,0.25,0.1,0.5,1,"supported_mean",0.5794,0.121037121857666,0,0.0886138419620455,0.88125,1
0.15,0.1375,"calibrated",8,0.25,0.1,0.5,1,"supported_stability",0.2832,0.125187122688669,0,-0.272040443130213,0.88125,1
0.01,0.00723684210526316,"overconfident",8,0.25,0.1,0.5,1,"binary",0.990461049284579,0.805947576441698,0.925,0.935960021212549,0.88625,1
0.01,0.00723684210526316,"overconfident",8,0.25,0.1,0.5,1,"expected_sign",0.992011128775835,0.828324620326391,0.9375,0.936880418991301,0.88625,1
0.01,0.00723684210526316,"overconfident",8,0.25,0.1,0.5,1,"ensemble_mean",0.990421303656598,0.805678833419229,0.925,0.726656389398114,0.88625,1
0.01,0.00723684210526316,"overconfident",8,0.25,0.1,0.5,1,"ensemble_stability",0.893710254372019,0.899518872472902,0.8125,0.640039104658658,0.88625,1
0.01,0.00723684210526316,"overconfident",8,0.25,0.1,0.5,1,"supported_mean",0.990461049284579,0.805947576441698,0.925,0.726844487158874,0.88625,1
0.01,0.00723684210526316,"overconfident",8,0.25,0.1,0.5,1,"supported_stability",0.893819554848967,0.909053142210195,0.8125,0.640197074408946,0.88625,1
0.05,0.0486842105263158,"overconfident",8,0.25,0.1,0.5,1,"binary",0.894634146341463,0.408932930808048,0.3875,0.634658207313459,0.86875,1
0.05,0.0486842105263158,"overconfident",8,0.25,0.1,0.5,1,"expected_sign",0.899268292682927,0.414177633747833,0.425,0.641114489196463,0.86875,1
0.05,0.0486842105263158,"overconfident",8,0.25,0.1,0.5,1,"ensemble_mean",0.894207317073171,0.382509935373594,0.375,0.473037503753423,0.86875,1
0.05,0.0486842105263158,"overconfident",8,0.25,0.1,0.5,1,"ensemble_stability",0.455741869918699,0.16335733510665,0.1625,-0.0570267662057954,0.86875,1
0.05,0.0486842105263158,"overconfident",8,0.25,0.1,0.5,1,"supported_mean",0.898983739837398,0.390268773974878,0.3875,0.478907607208657,0.86875,1
0.05,0.0486842105263158,"overconfident",8,0.25,0.1,0.5,1,"supported_stability",0.480528455284553,0.179710714690257,0.25,-0.0250095748289358,0.86875,1
0.15,0.139473684210526,"overconfident",8,0.25,0.1,0.5,1,"binary",0.692356687898089,0.23785636858747,0,0.273709107299683,0.885,1
0.15,0.139473684210526,"overconfident",8,0.25,0.1,0.5,1,"expected_sign",0.69281449044586,0.235380883641082,0,0.274228831304643,0.885,1
0.15,0.139473684210526,"overconfident",8,0.25,0.1,0.5,1,"ensemble_mean",0.450855891719745,0.0980754061603904,0,-0.0551382261261439,0.885,1
0.15,0.139473684210526,"overconfident",8,0.25,0.1,0.5,1,"ensemble_stability",0.33359872611465,0.15503623695769,0,-0.226478540571084,0.885,1
0.15,0.139473684210526,"overconfident",8,0.25,0.1,0.5,1,"supported_mean",0.560260748407643,0.116354758598871,0,0.0676114412882048,0.885,1
0.15,0.139473684210526,"overconfident",8,0.25,0.1,0.5,1,"supported_stability",0.33359872611465,0.15503623695769,0,-0.226372563423844,0.885,1
0.01,0.00855263157894737,"calibrated",3,0.75,0.1,0.5,1,"binary",0.97784,0.730677606267867,0.875,0.907405721810408,0.88125,1
0.01,0.00855263157894737,"calibrated",3,0.75,0.1,0.5,1,"expected_sign",0.98082,0.764177641169717,0.8875,0.911151990014182,0.88125,1
0.01,0.00855263157894737,"calibrated",3,0.75,0.1,0.5,1,"ensemble_mean",0.98296,0.738397627302208,0.875,0.634515788352256,0.88125,1
0.01,0.00855263157894737,"calibrated",3,0.75,0.1,0.5,1,"ensemble_stability",0.84882,0.806319267983519,0.725,0.495862913358921,0.88125,1
0.01,0.00855263157894737,"calibrated",3,0.75,0.1,0.5,1,"supported_mean",0.96918,0.617023055913783,0.775,0.616411525365089,0.88125,1
0.01,0.00855263157894737,"calibrated",3,0.75,0.1,0.5,1,"supported_stability",0.85008,0.796813030640584,0.6875,0.497168725361411,0.88125,1
0.05,0.0552631578947368,"calibrated",3,0.75,0.1,0.5,1,"binary",0.858158319870759,0.37197809075467,0.275,0.569043132313571,0.87375,1
0.05,0.0552631578947368,"calibrated",3,0.75,0.1,0.5,1,"expected_sign",0.865327140549273,0.380070465401243,0.35,0.579688118099171,0.87375,1
0.05,0.0552631578947368,"calibrated",3,0.75,0.1,0.5,1,"ensemble_mean",0.7859147819063,0.227088091934716,0,0.32297012675362,0.87375,1
0.05,0.0552631578947368,"calibrated",3,0.75,0.1,0.5,1,"ensemble_stability",0.277867528271405,0.123652682763578,0,-0.278274684783609,0.87375,1
0.05,0.0552631578947368,"calibrated",3,0.75,0.1,0.5,1,"supported_mean",0.835349353796446,0.276546223783617,0.075,0.378812145587944,0.87375,1
0.05,0.0552631578947368,"calibrated",3,0.75,0.1,0.5,1,"supported_stability",0.277867528271405,0.123652682763578,0,-0.27794556237818,0.87375,1
0.15,0.1375,"calibrated",3,0.75,0.1,0.5,1,"binary",0.69586,0.242492267238147,0,0.276859411797285,0.88125,1
0.15,0.1375,"calibrated",3,0.75,0.1,0.5,1,"expected_sign",0.70006,0.232986369495466,0,0.282451189403128,0.88125,1
0.15,0.1375,"calibrated",3,0.75,0.1,0.5,1,"ensemble_mean",0.42152,0.0959858726479021,0,-0.0875870789854949,0.88125,1
0.15,0.1375,"calibrated",3,0.75,0.1,0.5,1,"ensemble_stability",0.2888,0.127966437610641,0,-0.267162835182582,0.88125,1
0.15,0.1375,"calibrated",3,0.75,0.1,0.5,1,"supported_mean",0.53972,0.112078640413892,0,0.0443292402816496,0.88125,1
0.15,0.1375,"calibrated",3,0.75,0.1,0.5,1,"supported_stability",0.2888,0.127966437610641,0,-0.267018558831445,0.88125,1
0.01,0.00723684210526316,"overconfident",3,0.75,0.1,0.5,1,"binary",0.992050874403816,0.828599724554128,0.9375,0.938993903316156,0.88625,1
0.01,0.00723684210526316,"overconfident",3,0.75,0.1,0.5,1,"expected_sign",0.994634340222575,0.876082664059785,0.95,0.941875499987619,0.88625,1
0.01,0.00723684210526316,"overconfident",3,0.75,0.1,0.5,1,"ensemble_mean",0.992011128775835,0.828324620326391,0.9375,0.729012008071184,0.88625,1
0.01,0.00723684210526316,"overconfident",3,0.75,0.1,0.5,1,"ensemble_stability",0.914517090620032,0.918118431536799,0.85,0.669699940387173,0.88625,1
0.01,0.00723684210526316,"overconfident",3,0.75,0.1,0.5,1,"supported_mean",0.991991255961844,0.828198655035412,0.9375,0.728982562558297,0.88625,1
0.01,0.00723684210526316,"overconfident",3,0.75,0.1,0.5,1,"supported_stability",0.914805246422894,0.919767460443116,0.85,0.669895895574491,0.88625,1
0.05,0.0486842105263158,"overconfident",3,0.75,0.1,0.5,1,"binary",0.896951219512195,0.408932930808048,0.3875,0.638276483525245,0.86875,1
0.05,0.0486842105263158,"overconfident",3,0.75,0.1,0.5,1,"expected_sign",0.89349593495935,0.398349619037815,0.375,0.631845678621641,0.86875,1
0.05,0.0486842105263158,"overconfident",3,0.75,0.1,0.5,1,"ensemble_mean",0.891473577235772,0.375940876645681,0.3625,0.469757064477526,0.86875,1
0.05,0.0486842105263158,"overconfident",3,0.75,0.1,0.5,1,"ensemble_stability",0.443404471544715,0.162443084901015,0.1375,-0.0733136542555072,0.86875,1
0.05,0.0486842105263158,"overconfident",3,0.75,0.1,0.5,1,"supported_mean",0.878506097560976,0.344069555765441,0.2375,0.454196446454829,0.86875,1
0.05,0.0486842105263158,"overconfident",3,0.75,0.1,0.5,1,"supported_stability",0.433526422764228,0.152661337886328,0.025,-0.0858922839087704,0.86875,1
0.15,0.139473684210526,"overconfident",3,0.75,0.1,0.5,1,"binary",0.446178343949045,0.162007347309855,0,-0.0717500577523298,0.885,1
0.15,0.139473684210526,"overconfident",3,0.75,0.1,0.5,1,"expected_sign",0.464948248407643,0.164344461962223,0,-0.0466663705336652,0.885,1
0.15,0.139473684210526,"overconfident",3,0.75,0.1,0.5,1,"ensemble_mean",0.466460987261146,0.0995525530368594,0,-0.0376298132202736,0.885,1
0.15,0.139473684210526,"overconfident",3,0.75,0.1,0.5,1,"ensemble_stability",0.324044585987261,0.14819131362793,0,-0.235073473166917,0.885,1
0.15,0.139473684210526,"overconfident",3,0.75,0.1,0.5,1,"supported_mean",0.58140923566879,0.122174255123754,0,0.0913390437674008,0.885,1
0.15,0.139473684210526,"overconfident",3,0.75,0.1,0.5,1,"supported_stability",0.324044585987261,0.14819131362793,0,-0.234952004127152,0.885,1
0.01,0.0105263157894737,"calibrated",8,0.75,0.1,0.5,1,"binary",0.97478,0.783844161278153,0.9125,0.901667665844748,0.88125,1
0.01,0.0105263157894737,"calibrated",8,0.75,0.1,0.5,1,"expected_sign",0.97594,0.78350267576372,0.8875,0.901904409399255,0.88125,1
0.01,0.0105263157894737,"calibrated",8,0.75,0.1,0.5,1,"ensemble_mean",0.9779,0.765718656729617,0.8875,0.634053334304062,0.88125,1
0.01,0.0105263157894737,"calibrated",8,0.75,0.1,0.5,1,"ensemble_stability",0.87143,0.822173189439231,0.7625,0.52917610591438,0.88125,1
0.01,0.0105263157894737,"calibrated",8,0.75,0.1,0.5,1,"supported_mean",0.9641,0.630585052258624,0.7875,0.615757374470755,0.88125,1
0.01,0.0105263157894737,"calibrated",8,0.75,0.1,0.5,1,"supported_stability",0.86813,0.806937413298521,0.7125,0.523866282889711,0.88125,1
0.05,0.0605263157894737,"calibrated",8,0.75,0.1,0.5,1,"binary",0.862072475570033,0.40761109895273,0.4,0.585581684674727,0.8675,1
0.05,0.0605263157894737,"calibrated",8,0.75,0.1,0.5,1,"expected_sign",0.858184039087948,0.393044654531003,0.3625,0.578629687507459,0.8675,1
0.05,0.0605263157894737,"calibrated",8,0.75,0.1,0.5,1,"ensemble_mean",0.820154723127036,0.266275680684998,0.0875,0.364469949854923,0.8675,1
0.05,0.0605263157894737,"calibrated",8,0.75,0.1,0.5,1,"ensemble_stability",0.28257328990228,0.126760274994306,0,-0.274871331015052,0.8675,1
0.05,0.0605263157894737,"calibrated",8,0.75,0.1,0.5,1,"supported_mean",0.832328990228013,0.280029689244427,0.05,0.378338421915088,0.8675,1
0.05,0.0605263157894737,"calibrated",8,0.75,0.1,0.5,1,"supported_stability",0.28257328990228,0.126760274994306,0,-0.274634520478777,0.8675,1
0.15,0.145394736842105,"calibrated",8,0.75,0.1,0.5,1,"binary",0.68379407051282,0.231622194634119,0,0.258285454676689,0.88,1
0.15,0.145394736842105,"calibrated",8,0.75,0.1,0.5,1,"expected_sign",0.691826923076923,0.229673396167835,0,0.269345990790305,0.88,1
0.15,0.145394736842105,"calibrated",8,0.75,0.1,0.5,1,"ensemble_mean",0.38916266025641,0.0912067551212959,0,-0.123602775765138,0.88,1
0.15,0.145394736842105,"calibrated",8,0.75,0.1,0.5,1,"ensemble_stability",0.302884615384615,0.135716944382739,0,-0.254659175421799,0.88,1
0.15,0.145394736842105,"calibrated",8,0.75,0.1,0.5,1,"supported_mean",0.586378205128205,0.126189843827072,0,0.096326617353027,0.88,1
0.15,0.145394736842105,"calibrated",8,0.75,0.1,0.5,1,"supported_stability",0.302884615384615,0.135716944382739,0,-0.254572408132235,0.88,1
0.01,0.0118421052631579,"overconfident",8,0.75,0.1,0.5,1,"binary",0.977896098726115,0.730441283450899,0.875,0.898854548786015,0.885,1
0.01,0.0118421052631579,"overconfident",8,0.75,0.1,0.5,1,"expected_sign",0.97781648089172,0.729951214063358,0.875,0.896874382944379,0.885,1
0.01,0.0118421052631579,"overconfident",8,0.75,0.1,0.5,1,"ensemble_mean",0.977099920382166,0.724900626051447,0.875,0.736968067724325,0.885,1
0.01,0.0118421052631579,"overconfident",8,0.75,0.1,0.5,1,"ensemble_stability",0.862430334394904,0.859305303917912,0.7625,0.610699987194819,0.885,1
0.01,0.0118421052631579,"overconfident",8,0.75,0.1,0.5,1,"supported_mean",0.974193869426752,0.695659069051946,0.85,0.732479091499155,0.885,1
0.01,0.0118421052631579,"overconfident",8,0.75,0.1,0.5,1,"supported_stability",0.86328622611465,0.86866935447142,0.7625,0.612085357014573,0.885,1
0.05,0.0427631578947368,"overconfident",8,0.75,0.1,0.5,1,"binary",0.902953074433657,0.463505809515541,0.525,0.682027885701625,0.8725,1
0.05,0.0427631578947368,"overconfident",8,0.75,0.1,0.5,1,"expected_sign",0.911650485436893,0.495857805166874,0.5875,0.69577318749515,0.8725,1
0.05,0.0427631578947368,"overconfident",8,0.75,0.1,0.5,1,"ensemble_mean",0.907180420711974,0.449006273631267,0.55,0.487791402659294,0.8725,1
0.05,0.0427631578947368,"overconfident",8,0.75,0.1,0.5,1,"ensemble_stability",0.571227750809062,0.332169708409857,0.35,0.0927017218994558,0.8725,1
0.05,0.0427631578947368,"overconfident",8,0.75,0.1,0.5,1,"supported_mean",0.893527508090615,0.401953869491862,0.4625,0.471444906104224,0.8725,1
0.05,0.0427631578947368,"overconfident",8,0.75,0.1,0.5,1,"supported_stability",0.568052184466019,0.324110616610189,0.3375,0.0883206369731047,0.8725,1
0.15,0.155263157894737,"overconfident",8,0.75,0.1,0.5,1,"binary",0.714047619047619,0.244974170112688,0,0.295951191974941,0.8875,1
0.15,0.155263157894737,"overconfident",8,0.75,0.1,0.5,1,"expected_sign",0.711498015873016,0.226303361605036,0,0.292011204704692,0.8875,1
0.15,0.155263157894737,"overconfident",8,0.75,0.1,0.5,1,"ensemble_mean",0.649404761904762,0.147882618787164,0,0.167821376079984,0.8875,1
0.15,0.155263157894737,"overconfident",8,0.75,0.1,0.5,1,"ensemble_stability",0.333333333333333,0.154441624001375,0,-0.226420593090049,0.8875,1
0.15,0.155263157894737,"overconfident",8,0.75,0.1,0.5,1,"supported_mean",0.689900793650794,0.163604076457713,0,0.213309636388475,0.8875,1
0.15,0.155263157894737,"overconfident",8,0.75,0.1,0.5,1,"supported_stability",0.333333333333333,0.154441624001375,0,-0.226303380573586,0.8875,1
0.01,0.00855263157894737,"calibrated",3,0.25,0.6,0.5,1,"binary",0.976107283464567,0.747353345912182,0.8875,0.901166309013853,0.735,1
0.01,0.00855263157894737,"calibrated",3,0.25,0.6,0.5,1,"expected_sign",0.981077755905512,0.800025681447413,0.9,0.907782957241626,0.735,1
0.01,0.00855263157894737,"calibrated",3,0.25,0.6,0.5,1,"ensemble_mean",0.983033956692913,0.774741923416741,0.9,0.661568132234958,0.735,1
0.01,0.00855263157894737,"calibrated",3,0.25,0.6,0.5,1,"ensemble_stability",0.797157972440945,0.756337342665681,0.625,0.44521975463356,0.735,1
0.01,0.00855263157894737,"calibrated",3,0.25,0.6,0.5,1,"supported_mean",0.98480561023622,0.77987209260961,0.9125,0.664337605386349,0.735,1
0.01,0.00855263157894737,"calibrated",3,0.25,0.6,0.5,1,"supported_stability",0.806163877952756,0.7854711783188,0.675,0.458128228474069,0.735,1
0.05,0.0552631578947368,"calibrated",3,0.25,0.6,0.5,1,"binary",0.850095969289827,0.3984445027091,0.3625,0.569930380725293,0.75125,1
0.05,0.0552631578947368,"calibrated",3,0.25,0.6,0.5,1,"expected_sign",0.855254318618042,0.394064108227216,0.375,0.57707354915254,0.75125,1
0.05,0.0552631578947368,"calibrated",3,0.25,0.6,0.5,1,"ensemble_mean",0.816698656429942,0.29227686729222,0.1125,0.384338883367408,0.75125,1
0.05,0.0552631578947368,"calibrated",3,0.25,0.6,0.5,1,"ensemble_stability",0.298464491362764,0.154441624001375,0,-0.278739679421656,0.75125,1
0.05,0.0552631578947368,"calibrated",3,0.25,0.6,0.5,1,"supported_mean",0.810136756238004,0.277038854754582,0,0.376398337039359,0.75125,1
0.05,0.0552631578947368,"calibrated",3,0.25,0.6,0.5,1,"supported_stability",0.298464491362764,0.154441624001375,0,-0.278609490625746,0.75125,1
0.15,0.1375,"calibrated",3,0.25,0.6,0.5,1,"binary",0.665401785714286,0.250733832163849,0,0.240439622867671,0.73,1
0.15,0.1375,"calibrated",3,0.25,0.6,0.5,1,"expected_sign",0.6671875,0.238995666458158,0,0.242586093377779,0.73,1
0.15,0.1375,"calibrated",3,0.25,0.6,0.5,1,"ensemble_mean",0.397792658730159,0.111419330910284,0,-0.12368601839245,0.73,1
0.15,0.1375,"calibrated",3,0.25,0.6,0.5,1,"ensemble_stability",0.347222222222222,0.196773530337039,0,-0.234782890450946,0.73,1
0.15,0.1375,"calibrated",3,0.25,0.6,0.5,1,"supported_mean",0.488603670634921,0.123587534056063,0,-0.013791247667318,0.73,1
0.15,0.1375,"calibrated",3,0.25,0.6,0.5,1,"supported_stability",0.347222222222222,0.196773530337039,0,-0.234761059037673,0.73,1
0.01,0.00723684210526316,"overconfident",3,0.25,0.6,0.5,1,"binary",0.992202729044834,0.85346801493742,0.95,0.949591872724431,0.74125,1
0.01,0.00723684210526316,"overconfident",3,0.25,0.6,0.5,1,"expected_sign",0.991861598440546,0.851399244962901,0.9375,0.945853164529234,0.74125,1
0.01,0.00723684210526316,"overconfident",3,0.25,0.6,0.5,1,"ensemble_mean",0.988304093567251,0.805947576441698,0.925,0.743969510090132,0.74125,1
0.01,0.00723684210526316,"overconfident",3,0.25,0.6,0.5,1,"ensemble_stability",0.830080409356725,0.8503702930854,0.7,0.574529931072927,0.74125,1
0.01,0.00723684210526316,"overconfident",3,0.25,0.6,0.5,1,"supported_mean",0.992056530214425,0.852603210266686,0.9375,0.749686569549116,0.74125,1
0.01,0.00723684210526316,"overconfident",3,0.25,0.6,0.5,1,"supported_stability",0.830750487329435,0.857921785878081,0.7,0.575639966584858,0.74125,1
0.05,0.0486842105263158,"overconfident",3,0.25,0.6,0.5,1,"binary",0.889728682170543,0.442214161445206,0.475,0.646364257961655,0.745,1
0.05,0.0486842105263158,"overconfident",3,0.25,0.6,0.5,1,"expected_sign",0.893241279069767,0.436588835196669,0.475,0.65052042415705,0.745,1
0.05,0.0486842105263158,"overconfident",3,0.25,0.6,0.5,1,"ensemble_mean",0.888214631782946,0.407861589343865,0.45,0.489519208972096,0.745,1
0.05,0.0486842105263158,"overconfident",3,0.25,0.6,0.5,1,"ensemble_stability",0.383539244186047,0.176710773996689,0.1,-0.165171693379707,0.745,1
0.05,0.0486842105263158,"overconfident",3,0.25,0.6,0.5,1,"supported_mean",0.877749515503876,0.382531926783936,0.3625,0.47651231104424,0.745,1
0.05,0.0486842105263158,"overconfident",3,0.25,0.6,0.5,1,"supported_stability",0.384350775193798,0.189207390736479,0.1,-0.163792005318877,0.745,1
0.15,0.139473684210526,"overconfident",3,0.25,0.6,0.5,1,"binary",0.659686888454012,0.243496472199538,0,0.230847769119448,0.73875,1
0.15,0.139473684210526,"overconfident",3,0.25,0.6,0.5,1,"expected_sign",0.657485322896282,0.235724371669753,0,0.227438257285276,0.73875,1
0.15,0.139473684210526,"overconfident",3,0.25,0.6,0.5,1,"ensemble_mean",0.533842954990215,0.135686130002131,0,0.0408601602631255,0.73875,1
0.15,0.139473684210526,"overconfident",3,0.25,0.6,0.5,1,"ensemble_stability",0.353228962818004,0.200712394510002,0,-0.227540176373532,0.73875,1
0.15,0.139473684210526,"overconfident",3,0.25,0.6,0.5,1,"supported_mean",0.653204500978474,0.173701104383895,0,0.184975769862397,0.73875,1
0.15,0.139473684210526,"overconfident",3,0.25,0.6,0.5,1,"supported_stability",0.353228962818004,0.200712394510002,0,-0.227512022707929,0.73875,1
0.01,0.0105263157894737,"calibrated",8,0.25,0.6,0.5,1,"binary",0.972693452380952,0.783844161278153,0.9125,0.898935111929987,0.73,1
0.01,0.0105263157894737,"calibrated",8,0.25,0.6,0.5,1,"expected_sign",0.975,0.805594751001264,0.9125,0.900485205338234,0.73,1
0.01,0.0105263157894737,"calibrated",8,0.25,0.6,0.5,1,"ensemble_mean",0.97562003968254,0.769505777460881,0.8875,0.659199368175219,0.73,1
0.01,0.0105263157894737,"calibrated",8,0.25,0.6,0.5,1,"ensemble_stability",0.766505456349206,0.711960589697134,0.6125,0.399485887916797,0.73,1
0.01,0.0105263157894737,"calibrated",8,0.25,0.6,0.5,1,"supported_mean",0.965376984126984,0.687375980748233,0.85,0.645381714113123,0.73,1
0.01,0.0105263157894737,"calibrated",8,0.25,0.6,0.5,1,"supported_stability",0.768861607142857,0.729858259731053,0.625,0.402528515304726,0.73,1
0.05,0.0605263157894737,"calibrated",8,0.25,0.6,0.5,1,"binary",0.830816831683168,0.395449274351275,0.3625,0.536295954023887,0.73125,1
0.05,0.0605263157894737,"calibrated",8,0.25,0.6,0.5,1,"expected_sign",0.831311881188119,0.372968761140202,0.325,0.535730230285583,0.73125,1
0.05,0.0605263157894737,"calibrated",8,0.25,0.6,0.5,1,"ensemble_mean",0.768292079207921,0.246897646878245,0,0.325705215088638,0.73125,1
0.05,0.0605263157894737,"calibrated",8,0.25,0.6,0.5,1,"ensemble_stability",0.302970297029703,0.161245987434724,0,-0.277918677738165,0.73125,1
0.05,0.0605263157894737,"calibrated",8,0.25,0.6,0.5,1,"supported_mean",0.78740099009901,0.264613062411359,0,0.348968472726711,0.73125,1
0.05,0.0605263157894737,"calibrated",8,0.25,0.6,0.5,1,"supported_stability",0.302970297029703,0.161245987434724,0,-0.277780331785778,0.73125,1
0.15,0.145394736842105,"calibrated",8,0.25,0.6,0.5,1,"binary",0.65659046692607,0.243064744638756,0,0.22371796939861,0.7425,1
0.15,0.145394736842105,"calibrated",8,0.25,0.6,0.5,1,"expected_sign",0.661332684824903,0.232248560238606,0,0.230064809196686,0.7425,1
0.15,0.145394736842105,"calibrated",8,0.25,0.6,0.5,1,"ensemble_mean",0.409156128404669,0.111726506399563,0,-0.109351957434695,0.7425,1
0.15,0.145394736842105,"calibrated",8,0.25,0.6,0.5,1,"ensemble_stability",0.339494163424125,0.186704847275338,0,-0.24045676984702,0.7425,1
0.15,0.145394736842105,"calibrated",8,0.25,0.6,0.5,1,"supported_mean",0.489226653696498,0.123346064870687,0,-0.0129682609280922,0.7425,1
0.15,0.145394736842105,"calibrated",8,0.25,0.6,0.5,1,"supported_stability",0.339494163424125,0.186704847275338,0,-0.240424595248869,0.7425,1
0.01,0.0118421052631579,"overconfident",8,0.25,0.6,0.5,1,"binary",0.969410469667319,0.699473975445446,0.85,0.876521587856123,0.73875,1
0.01,0.0118421052631579,"overconfident",8,0.25,0.6,0.5,1,"expected_sign",0.971795499021526,0.711658357457795,0.85,0.878275496961641,0.73875,1
0.01,0.0118421052631579,"overconfident",8,0.25,0.6,0.5,1,"ensemble_mean",0.97062133072407,0.709895318416427,0.8625,0.736152976556034,0.73875,1
0.01,0.0118421052631579,"overconfident",8,0.25,0.6,0.5,1,"ensemble_stability",0.77644324853229,0.781558034726062,0.6125,0.492122441553775,0.73875,1
0.01,0.0118421052631579,"overconfident",8,0.25,0.6,0.5,1,"supported_mean",0.971563111545988,0.710153291110804,0.8625,0.737731233475226,0.73875,1
0.01,0.0118421052631579,"overconfident",8,0.25,0.6,0.5,1,"supported_stability",0.778216731898239,0.805858942136209,0.6125,0.495279617388065,0.73875,1
0.05,0.0427631578947368,"overconfident",8,0.25,0.6,0.5,1,"binary",0.899174528301887,0.498086486818726,0.6,0.678601511887604,0.7625,1
0.05,0.0427631578947368,"overconfident",8,0.25,0.6,0.5,1,"expected_sign",0.899952830188679,0.485110538088606,0.5875,0.678368880974691,0.7625,1
0.05,0.0427631578947368,"overconfident",8,0.25,0.6,0.5,1,"ensemble_mean",0.891084905660377,0.425815718219898,0.5,0.49938193660315,0.7625,1
0.05,0.0427631578947368,"overconfident",8,0.25,0.6,0.5,1,"ensemble_stability",0.488183962264151,0.228877044311533,0.2125,-0.0168511282732438,0.7625,1
0.05,0.0427631578947368,"overconfident",8,0.25,0.6,0.5,1,"supported_mean",0.869905660377359,0.371382687913306,0.3625,0.472378869602783,0.7625,1
0.05,0.0427631578947368,"overconfident",8,0.25,0.6,0.5,1,"supported_stability",0.490813679245283,0.247881823780842,0.175,-0.0130891212212092,0.7625,1
0.15,0.155263157894737,"overconfident",8,0.25,0.6,0.5,1,"binary",0.685883620689655,0.247408543681853,0,0.265153985818315,0.7525,1
0.15,0.155263157894737,"overconfident",8,0.25,0.6,0.5,1,"expected_sign",0.684147509578544,0.234314110929645,0,0.262252939874448,0.7525,1
0.15,0.155263157894737,"overconfident",8,0.25,0.6,0.5,1,"ensemble_mean",0.547844827586207,0.136759640877353,0,0.0575884935303602,0.7525,1
0.15,0.155263157894737,"overconfident",8,0.25,0.6,0.5,1,"ensemble_stability",0.349616858237548,0.193920347462022,0,-0.229091420610658,0.7525,1
0.15,0.155263157894737,"overconfident",8,0.25,0.6,0.5,1,"supported_mean",0.695761494252874,0.1887457791819,0,0.235633036407555,0.7525,1
0.15,0.155263157894737,"overconfident",8,0.25,0.6,0.5,1,"supported_stability",0.349616858237548,0.193920347462022,0,-0.229050737234733,0.7525,1
0.01,0.0105263157894737,"calibrated",3,0.75,0.6,0.5,1,"binary",0.972693452380952,0.783844161278153,0.9125,0.898935111929987,0.73,1
0.01,0.0105263157894737,"calibrated",3,0.75,0.6,0.5,1,"expected_sign",0.972867063492064,0.778740397814021,0.9,0.896441673192292,0.73,1
0.01,0.0105263157894737,"calibrated",3,0.75,0.6,0.5,1,"ensemble_mean",0.974950396825397,0.75372840434838,0.8875,0.658249804643681,0.73,1
0.01,0.0105263157894737,"calibrated",3,0.75,0.6,0.5,1,"ensemble_stability",0.766344246031746,0.728024887563184,0.625,0.40517122183984,0.73,1
0.01,0.0105263157894737,"calibrated",3,0.75,0.6,0.5,1,"supported_mean",0.974007936507936,0.751887427912269,0.9,0.656943603644402,0.73,1
0.01,0.0105263157894737,"calibrated",3,0.75,0.6,0.5,1,"supported_stability",0.764831349206349,0.719062935900105,0.6125,0.402417294461444,0.73,1
0.05,0.0605263157894737,"calibrated",3,0.75,0.6,0.5,1,"binary",0.829950495049505,0.395449274351275,0.3625,0.534941496774,0.73125,1
0.05,0.0605263157894737,"calibrated",3,0.75,0.6,0.5,1,"expected_sign",0.830891089108911,0.372196076367812,0.3125,0.535049810867215,0.73125,1
0.05,0.0605263157894737,"calibrated",3,0.75,0.6,0.5,1,"ensemble_mean",0.763242574257426,0.242921126722337,0,0.319575111953503,0.73125,1
0.05,0.0605263157894737,"calibrated",3,0.75,0.6,0.5,1,"ensemble_stability",0.297029702970297,0.157461480790763,0,-0.28368595983629,0.73125,1
0.05,0.0605263157894737,"calibrated",3,0.75,0.6,0.5,1,"supported_mean",0.790965346534653,0.265098236040922,0,0.353230434910215,0.73125,1
0.05,0.0605263157894737,"calibrated",3,0.75,0.6,0.5,1,"supported_stability",0.297029702970297,0.157461480790763,0,-0.283540797403044,0.73125,1
0.15,0.145394736842105,"calibrated",3,0.75,0.6,0.5,1,"binary",0.662135214007782,0.243064744638756,0,0.231525709356504,0.7425,1
0.15,0.145394736842105,"calibrated",3,0.75,0.6,0.5,1,"expected_sign",0.661843385214008,0.232446261175119,0,0.230793081881813,0.7425,1
0.15,0.145394736842105,"calibrated",3,0.75,0.6,0.5,1,"ensemble_mean",0.465162937743191,0.12124468999302,0,-0.041934594840102,0.7425,1
0.15,0.145394736842105,"calibrated",3,0.75,0.6,0.5,1,"ensemble_stability",0.339494163424125,0.186704847275338,0,-0.240450241103414,0.7425,1
0.15,0.145394736842105,"calibrated",3,0.75,0.6,0.5,1,"supported_mean",0.596680447470817,0.150663191561956,0,0.116377669428388,0.7425,1
0.15,0.145394736842105,"calibrated",3,0.75,0.6,0.5,1,"supported_stability",0.339494163424125,0.186704847275338,0,-0.24042437991145,0.7425,1
0.01,0.0118421052631579,"overconfident",3,0.75,0.6,0.5,1,"binary",0.969410469667319,0.699473975445446,0.85,0.876521492982577,0.73875,1
0.01,0.0118421052631579,"overconfident",3,0.75,0.6,0.5,1,"expected_sign",0.972137964774951,0.71354692474967,0.8625,0.878913017413628,0.73875,1
0.01,0.0118421052631579,"overconfident",3,0.75,0.6,0.5,1,"ensemble_mean",0.969728473581213,0.69570441641273,0.85,0.734706096397572,0.73875,1
0.01,0.0118421052631579,"overconfident",3,0.75,0.6,0.5,1,"ensemble_stability",0.784258806262231,0.790994114148809,0.625,0.50029000210868,0.73875,1
0.01,0.0118421052631579,"overconfident",3,0.75,0.6,0.5,1,"supported_mean",0.969728473581213,0.69570441641273,0.85,0.734706114996539,0.73875,1
0.01,0.0118421052631579,"overconfident",3,0.75,0.6,0.5,1,"supported_stability",0.784368884540117,0.787352639480927,0.625,0.500285869852874,0.73875,1
0.05,0.0427631578947368,"overconfident",3,0.75,0.6,0.5,1,"binary",0.885212264150943,0.448261669950277,0.4875,0.654755120172562,0.7625,1
0.05,0.0427631578947368,"overconfident",3,0.75,0.6,0.5,1,"expected_sign",0.889952830188679,0.45262127010839,0.5,0.6614076588062,0.7625,1
0.05,0.0427631578947368,"overconfident",3,0.75,0.6,0.5,1,"ensemble_mean",0.889410377358491,0.421706829143923,0.4875,0.497248174368338,0.7625,1
0.05,0.0427631578947368,"overconfident",3,0.75,0.6,0.5,1,"ensemble_stability",0.47561320754717,0.209298027682162,0.1625,-0.0347212681859501,0.7625,1
0.05,0.0427631578947368,"overconfident",3,0.75,0.6,0.5,1,"supported_mean",0.870660377358491,0.370680544484898,0.3625,0.473301615094768,0.7625,1
0.05,0.0427631578947368,"overconfident",3,0.75,0.6,0.5,1,"supported_stability",0.47627358490566,0.203529103714955,0.175,-0.0337474846377742,0.7625,1
0.15,0.155263157894737,"overconfident",3,0.75,0.6,0.5,1,"binary",0.687344348659004,0.248562443052187,0,0.267234274754177,0.7525,1
0.15,0.155263157894737,"overconfident",3,0.75,0.6,0.5,1,"expected_sign",0.684147509578544,0.234314110929645,0,0.262252939874448,0.7525,1
0.15,0.155263157894737,"overconfident",3,0.75,0.6,0.5,1,"ensemble_mean",0.606393678160919,0.153015067706775,0,0.12806115573549,0.7525,1
0.15,0.155263157894737,"overconfident",3,0.75,0.6,0.5,1,"ensemble_stability",0.346743295019157,0.191149500239264,0,-0.231905497575151,0.7525,1
0.15,0.155263157894737,"overconfident",3,0.75,0.6,0.5,1,"supported_mean",0.691858237547893,0.188146123471534,0,0.230930718322028,0.7525,1
0.15,0.155263157894737,"overconfident",3,0.75,0.6,0.5,1,"supported_stability",0.346743295019157,0.191149500239264,0,-0.231851612751493,0.7525,1
0.01,0.0111842105263158,"calibrated",8,0.75,0.6,0.5,1,"binary",0.979170719844358,0.784243803720988,0.9125,0.898717642183854,0.7425,1
0.01,0.0111842105263158,"calibrated",8,0.75,0.6,0.5,1,"expected_sign",0.981906614785992,0.81237244670329,0.9125,0.901085099282259,0.7425,1
0.01,0.0111842105263158,"calibrated",8,0.75,0.6,0.5,1,"ensemble_mean",0.981408073929961,0.757130163480893,0.8875,0.647038483935176,0.7425,1
0.01,0.0111842105263158,"calibrated",8,0.75,0.6,0.5,1,"ensemble_stability",0.777419747081712,0.751803078404882,0.625,0.427267594761571,0.7425,1
0.01,0.0111842105263158,"calibrated",8,0.75,0.6,0.5,1,"supported_mean",0.97994892996109,0.740238288185098,0.8875,0.645130852362849,0.7425,1
0.01,0.0111842105263158,"calibrated",8,0.75,0.6,0.5,1,"supported_stability",0.774878404669261,0.732541353784662,0.6,0.423001438135162,0.7425,1
0.05,0.0447368421052632,"calibrated",8,0.75,0.6,0.5,1,"binary",0.906201737451737,0.458456934581608,0.5125,0.661775031437325,0.7475,1
0.05,0.0447368421052632,"calibrated",8,0.75,0.6,0.5,1,"expected_sign",0.902775096525097,0.429521727812629,0.45,0.654400381572277,0.7475,1
0.05,0.0447368421052632,"calibrated",8,0.75,0.6,0.5,1,"ensemble_mean",0.834628378378378,0.294594665084028,0.1125,0.406823837541267,0.7475,1
0.05,0.0447368421052632,"calibrated",8,0.75,0.6,0.5,1,"ensemble_stability",0.305019305019305,0.159331120660075,0,-0.273055663628919,0.7475,1
0.05,0.0447368421052632,"calibrated",8,0.75,0.6,0.5,1,"supported_mean",0.836233108108108,0.299014057542667,0.025,0.408787756044774,0.7475,1
0.05,0.0447368421052632,"calibrated",8,0.75,0.6,0.5,1,"supported_stability",0.305019305019305,0.159331120660075,0,-0.272949627038884,0.7475,1
0.15,0.159868421052632,"calibrated",8,0.75,0.6,0.5,1,"binary",0.618848814229249,0.222548196293564,0,0.167744895811939,0.7325,1
0.15,0.159868421052632,"calibrated",8,0.75,0.6,0.5,1,"expected_sign",0.618083003952569,0.213739251983633,0,0.166444931957022,0.7325,1
0.15,0.159868421052632,"calibrated",8,0.75,0.6,0.5,1,"ensemble_mean",0.47324604743083,0.124377940649359,0,-0.0323766776294635,0.7325,1
0.15,0.159868421052632,"calibrated",8,0.75,0.6,0.5,1,"ensemble_stability",0.344861660079051,0.193920347462022,0,-0.236738303986157,0.7325,1
0.15,0.159868421052632,"calibrated",8,0.75,0.6,0.5,1,"supported_mean",0.564945652173913,0.142619050336165,0,0.0786018368588011,0.7325,1
0.15,0.159868421052632,"calibrated",8,0.75,0.6,0.5,1,"supported_stability",0.344861660079051,0.193920347462022,0,-0.236715137476699,0.7325,1
0.01,0.00723684210526316,"overconfident",8,0.75,0.6,0.5,1,"binary",0.980771072796935,0.87979577515286,0.9625,0.931938749480327,0.7525,1
0.01,0.00723684210526316,"overconfident",8,0.75,0.6,0.5,1,"expected_sign",0.981345785440613,0.892901107987823,0.9375,0.930201383415159,0.7525,1
0.01,0.00723684210526316,"overconfident",8,0.75,0.6,0.5,1,"ensemble_mean",0.983536877394636,0.843975378053837,0.9375,0.761276407591963,0.7525,1
0.01,0.00723684210526316,"overconfident",8,0.75,0.6,0.5,1,"ensemble_stability",0.848299808429119,0.886783628286825,0.725,0.635024240295239,0.7525,1
0.01,0.00723684210526316,"overconfident",8,0.75,0.6,0.5,1,"supported_mean",0.983680555555556,0.844415996779204,0.9375,0.76150261328445,0.7525,1
0.01,0.00723684210526316,"overconfident",8,0.75,0.6,0.5,1,"supported_stability",0.848467432950192,0.885094373040842,0.7125,0.635242799713108,0.7525,1
0.05,0.0552631578947368,"overconfident",8,0.75,0.6,0.5,1,"binary",0.876925944333996,0.426880696290596,0.4375,0.621801686393087,0.72875,1
0.05,0.0552631578947368,"overconfident",8,0.75,0.6,0.5,1,"expected_sign",0.878479125248509,0.418740382893738,0.425,0.622823831999227,0.72875,1
0.05,0.0552631578947368,"overconfident",8,0.75,0.6,0.5,1,"ensemble_mean",0.872788270377734,0.390361790027037,0.425,0.474952471588118,0.72875,1
0.05,0.0552631578947368,"overconfident",8,0.75,0.6,0.5,1,"ensemble_stability",0.390867296222664,0.180034883114623,0.1,-0.155867299838793,0.72875,1
0.05,0.0552631578947368,"overconfident",8,0.75,0.6,0.5,1,"supported_mean",0.849900596421471,0.343713548464999,0.2375,0.445792326130592,0.72875,1
0.05,0.0552631578947368,"overconfident",8,0.75,0.6,0.5,1,"supported_stability",0.379324055666004,0.175303042634675,0.025,-0.172133988575509,0.72875,1
0.15,0.154605263157895,"overconfident",8,0.75,0.6,0.5,1,"binary",0.641854919678715,0.244962660289643,0,0.205530679698582,0.7225,1
0.15,0.154605263157895,"overconfident",8,0.75,0.6,0.5,1,"expected_sign",0.63121234939759,0.229109234767549,0,0.189891263597661,0.7225,1
0.15,0.154605263157895,"overconfident",8,0.75,0.6,0.5,1,"ensemble_mean",0.571987951807229,0.147895833867621,0,0.0877916535097256,0.7225,1
0.15,0.154605263157895,"overconfident",8,0.75,0.6,0.5,1,"ensemble_stability",0.356425702811245,0.208003098620047,0,-0.226803473893833,0.7225,1
0.15,0.154605263157895,"overconfident",8,0.75,0.6,0.5,1,"supported_mean",0.661646586345382,0.180950095438011,0,0.197133796196406,0.7225,1
0.15,0.154605263157895,"overconfident",8,0.75,0.6,0.5,1,"supported_stability",0.356425702811245,0.208003098620047,0,-0.226753461691446,0.7225,1
0.01,0.0138157894736842,"calibrated",3,0.25,0.1,1,1,"binary",0.976997626582279,0.907691023932514,0.9625,0.897054210736031,0.89,1
0.01,0.0138157894736842,"calibrated",3,0.25,0.1,1,1,"expected_sign",0.978194224683544,0.934455942559579,0.9625,0.897562796924362,0.89,1
0.01,0.0138157894736842,"calibrated",3,0.25,0.1,1,1,"ensemble_mean",0.97332871835443,0.883100736423918,0.95,0.636626093357728,0.89,1
0.01,0.0138157894736842,"calibrated",3,0.25,0.1,1,1,"ensemble_stability",0.938113132911392,0.947128259657094,0.8875,0.745657622400601,0.89,1
0.01,0.0138157894736842,"calibrated",3,0.25,0.1,1,1,"supported_mean",0.973664952531646,0.887149139338023,0.95,0.637474686542703,0.89,1
0.01,0.0138157894736842,"calibrated",3,0.25,0.1,1,1,"supported_stability",0.93895371835443,0.957263837720577,0.8875,0.747610528040027,0.89,1
0.05,0.0467105263157895,"calibrated",3,0.25,0.1,1,1,"binary",0.906983568075117,0.596266819643666,0.775,0.676508540938231,0.89875,1
0.05,0.0467105263157895,"calibrated",3,0.25,0.1,1,1,"expected_sign",0.913634585289515,0.65974312858064,0.7625,0.68679355227089,0.89875,1
0.05,0.0467105263157895,"calibrated",3,0.25,0.1,1,1,"ensemble_mean",0.898777386541471,0.398868281805812,0.4625,0.448129749658243,0.89875,1
0.05,0.0467105263157895,"calibrated",3,0.25,0.1,1,1,"ensemble_stability",0.544679186228482,0.194777474236447,0.2625,0.0543480594833565,0.89875,1
0.05,0.0467105263157895,"calibrated",3,0.25,0.1,1,1,"supported_mean",0.89153951486698,0.357054052591748,0.375,0.439997859632642,0.89875,1
0.05,0.0467105263157895,"calibrated",3,0.25,0.1,1,1,"supported_stability",0.563751956181534,0.228783531751579,0.3125,0.0774067766079655,0.89875,1
0.15,0.151973684210526,"calibrated",3,0.25,0.1,1,1,"binary",0.748738170347003,0.246172154585266,0,0.335454552163422,0.8925,1
0.15,0.151973684210526,"calibrated",3,0.25,0.1,1,1,"expected_sign",0.783162460567823,0.259919516927757,0.0625,0.381234676264877,0.8925,1
0.15,0.151973684210526,"calibrated",3,0.25,0.1,1,1,"ensemble_mean",0.615970031545741,0.13170423744884,0,0.128887450830857,0.8925,1
0.15,0.151973684210526,"calibrated",3,0.25,0.1,1,1,"ensemble_stability",0.30205047318612,0.133471004154488,0,-0.253722512540573,0.8925,1
0.15,0.151973684210526,"calibrated",3,0.25,0.1,1,1,"supported_mean",0.692833201892744,0.160481015494976,0,0.21431209173752,0.8925,1
0.15,0.151973684210526,"calibrated",3,0.25,0.1,1,1,"supported_stability",0.30205047318612,0.133471004154488,0,-0.25361452758755,0.8925,1
0.01,0.00986842105263158,"overconfident",3,0.25,0.1,1,1,"binary",0.980231191222571,0.996164442516995,0.9625,0.930097751328022,0.8975,1
0.01,0.00986842105263158,"overconfident",3,0.25,0.1,1,1,"expected_sign",0.980965909090909,0.996004186106738,0.9625,0.92964141791545,0.8975,1
0.01,0.00986842105263158,"overconfident",3,0.25,0.1,1,1,"ensemble_mean",0.978330721003135,0.980494913236513,0.9625,0.740133955118345,0.8975,1
0.01,0.00986842105263158,"overconfident",3,0.25,0.1,1,1,"ensemble_stability",0.961735893416928,0.989433651796068,0.925,0.893260586563043,0.8975,1
0.01,0.00986842105263158,"overconfident",3,0.25,0.1,1,1,"supported_mean",0.979134012539185,0.981894953526223,0.9625,0.74158779297017,0.8975,1
0.01,0.00986842105263158,"overconfident",3,0.25,0.1,1,1,"supported_stability",0.961755485893417,0.989604884672781,0.925,0.893602047451896,0.8975,1
0.05,0.0388157894736842,"overconfident",3,0.25,0.1,1,1,"binary",0.929002016129032,0.630962819830186,0.8,0.733830914886493,0.875,1
0.05,0.0388157894736842,"overconfident",3,0.25,0.1,1,1,"expected_sign",0.929072580645161,0.62815733956359,0.7625,0.732908546140517,0.875,1
0.05,0.0388157894736842,"overconfident",3,0.25,0.1,1,1,"ensemble_mean",0.925171370967742,0.552224730686045,0.7,0.50982281680841,0.875,1
0.05,0.0388157894736842,"overconfident",3,0.25,0.1,1,1,"ensemble_stability",0.820110887096774,0.660241982656177,0.65,0.460649178508534,0.875,1
0.05,0.0388157894736842,"overconfident",3,0.25,0.1,1,1,"supported_mean",0.928125,0.568476069222511,0.7375,0.513438426764636,0.875,1
0.05,0.0388157894736842,"overconfident",3,0.25,0.1,1,1,"supported_stability",0.829324596774194,0.731890035386353,0.6875,0.473530569694783,0.875,1
0.15,0.155921052631579,"overconfident",3,0.25,0.1,1,1,"binary",0.662459935897436,0.238991403436511,0,0.230402451272617,0.88,1
0.15,0.155921052631579,"overconfident",3,0.25,0.1,1,1,"expected_sign",0.661137820512821,0.229596745213019,0,0.228393171206667,0.88,1
0.15,0.155921052631579,"overconfident",3,0.25,0.1,1,1,"ensemble_mean",0.651262019230769,0.153525465574727,0,0.169479443712899,0.88,1
0.15,0.155921052631579,"overconfident",3,0.25,0.1,1,1,"ensemble_stability",0.319711538461538,0.146042743614698,0,-0.23963571781522,0.88,1
0.15,0.155921052631579,"overconfident",3,0.25,0.1,1,1,"supported_mean",0.693269230769231,0.170852721072179,0,0.216545840781014,0.88,1
0.15,0.155921052631579,"overconfident",3,0.25,0.1,1,1,"supported_stability",0.319711538461538,0.146042743614698,0,-0.239482548235397,0.88,1
0.01,0.00657894736842105,"calibrated",8,0.25,0.1,1,1,"binary",0.991354495268139,0.949559415989925,0.9875,0.956723063773472,0.8925,1
0.01,0.00657894736842105,"calibrated",8,0.25,0.1,1,1,"expected_sign",0.993592271293375,0.998326361371838,0.9875,0.958941251768406,0.8925,1
0.01,0.00657894736842105,"calibrated",8,0.25,0.1,1,1,"ensemble_mean",0.99108832807571,0.985979546437092,0.9625,0.658418407460937,0.8925,1
0.01,0.00657894736842105,"calibrated",8,0.25,0.1,1,1,"ensemble_stability",0.953884069400631,0.974697198927872,0.9,0.822419785059568,0.8925,1
0.01,0.00657894736842105,"calibrated",8,0.25,0.1,1,1,"supported_mean",0.990822160883281,0.942497719058843,0.9875,0.658438892464295,0.8925,1
0.01,0.00657894736842105,"calibrated",8,0.25,0.1,1,1,"supported_stability",0.953292586750789,0.974244833049153,0.8875,0.822019227094715,0.8925,1
0.05,0.0539473684210526,"calibrated",8,0.25,0.1,1,1,"binary",0.902711323763955,0.540876695964245,0.7,0.646995496558707,0.88375,1
0.05,0.0539473684210526,"calibrated",8,0.25,0.1,1,1,"expected_sign",0.910326953748006,0.589686584866554,0.7125,0.658452555896073,0.88375,1
0.05,0.0539473684210526,"calibrated",8,0.25,0.1,1,1,"ensemble_mean",0.886642743221691,0.393874401287018,0.4875,0.434861022105348,0.88375,1
0.05,0.0539473684210526,"calibrated",8,0.25,0.1,1,1,"ensemble_stability",0.527581738437002,0.179234697693707,0.2125,0.0337564623607363,0.88375,1
0.05,0.0539473684210526,"calibrated",8,0.25,0.1,1,1,"supported_mean",0.875707735247209,0.367630089889297,0.45,0.422601773742323,0.88375,1
0.05,0.0539473684210526,"calibrated",8,0.25,0.1,1,1,"supported_stability",0.55002990430622,0.218359056995285,0.2625,0.0611382075014678,0.88375,1
0.15,0.165789473684211,"calibrated",8,0.25,0.1,1,1,"binary",0.737568466353678,0.269053943259644,0,0.324542324043854,0.89875,1
0.15,0.165789473684211,"calibrated",8,0.25,0.1,1,1,"expected_sign",0.736384976525822,0.25443813544615,0.0875,0.322686854380634,0.89875,1
0.15,0.165789473684211,"calibrated",8,0.25,0.1,1,1,"ensemble_mean",0.633920187793427,0.135412307531601,0,0.148498067913077,0.89875,1
0.15,0.165789473684211,"calibrated",8,0.25,0.1,1,1,"ensemble_stability",0.301251956181534,0.132158921778715,0,-0.253567047400344,0.89875,1
0.15,0.165789473684211,"calibrated",8,0.25,0.1,1,1,"supported_mean",0.679186228482003,0.153735289522535,0,0.198691542810953,0.89875,1
0.15,0.165789473684211,"calibrated",8,0.25,0.1,1,1,"supported_stability",0.301251956181534,0.132158921778715,0,-0.253482998537617,0.89875,1
0.01,0.00657894736842105,"overconfident",8,0.25,0.1,1,1,"binary",0.992888621794872,0.998994252873563,0.9875,0.954844759065513,0.88,1
0.01,0.00657894736842105,"overconfident",8,0.25,0.1,1,1,"expected_sign",0.993639823717949,0.998679775025462,0.9875,0.954129193462484,0.88,1
0.01,0.00657894736842105,"overconfident",8,0.25,0.1,1,1,"ensemble_mean",0.992808493589744,0.992554237525271,0.975,0.744344894938748,0.88,1
0.01,0.00657894736842105,"overconfident",8,0.25,0.1,1,1,"ensemble_stability",0.948918269230769,0.985120485413729,0.9,0.873118050372034,0.88,1
0.01,0.00657894736842105,"overconfident",8,0.25,0.1,1,1,"supported_mean",0.992918669871795,0.993520471948742,0.975,0.744647308166125,0.88,1
0.01,0.00657894736842105,"overconfident",8,0.25,0.1,1,1,"supported_stability",0.948918269230769,0.985120485413729,0.9,0.873418566682506,0.88,1
0.05,0.0605263157894737,"overconfident",8,0.25,0.1,1,1,"binary",0.879276842948718,0.506192364712791,0.65,0.61143906781193,0.88,1
0.05,0.0605263157894737,"overconfident",8,0.25,0.1,1,1,"expected_sign",0.8828125,0.493717739718924,0.6125,0.616236897201882,0.88,1
0.05,0.0605263157894737,"overconfident",8,0.25,0.1,1,1,"ensemble_mean",0.859455128205128,0.404593042217685,0.5,0.426315730932479,0.88,1
0.05,0.0605263157894737,"overconfident",8,0.25,0.1,1,1,"ensemble_stability",0.625951522435897,0.377522041606118,0.4125,0.170861828945871,0.88,1
0.05,0.0605263157894737,"overconfident",8,0.25,0.1,1,1,"supported_mean",0.86464342948718,0.421094800060654,0.55,0.432469062746035,0.88,1
0.05,0.0605263157894737,"overconfident",8,0.25,0.1,1,1,"supported_stability",0.633293269230769,0.411777612783362,0.45,0.180570519552023,0.88,1
0.15,0.150657894736842,"overconfident",8,0.25,0.1,1,1,"binary",0.742251984126984,0.254613857300871,0,0.329757570295144,0.8875,1
0.15,0.150657894736842,"overconfident",8,0.25,0.1,1,1,"expected_sign",0.745853174603175,0.248672722705303,0,0.334362722443675,0.8875,1
0.15,0.150657894736842,"overconfident",8,0.25,0.1,1,1,"ensemble_mean",0.703045634920635,0.176859402635188,0,0.22787311731248,0.8875,1
0.15,0.150657894736842,"overconfident",8,0.25,0.1,1,1,"ensemble_stability",0.315079365079365,0.141928154383994,0,-0.24286984233259,0.8875,1
0.15,0.150657894736842,"overconfident",8,0.25,0.1,1,1,"supported_mean",0.68890873015873,0.167982362091645,0,0.212007826072448,0.8875,1
0.15,0.150657894736842,"overconfident",8,0.25,0.1,1,1,"supported_stability",0.315079365079365,0.141928154383994,0,-0.242656221192896,0.8875,1
0.01,0.00657894736842105,"calibrated",3,0.75,0.1,1,1,"binary",0.991354495268139,0.949559415989925,0.9875,0.956723063773472,0.8925,1
0.01,0.00657894736842105,"calibrated",3,0.75,0.1,1,1,"expected_sign",0.993217665615142,0.994702782924716,0.9875,0.958213475304112,0.8925,1
0.01,0.00657894736842105,"calibrated",3,0.75,0.1,1,1,"ensemble_mean",0.990822160883281,0.942497719058843,0.9875,0.658047086623497,0.8925,1
0.01,0.00657894736842105,"calibrated",3,0.75,0.1,1,1,"ensemble_stability",0.95363761829653,0.976698686860716,0.9,0.848067351791428,0.8925,1
0.01,0.00657894736842105,"calibrated",3,0.75,0.1,1,1,"supported_mean",0.990782728706625,0.942191054931636,0.975,0.657994219758396,0.8925,1
0.01,0.00657894736842105,"calibrated",3,0.75,0.1,1,1,"supported_stability",0.953233438485804,0.972921454121238,0.8875,0.84730044007008,0.8925,1
0.05,0.0539473684210526,"calibrated",3,0.75,0.1,1,1,"binary",0.89988038277512,0.540876695964245,0.7,0.642578816775481,0.88375,1
0.05,0.0539473684210526,"calibrated",3,0.75,0.1,1,1,"expected_sign",0.912818979266348,0.602623565712197,0.7375,0.662451514670099,0.88375,1
0.05,0.0539473684210526,"calibrated",3,0.75,0.1,1,1,"ensemble_mean",0.89469696969697,0.417610891560763,0.5125,0.443919716215725,0.88375,1
0.05,0.0539473684210526,"calibrated",3,0.75,0.1,1,1,"ensemble_stability",0.588895534290271,0.229993553961204,0.3,0.109199851330717,0.88375,1
0.05,0.0539473684210526,"calibrated",3,0.75,0.1,1,1,"supported_mean",0.895574162679426,0.448868036163229,0.6375,0.444906280324549,0.88375,1
0.05,0.0539473684210526,"calibrated",3,0.75,0.1,1,1,"supported_stability",0.611044657097289,0.294499967255011,0.3625,0.136184573021332,0.88375,1
0.15,0.165789473684211,"calibrated",3,0.75,0.1,1,1,"binary",0.749109937402191,0.28248886626659,0.075,0.340270439938105,0.89875,1
0.15,0.165789473684211,"calibrated",3,0.75,0.1,1,1,"expected_sign",0.761678403755869,0.291762371473913,0.3125,0.35721466824311,0.89875,1
0.15,0.165789473684211,"calibrated",3,0.75,0.1,1,1,"ensemble_mean",0.703853677621283,0.162265407409616,0,0.226096606938663,0.89875,1
0.15,0.165789473684211,"calibrated",3,0.75,0.1,1,1,"ensemble_stability",0.284820031298905,0.123652682763578,0,-0.268216958169101,0.89875,1
0.15,0.165789473684211,"calibrated",3,0.75,0.1,1,1,"supported_mean",0.688732394366197,0.157371005816135,0,0.209325406750237,0.89875,1
0.15,0.165789473684211,"calibrated",3,0.75,0.1,1,1,"supported_stability",0.284820031298905,0.123652682763578,0,-0.26808145880198,0.89875,1
0.01,0.00657894736842105,"overconfident",3,0.75,0.1,1,1,"binary",0.992097355769231,0.949425761886744,0.9875,0.953231497083208,0.88,1
0.01,0.00657894736842105,"overconfident",3,0.75,0.1,1,1,"expected_sign",0.992097355769231,0.949425761886744,0.9875,0.951147842223908,0.88,1
0.01,0.00657894736842105,"overconfident",3,0.75,0.1,1,1,"ensemble_mean",0.991386217948718,0.944260622937232,0.9875,0.742196657718405,0.88,1
0.01,0.00657894736842105,"overconfident",3,0.75,0.1,1,1,"ensemble_stability",0.942417868589744,0.982135908240257,0.8875,0.860432042033501,0.88,1
0.01,0.00657894736842105,"overconfident",3,0.75,0.1,1,1,"supported_mean",0.991386217948718,0.944260622937232,0.9875,0.742196669763322,0.88,1
0.01,0.00657894736842105,"overconfident",3,0.75,0.1,1,1,"supported_stability",0.942347756410256,0.981216392758411,0.8875,0.860286935343278,0.88,1
0.05,0.0605263157894737,"overconfident",3,0.75,0.1,1,1,"binary",0.877894631410256,0.493261455121936,0.625,0.60914329161658,0.88,1
0.05,0.0605263157894737,"overconfident",3,0.75,0.1,1,1,"expected_sign",0.882932692307692,0.494153639314612,0.6125,0.616430378174316,0.88,1
0.05,0.0605263157894737,"overconfident",3,0.75,0.1,1,1,"ensemble_mean",0.866586538461538,0.431300688709325,0.55,0.434773622161412,0.88,1
0.05,0.0605263157894737,"overconfident",3,0.75,0.1,1,1,"ensemble_stability",0.645773237179487,0.398813026639457,0.425,0.199317073472346,0.88,1
0.05,0.0605263157894737,"overconfident",3,0.75,0.1,1,1,"supported_mean",0.864913862179487,0.421589564578179,0.55,0.432786246361706,0.88,1
0.05,0.0605263157894737,"overconfident",3,0.75,0.1,1,1,"supported_stability",0.65059094551282,0.416662753500738,0.45,0.205649245628824,0.88,1
0.15,0.150657894736842,"overconfident",3,0.75,0.1,1,1,"binary",0.723501984126984,0.237266481126589,0,0.304255942080901,0.8875,1
0.15,0.150657894736842,"overconfident",3,0.75,0.1,1,1,"expected_sign",0.721488095238095,0.22584293217086,0,0.301225976163243,0.8875,1
0.15,0.150657894736842,"overconfident",3,0.75,0.1,1,1,"ensemble_mean",0.690327380952381,0.170135934210621,0,0.21359971707743,0.8875,1
0.15,0.150657894736842,"overconfident",3,0.75,0.1,1,1,"ensemble_stability",0.301587301587302,0.133914199320951,0,-0.255031522353883,0.8875,1
0.15,0.150657894736842,"overconfident",3,0.75,0.1,1,1,"supported_mean",0.683511904761905,0.165097975555325,0,0.205950871107393,0.8875,1
0.15,0.150657894736842,"overconfident",3,0.75,0.1,1,1,"supported_stability",0.301587301587302,0.133914199320951,0,-0.254706767547648,0.8875,1
0.01,0.00328947368421053,"calibrated",8,0.75,0.1,1,1,"binary",0.998435054773083,0.950277188025527,0.9875,0.975562809568823,0.89875,1
0.01,0.00328947368421053,"calibrated",8,0.75,0.1,1,1,"expected_sign",0.999863067292645,0.998905658055216,0.975,0.976190001169116,0.89875,1
0.01,0.00328947368421053,"calibrated",8,0.75,0.1,1,1,"ensemble_mean",0.996733176838811,0.911682806209038,0.9625,0.643300454747604,0.89875,1
0.01,0.00328947368421053,"calibrated",8,0.75,0.1,1,1,"ensemble_stability",0.952582159624413,0.966304346551528,0.9,0.781494478391056,0.89875,1
0.01,0.00328947368421053,"calibrated",8,0.75,0.1,1,1,"supported_mean",0.995129107981221,0.879993812220801,0.9625,0.641397888940575,0.89875,1
0.01,0.00328947368421053,"calibrated",8,0.75,0.1,1,1,"supported_stability",0.951907276995305,0.962025821598183,0.8875,0.780526814475975,0.89875,1
0.05,0.0572368421052632,"calibrated",8,0.75,0.1,1,1,"binary",0.90825928917609,0.489923315057253,0.6,0.639677683785009,0.87375,1
0.05,0.0572368421052632,"calibrated",8,0.75,0.1,1,1,"expected_sign",0.906966882067851,0.475417806989991,0.5625,0.636793571759135,0.87375,1
0.05,0.0572368421052632,"calibrated",8,0.75,0.1,1,1,"ensemble_mean",0.865569466882068,0.327061302393433,0.225,0.412829399593886,0.87375,1
0.05,0.0572368421052632,"calibrated",8,0.75,0.1,1,1,"ensemble_stability",0.399737479806139,0.140008963047486,0.0375,-0.126786627282844,0.87375,1
0.05,0.0572368421052632,"calibrated",8,0.75,0.1,1,1,"supported_mean",0.870224151857835,0.337918039289758,0.2875,0.41811118294769,0.87375,1
0.05,0.0572368421052632,"calibrated",8,0.75,0.1,1,1,"supported_stability",0.440912762520194,0.16391202212296,0.1875,-0.0746349478920453,0.87375,1
0.15,0.148684210526316,"calibrated",8,0.75,0.1,1,1,"binary",0.712932389937107,0.230199499384257,0,0.291519502472887,0.895,1
0.15,0.148684210526316,"calibrated",8,0.75,0.1,1,1,"expected_sign",0.735849056603774,0.239768359661716,0.025,0.322620358816711,0.895,1
0.15,0.148684210526316,"calibrated",8,0.75,0.1,1,1,"ensemble_mean",0.515801886792453,0.108194872460907,0,0.0175041743177093,0.895,1
0.15,0.148684210526316,"calibrated",8,0.75,0.1,1,1,"ensemble_stability",0.312893081761006,0.139472792310802,0,-0.24371576255988,0.895,1
0.15,0.148684210526316,"calibrated",8,0.75,0.1,1,1,"supported_mean",0.677967767295597,0.155083981776356,0,0.19713968298536,0.895,1
0.15,0.148684210526316,"calibrated",8,0.75,0.1,1,1,"supported_stability",0.312893081761006,0.139472792310802,0,-0.243630140583147,0.895,1
0.01,0.0125,"overconfident",8,0.75,0.1,1,1,"binary",0.974642857142857,0.994856302982111,0.95,0.923904176858436,0.8875,1
0.01,0.0125,"overconfident",8,0.75,0.1,1,1,"expected_sign",0.974642857142857,0.994856302982111,0.95,0.922120299490416,0.8875,1
0.01,0.0125,"overconfident",8,0.75,0.1,1,1,"ensemble_mean",0.971924603174603,0.974553103471175,0.95,0.72495676556945,0.8875,1
0.01,0.0125,"overconfident",8,0.75,0.1,1,1,"ensemble_stability",0.955208333333333,0.987185945366354,0.9125,0.880774027586673,0.8875,1
0.01,0.0125,"overconfident",8,0.75,0.1,1,1,"supported_mean",0.972063492063492,0.975736400729161,0.95,0.725170134571848,0.8875,1
0.01,0.0125,"overconfident",8,0.75,0.1,1,1,"supported_stability",0.955069444444444,0.985171224754072,0.9,0.88049578290579,0.8875,1
0.05,0.0539473684210526,"overconfident",8,0.75,0.1,1,1,"binary",0.909688995215311,0.635189875615617,0.825,0.662187582098409,0.88375,1
0.05,0.0539473684210526,"overconfident",8,0.75,0.1,1,1,"expected_sign",0.912260765550239,0.647499704588256,0.7625,0.665548386482036,0.88375,1
0.05,0.0539473684210526,"overconfident",8,0.75,0.1,1,1,"ensemble_mean",0.910895135566188,0.509932696994131,0.6375,0.493228598054247,0.88375,1
0.05,0.0539473684210526,"overconfident",8,0.75,0.1,1,1,"ensemble_stability",0.821341706539075,0.679306527741573,0.6125,0.463864214578626,0.88375,1
0.05,0.0539473684210526,"overconfident",8,0.75,0.1,1,1,"supported_mean",0.923026315789474,0.595655210072484,0.7625,0.507840180534102,0.88375,1
0.05,0.0539473684210526,"overconfident",8,0.75,0.1,1,1,"supported_stability",0.830831339712919,0.719799474611208,0.7,0.477256933472515,0.88375,1
0.15,0.165789473684211,"overconfident",8,0.75,0.1,1,1,"binary",0.759559394409938,0.268164542551822,0,0.350318555111712,0.905,1
0.15,0.165789473684211,"overconfident",8,0.75,0.1,1,1,"expected_sign",0.756735248447205,0.256988556078563,0,0.346261066650462,0.905,1
0.15,0.165789473684211,"overconfident",8,0.75,0.1,1,1,"ensemble_mean",0.760005822981366,0.207288337499797,0,0.288752607621823,0.905,1
0.15,0.165789473684211,"overconfident",8,0.75,0.1,1,1,"ensemble_stability",0.340062111801242,0.156848040291124,0,-0.218295792880726,0.905,1
0.15,0.165789473684211,"overconfident",8,0.75,0.1,1,1,"supported_mean",0.749291537267081,0.198329407921879,0,0.276853547395834,0.905,1
0.15,0.165789473684211,"overconfident",8,0.75,0.1,1,1,"supported_stability",0.340062111801242,0.156848040291124,0,-0.218188859773411,0.905,1
0.01,0.00657894736842105,"calibrated",3,0.25,0.6,1,1,"binary",0.987923114119923,0.91191801241469,0.975,0.94141268169129,0.74625,1
0.01,0.00657894736842105,"calibrated",3,0.25,0.6,1,1,"expected_sign",0.992178433268859,0.987745963060813,0.95,0.946468966910676,0.74625,1
0.01,0.00657894736842105,"calibrated",3,0.25,0.6,1,1,"ensemble_mean",0.986387814313346,0.896849860260328,0.9375,0.6743425719558,0.74625,1
0.01,0.00657894736842105,"calibrated",3,0.25,0.6,1,1,"ensemble_stability",0.850918762088975,0.896678099252017,0.725,0.653541125079192,0.74625,1
0.01,0.00657894736842105,"calibrated",3,0.25,0.6,1,1,"supported_mean",0.988213249516441,0.904725257052152,0.9625,0.677326096424284,0.74625,1
0.01,0.00657894736842105,"calibrated",3,0.25,0.6,1,1,"supported_stability",0.850725338491296,0.899350359402299,0.7125,0.653462389202944,0.74625,1
0.05,0.0539473684210526,"calibrated",3,0.25,0.6,1,1,"binary",0.899250483558994,0.588728434054073,0.7625,0.663931418747487,0.74625,1
0.05,0.0539473684210526,"calibrated",3,0.25,0.6,1,1,"expected_sign",0.90441247582205,0.589919507225995,0.7125,0.671030204539361,0.74625,1
0.05,0.0539473684210526,"calibrated",3,0.25,0.6,1,1,"ensemble_mean",0.877538684719536,0.411305832180781,0.5125,0.459387619410608,0.74625,1
0.05,0.0539473684210526,"calibrated",3,0.25,0.6,1,1,"ensemble_stability",0.482712765957447,0.204006285908303,0.2,-0.0235429611630668,0.74625,1
0.05,0.0539473684210526,"calibrated",3,0.25,0.6,1,1,"supported_mean",0.863986943907157,0.373561253378929,0.4375,0.442925987083284,0.74625,1
0.05,0.0539473684210526,"calibrated",3,0.25,0.6,1,1,"supported_stability",0.490957446808511,0.22213978884632,0.225,-0.0123039550255747,0.74625,1
0.15,0.165789473684211,"calibrated",3,0.25,0.6,1,1,"binary",0.664710076045627,0.234751684939331,0,0.233546686575953,0.7575,1
0.15,0.165789473684211,"calibrated",3,0.25,0.6,1,1,"expected_sign",0.685444391634981,0.237694766946096,0,0.262595082952073,0.7575,1
0.15,0.165789473684211,"calibrated",3,0.25,0.6,1,1,"ensemble_mean",0.575665399239544,0.142178721054964,0,0.0905222696358102,0.7575,1
0.15,0.165789473684211,"calibrated",3,0.25,0.6,1,1,"ensemble_stability",0.336501901140684,0.180821479142556,0,-0.241066355051049,0.7575,1
0.15,0.165789473684211,"calibrated",3,0.25,0.6,1,1,"supported_mean",0.617371673003802,0.154381928018522,0,0.140417553307559,0.7575,1
0.15,0.165789473684211,"calibrated",3,0.25,0.6,1,1,"supported_stability",0.336501901140684,0.180821479142556,0,-0.241034388965712,0.7575,1
0.01,0.00657894736842105,"overconfident",3,0.25,0.6,1,1,"binary",0.992656560636183,0.99873595505618,0.9875,0.94596890836646,0.72875,1
0.01,0.00657894736842105,"overconfident",3,0.25,0.6,1,1,"expected_sign",0.993638170974155,0.99873595505618,0.9875,0.944692195281017,0.72875,1
0.01,0.00657894736842105,"overconfident",3,0.25,0.6,1,1,"ensemble_mean",0.990805168986084,0.944076457789199,0.975,0.755495486537232,0.72875,1
0.01,0.00657894736842105,"overconfident",3,0.25,0.6,1,1,"ensemble_stability",0.864811133200795,0.953230882228718,0.8125,0.752593312062455,0.72875,1
0.01,0.00657894736842105,"overconfident",3,0.25,0.6,1,1,"supported_mean",0.991600397614314,0.992354719553959,0.975,0.756934645711001,0.72875,1
0.01,0.00657894736842105,"overconfident",3,0.25,0.6,1,1,"supported_stability",0.864811133200795,0.953230882228718,0.8125,0.752726597759432,0.72875,1
0.05,0.0605263157894737,"overconfident",3,0.25,0.6,1,1,"binary",0.887427884615385,0.584989222296493,0.775,0.621683949660111,0.75,1
0.05,0.0605263157894737,"overconfident",3,0.25,0.6,1,1,"expected_sign",0.884399038461538,0.546189785583577,0.6625,0.615704477233826,0.75,1
0.05,0.0605263157894737,"overconfident",3,0.25,0.6,1,1,"ensemble_mean",0.834435096153846,0.376814492500913,0.4875,0.421707694534793,0.75,1
0.05,0.0605263157894737,"overconfident",3,0.25,0.6,1,1,"ensemble_stability",0.599278846153846,0.281889053668432,0.3,0.140855757865479,0.75,1
0.05,0.0605263157894737,"overconfident",3,0.25,0.6,1,1,"supported_mean",0.846574519230769,0.409858500161519,0.5375,0.437126515107445,0.75,1
0.05,0.0605263157894737,"overconfident",3,0.25,0.6,1,1,"supported_stability",0.639711538461538,0.396092131917298,0.4625,0.198036848936448,0.75,1
0.15,0.150657894736842,"overconfident",3,0.25,0.6,1,1,"binary",0.736257239382239,0.289591160360923,0.0125,0.340199772685083,0.7475,1
0.15,0.150657894736842,"overconfident",3,0.25,0.6,1,1,"expected_sign",0.740504343629344,0.277805021271415,0.0375,0.345720225104058,0.7475,1
0.15,0.150657894736842,"overconfident",3,0.25,0.6,1,1,"ensemble_mean",0.716590250965251,0.213613350091209,0,0.262899841736398,0.7475,1
0.15,0.150657894736842,"overconfident",3,0.25,0.6,1,1,"ensemble_stability",0.341698841698842,0.187577013321535,0,-0.237604737249289,0.7475,1
0.15,0.150657894736842,"overconfident",3,0.25,0.6,1,1,"supported_mean",0.714152992277992,0.211077008394507,0,0.259941456348411,0.7475,1
0.15,0.150657894736842,"overconfident",3,0.25,0.6,1,1,"supported_stability",0.341698841698842,0.187577013321535,0,-0.237512176583268,0.7475,1
0.01,0.00328947368421053,"calibrated",8,0.25,0.6,1,1,"binary",1,1,1,0.979136529884688,0.7575,1
0.01,0.00328947368421053,"calibrated",8,0.25,0.6,1,1,"expected_sign",0.999643536121673,0.99761446984718,0.975,0.975314994085884,0.7575,1
0.01,0.00328947368421053,"calibrated",8,0.25,0.6,1,1,"ensemble_mean",0.996708650190114,0.945184717444381,0.9625,0.663906822821045,0.7575,1
0.01,0.00328947368421053,"calibrated",8,0.25,0.6,1,1,"ensemble_stability",0.863474334600761,0.897830450537986,0.75,0.641595853898754,0.7575,1
0.01,0.00328947368421053,"calibrated",8,0.25,0.6,1,1,"supported_mean",0.993144011406844,0.879993812220801,0.9625,0.659752885681661,0.7575,1
0.01,0.00328947368421053,"calibrated",8,0.25,0.6,1,1,"supported_stability",0.861430608365019,0.897126393434582,0.75,0.638454352803304,0.7575,1
0.05,0.0572368421052632,"calibrated",8,0.25,0.6,1,1,"binary",0.887080039525692,0.490195972080752,0.6,0.614242099235807,0.7325,1
0.05,0.0572368421052632,"calibrated",8,0.25,0.6,1,1,"expected_sign",0.906373517786561,0.52512331642294,0.625,0.642986607151999,0.7325,1
0.05,0.0572368421052632,"calibrated",8,0.25,0.6,1,1,"ensemble_mean",0.849901185770751,0.339756363908511,0.3125,0.425368581289596,0.7325,1
0.05,0.0572368421052632,"calibrated",8,0.25,0.6,1,1,"ensemble_stability",0.345911561264822,0.157677150438729,0.05,-0.211755997688202,0.7325,1
0.05,0.0572368421052632,"calibrated",8,0.25,0.6,1,1,"supported_mean",0.830373023715415,0.325895463163634,0.2375,0.401967732477814,0.7325,1
0.05,0.0572368421052632,"calibrated",8,0.25,0.6,1,1,"supported_stability",0.349604743083004,0.157719135121546,0.025,-0.206518138386015,0.7325,1
0.15,0.148684210526316,"calibrated",8,0.25,0.6,1,1,"binary",0.702675097276265,0.2628088259056,0,0.290069746152626,0.7425,1
0.15,0.148684210526316,"calibrated",8,0.25,0.6,1,1,"expected_sign",0.718944552529183,0.258690783271372,0.0625,0.312751275324957,0.7425,1
0.15,0.148684210526316,"calibrated",8,0.25,0.6,1,1,"ensemble_mean",0.540588521400778,0.135948368027543,0,0.0489279276621059,0.7425,1
0.15,0.148684210526316,"calibrated",8,0.25,0.6,1,1,"ensemble_stability",0.333657587548638,0.181638962237242,0,-0.246148896140017,0.7425,1
0.15,0.148684210526316,"calibrated",8,0.25,0.6,1,1,"supported_mean",0.636648832684825,0.165010297628582,0,0.164725514823257,0.7425,1
0.15,0.148684210526316,"calibrated",8,0.25,0.6,1,1,"supported_stability",0.333657587548638,0.181638962237242,0,-0.246109614813619,0.7425,1
0.01,0.0125,"overconfident",8,0.25,0.6,1,1,"binary",0.969835907335907,0.907361127366511,0.95,0.901683003609636,0.7475,1
0.01,0.0125,"overconfident",8,0.25,0.6,1,1,"expected_sign",0.969570463320463,0.895903103153327,0.95,0.898636933995613,0.7475,1
0.01,0.0125,"overconfident",8,0.25,0.6,1,1,"ensemble_mean",0.966614382239382,0.888110503718746,0.95,0.718604511707416,0.7475,1
0.01,0.0125,"overconfident",8,0.25,0.6,1,1,"ensemble_stability",0.864551158301158,0.949668265053721,0.8,0.747838076351817,0.7475,1
0.01,0.0125,"overconfident",8,0.25,0.6,1,1,"supported_mean",0.966698841698842,0.88923185125993,0.95,0.71906016986796,0.7475,1
0.01,0.0125,"overconfident",8,0.25,0.6,1,1,"supported_stability",0.864551158301158,0.949708179139204,0.8,0.748097788285503,0.7475,1
0.05,0.0539473684210526,"overconfident",8,0.25,0.6,1,1,"binary",0.884569943289225,0.534121298018966,0.6875,0.63693241632901,0.76125,1
0.05,0.0539473684210526,"overconfident",8,0.25,0.6,1,1,"expected_sign",0.895770321361059,0.567705138985401,0.7,0.65420744524614,0.76125,1
0.05,0.0539473684210526,"overconfident",8,0.25,0.6,1,1,"ensemble_mean",0.887240075614367,0.453320855258231,0.55,0.492610306832693,0.76125,1
0.05,0.0539473684210526,"overconfident",8,0.25,0.6,1,1,"ensemble_stability",0.597530718336484,0.40817181843828,0.375,0.141669786235223,0.76125,1
0.05,0.0539473684210526,"overconfident",8,0.25,0.6,1,1,"supported_mean",0.899881852551985,0.509864290193302,0.7,0.508936742329023,0.76125,1
0.05,0.0539473684210526,"overconfident",8,0.25,0.6,1,1,"supported_stability",0.60257561436673,0.42274025813516,0.4,0.148839073705157,0.76125,1
0.15,0.165789473684211,"overconfident",8,0.25,0.6,1,1,"binary",0.678088090551181,0.235569721922938,0,0.250532056574358,0.735,1
0.15,0.165789473684211,"overconfident",8,0.25,0.6,1,1,"expected_sign",0.677928149606299,0.226772564291017,0,0.249927012742335,0.735,1
0.15,0.165789473684211,"overconfident",8,0.25,0.6,1,1,"ensemble_mean",0.665415846456693,0.182629721154165,0,0.200693165105959,0.735,1
0.15,0.165789473684211,"overconfident",8,0.25,0.6,1,1,"ensemble_stability",0.348425196850394,0.196773530337039,0,-0.232865846808142,0.735,1
0.15,0.165789473684211,"overconfident",8,0.25,0.6,1,1,"supported_mean",0.678186515748031,0.187005974617981,0,0.216188292967854,0.735,1
0.15,0.165789473684211,"overconfident",8,0.25,0.6,1,1,"supported_stability",0.348425196850394,0.196773530337039,0,-0.232814843290333,0.735,1
0.01,0.00328947368421053,"calibrated",3,0.75,0.6,1,1,"binary",0.997148288973384,0.950277188025527,0.9875,0.973670711120536,0.7575,1
0.01,0.00328947368421053,"calibrated",3,0.75,0.6,1,1,"expected_sign",0.997908745247148,0.949018695636438,0.975,0.971928644760401,0.7575,1
0.01,0.00328947368421053,"calibrated",3,0.75,0.6,1,1,"ensemble_mean",0.996851235741445,0.946104480057481,0.975,0.664097381140161,0.7575,1
0.01,0.00328947368421053,"calibrated",3,0.75,0.6,1,1,"ensemble_stability",0.869759980988593,0.900109885271122,0.7625,0.655198767090031,0.7575,1
0.01,0.00328947368421053,"calibrated",3,0.75,0.6,1,1,"supported_mean",0.996126425855513,0.912303430761313,0.9625,0.663109393544998,0.7575,1
0.01,0.00328947368421053,"calibrated",3,0.75,0.6,1,1,"supported_stability",0.869700570342205,0.898822848838669,0.7625,0.654990575194463,0.7575,1
0.05,0.0572368421052632,"calibrated",3,0.75,0.6,1,1,"binary",0.881595849802371,0.455615294777568,0.525,0.605199373494591,0.7325,1
0.05,0.0572368421052632,"calibrated",3,0.75,0.6,1,1,"expected_sign",0.891650197628459,0.465484366381311,0.5125,0.619690557433908,0.7325,1
0.05,0.0572368421052632,"calibrated",3,0.75,0.6,1,1,"ensemble_mean",0.846417984189723,0.334872227420999,0.275,0.421134109186462,0.7325,1
0.05,0.0572368421052632,"calibrated",3,0.75,0.6,1,1,"ensemble_stability",0.335004940711462,0.159997394987616,0,-0.229257721495975,0.7325,1
0.05,0.0572368421052632,"calibrated",3,0.75,0.6,1,1,"supported_mean",0.835424901185771,0.326070949535668,0.2625,0.407773140847953,0.7325,1
0.05,0.0572368421052632,"calibrated",3,0.75,0.6,1,1,"supported_stability",0.344528162055336,0.160893718710829,0.0375,-0.215874500874439,0.7325,1
0.15,0.148684210526316,"calibrated",3,0.75,0.6,1,1,"binary",0.729815175097276,0.291645443319416,0.05,0.328914765126052,0.7425,1
0.15,0.148684210526316,"calibrated",3,0.75,0.6,1,1,"expected_sign",0.729766536964981,0.269349503452491,0.15,0.328209935495968,0.7425,1
0.15,0.148684210526316,"calibrated",3,0.75,0.6,1,1,"ensemble_mean",0.545671206225681,0.137171298185357,0,0.0550549120128429,0.7425,1
0.15,0.148684210526316,"calibrated",3,0.75,0.6,1,1,"ensemble_stability",0.324902723735409,0.174539308286473,0,-0.254664269038558,0.7425,1
0.15,0.148684210526316,"calibrated",3,0.75,0.6,1,1,"supported_mean",0.648820525291829,0.170097004183588,0,0.179397643550702,0.7425,1
0.15,0.148684210526316,"calibrated",3,0.75,0.6,1,1,"supported_stability",0.324902723735409,0.174539308286473,0,-0.25460538074871,0.7425,1
0.01,0.0125,"overconfident",3,0.75,0.6,1,1,"binary",0.969835907335907,0.907361127366511,0.95,0.901683305139996,0.7475,1
0.01,0.0125,"overconfident",3,0.75,0.6,1,1,"expected_sign",0.969570463320463,0.895903103153327,0.95,0.898636933995613,0.7475,1
0.01,0.0125,"overconfident",3,0.75,0.6,1,1,"ensemble_mean",0.966614382239382,0.888110503718746,0.95,0.718604494513586,0.7475,1
0.01,0.0125,"overconfident",3,0.75,0.6,1,1,"ensemble_stability",0.862741312741313,0.938772708368603,0.75,0.727591166283707,0.7475,1
0.01,0.0125,"overconfident",3,0.75,0.6,1,1,"supported_mean",0.964780405405405,0.857160972016554,0.95,0.715780098082844,0.7475,1
0.01,0.0125,"overconfident",3,0.75,0.6,1,1,"supported_stability",0.8625,0.936554046842384,0.75,0.727092175989939,0.7475,1
0.05,0.0539473684210526,"overconfident",3,0.75,0.6,1,1,"binary",0.896148393194707,0.594591664589632,0.775,0.656106589218343,0.76125,1
0.05,0.0539473684210526,"overconfident",3,0.75,0.6,1,1,"expected_sign",0.898724007561437,0.583689689819846,0.725,0.659089881848669,0.76125,1
0.05,0.0539473684210526,"overconfident",3,0.75,0.6,1,1,"ensemble_mean",0.88319943289225,0.437085817446438,0.55,0.487470143941052,0.76125,1
0.05,0.0539473684210526,"overconfident",3,0.75,0.6,1,1,"ensemble_stability",0.649822778827977,0.453425523947894,0.425,0.219742622361697,0.76125,1
0.05,0.0539473684210526,"overconfident",3,0.75,0.6,1,1,"supported_mean",0.907348771266541,0.536576268664163,0.6875,0.518181932883696,0.76125,1
0.05,0.0539473684210526,"overconfident",3,0.75,0.6,1,1,"supported_stability",0.663433364839319,0.487885569983098,0.4875,0.239424533051979,0.76125,1
0.15,0.165789473684211,"overconfident",3,0.75,0.6,1,1,"binary",0.669562007874016,0.235569721922938,0,0.238718633532206,0.735,1
0.15,0.165789473684211,"overconfident",3,0.75,0.6,1,1,"expected_sign",0.677928149606299,0.226772564291017,0,0.249927012742335,0.735,1
0.15,0.165789473684211,"overconfident",3,0.75,0.6,1,1,"ensemble_mean",0.672034940944882,0.185798590447965,0,0.208723873890651,0.735,1
0.15,0.165789473684211,"overconfident",3,0.75,0.6,1,1,"ensemble_stability",0.343503937007874,0.192064190862768,0,-0.23775632440636,0.735,1
0.15,0.165789473684211,"overconfident",3,0.75,0.6,1,1,"supported_mean",0.689099409448819,0.193359002245859,0,0.229427590009564,0.735,1
0.15,0.165789473684211,"overconfident",3,0.75,0.6,1,1,"supported_stability",0.343503937007874,0.192064190862768,0,-0.23765754074112,0.735,1
0.01,0.0125,"calibrated",8,0.75,0.6,1,1,"binary",0.983341439688716,0.946619393951591,0.975,0.906540081471666,0.7425,1
0.01,0.0125,"calibrated",8,0.75,0.6,1,1,"expected_sign",0.985238326848249,0.981900034233223,0.95,0.907314845881052,0.7425,1
0.01,0.0125,"calibrated",8,0.75,0.6,1,1,"ensemble_mean",0.994601167315175,0.933020888820342,0.95,0.670288528026154,0.7425,1
0.01,0.0125,"calibrated",8,0.75,0.6,1,1,"ensemble_stability",0.852687256809339,0.877147942294538,0.7375,0.618166443853505,0.7425,1
0.01,0.0125,"calibrated",8,0.75,0.6,1,1,"supported_mean",0.988497081712062,0.865411558265392,0.9125,0.662233499999959,0.7425,1
0.01,0.0125,"calibrated",8,0.75,0.6,1,1,"supported_stability",0.851750972762646,0.866274172547102,0.7,0.616488481140391,0.7425,1
0.05,0.0447368421052632,"calibrated",8,0.75,0.6,1,1,"binary",0.930602207293666,0.63272160325622,0.8,0.713907629336577,0.75125,1
0.05,0.0447368421052632,"calibrated",8,0.75,0.6,1,1,"expected_sign",0.935868522072937,0.643001474215708,0.7375,0.720823623445423,0.75125,1
0.05,0.0447368421052632,"calibrated",8,0.75,0.6,1,1,"ensemble_mean",0.910772552783109,0.447363040119177,0.5125,0.496764439320044,0.75125,1
0.05,0.0447368421052632,"calibrated",8,0.75,0.6,1,1,"ensemble_stability",0.539755278310941,0.228560525881802,0.25,0.0528024916006083,0.75125,1
0.05,0.0447368421052632,"calibrated",8,0.75,0.6,1,1,"supported_mean",0.900191938579655,0.425746847756348,0.5375,0.483974546410422,0.75125,1
0.05,0.0447368421052632,"calibrated",8,0.75,0.6,1,1,"supported_stability",0.563543666026871,0.284511921843555,0.35,0.0842958231494166,0.75125,1
0.15,0.155921052631579,"calibrated",8,0.75,0.6,1,1,"binary",0.678772189349112,0.239043460015593,0,0.249291599079998,0.73375,1
0.15,0.155921052631579,"calibrated",8,0.75,0.6,1,1,"expected_sign",0.695266272189349,0.236992267155856,0.0375,0.271864294659233,0.73375,1
0.15,0.155921052631579,"calibrated",8,0.75,0.6,1,1,"ensemble_mean",0.546523668639053,0.138958054201737,0,0.0562403143681436,0.73375,1
0.15,0.155921052631579,"calibrated",8,0.75,0.6,1,1,"ensemble_stability",0.334319526627219,0.184136763796548,0,-0.246887763540801,0.73375,1
0.15,0.155921052631579,"calibrated",8,0.75,0.6,1,1,"supported_mean",0.613399901380671,0.157628021770822,0,0.13708391613771,0.73375,1
0.15,0.155921052631579,"calibrated",8,0.75,0.6,1,1,"supported_stability",0.334319526627219,0.184136763796548,0,-0.246852823127695,0.73375,1
0.01,0.0144736842105263,"overconfident",8,0.75,0.6,1,1,"binary",0.980388779527559,0.909174421535134,0.975,0.897182540365748,0.735,1
0.01,0.0144736842105263,"overconfident",8,0.75,0.6,1,1,"expected_sign",0.980831692913386,0.874601850428814,0.9375,0.895121586956047,0.735,1
0.01,0.0144736842105263,"overconfident",8,0.75,0.6,1,1,"ensemble_mean",0.978531003937008,0.89607154203732,0.9375,0.737764716306092,0.735,1
0.01,0.0144736842105263,"overconfident",8,0.75,0.6,1,1,"ensemble_stability",0.850799704724409,0.949279756903564,0.85,0.746087651669457,0.735,1
0.01,0.0144736842105263,"overconfident",8,0.75,0.6,1,1,"supported_mean",0.976906988188976,0.841177304580642,0.9375,0.735260925521868,0.735,1
0.01,0.0144736842105263,"overconfident",8,0.75,0.6,1,1,"supported_stability",0.850615157480315,0.947078585058794,0.85,0.745690247957829,0.735,1
0.05,0.0401315789473684,"overconfident",8,0.75,0.6,1,1,"binary",0.956286196911197,0.737381479023252,0.8875,0.759145081767449,0.7475,1
0.05,0.0401315789473684,"overconfident",8,0.75,0.6,1,1,"expected_sign",0.96590250965251,0.786117039969336,0.875,0.773014283150174,0.7475,1
0.05,0.0401315789473684,"overconfident",8,0.75,0.6,1,1,"ensemble_mean",0.959061293436293,0.650588388980179,0.7375,0.586986198441346,0.7475,1
0.05,0.0401315789473684,"overconfident",8,0.75,0.6,1,1,"ensemble_stability",0.769486003861004,0.66566223580407,0.5875,0.426116666340728,0.7475,1
0.05,0.0401315789473684,"overconfident",8,0.75,0.6,1,1,"supported_mean",0.972514478764479,0.736310371519864,0.85,0.604296369677407,0.7475,1
0.05,0.0401315789473684,"overconfident",8,0.75,0.6,1,1,"supported_stability",0.776616795366795,0.700006695708525,0.625,0.437254208489843,0.7475,1
0.15,0.138157894736842,"overconfident",8,0.75,0.6,1,1,"binary",0.685444874274661,0.255309525224128,0,0.268051278514914,0.74625,1
0.15,0.138157894736842,"overconfident",8,0.75,0.6,1,1,"expected_sign",0.696324951644101,0.24830426494959,0,0.28326558565345,0.74625,1
0.15,0.138157894736842,"overconfident",8,0.75,0.6,1,1,"ensemble_mean",0.706237911025145,0.202263480640656,0,0.250746450540873,0.74625,1
0.15,0.138157894736842,"overconfident",8,0.75,0.6,1,1,"ensemble_stability",0.336557059961315,0.183296499266651,0,-0.242779113806227,0.74625,1
0.15,0.138157894736842,"overconfident",8,0.75,0.6,1,1,"supported_mean",0.690776112185687,0.190797085787567,0,0.231948836314648,0.74625,1
0.15,0.138157894736842,"overconfident",8,0.75,0.6,1,1,"supported_stability",0.336557059961315,0.183296499266651,0,-0.242705229451297,0.74625,1
0.01,0.00789473684210526,"calibrated",3,0.25,0.1,0.5,2,"binary",0.985808121019108,0.828198655035412,0.9375,0.936270414609585,0.885,1
0.01,0.00789473684210526,"calibrated",3,0.25,0.1,0.5,2,"expected_sign",0.984116242038217,0.805676805867152,0.9125,0.931015006404645,0.885,1
0.01,0.00789473684210526,"calibrated",3,0.25,0.1,0.5,2,"ensemble_mean",0.984235668789809,0.82006587412209,0.925,0.639406133925969,0.885,1
0.01,0.00789473684210526,"calibrated",3,0.25,0.1,0.5,2,"ensemble_stability",0.875965366242038,0.845580226681354,0.775,0.547491359027557,0.885,1
0.01,0.00789473684210526,"calibrated",3,0.25,0.1,0.5,2,"supported_mean",0.979319267515924,0.756644701995325,0.9,0.633046505801289,0.885,1
0.01,0.00789473684210526,"calibrated",3,0.25,0.1,0.5,2,"supported_stability",0.876333598726115,0.846832588856232,0.7625,0.54752471409146,0.885,1
0.05,0.0546052631578947,"calibrated",3,0.25,0.1,0.5,2,"binary",0.890840517241379,0.433274185450463,0.4625,0.635266888575142,0.8975,1
0.05,0.0546052631578947,"calibrated",3,0.25,0.1,0.5,2,"expected_sign",0.88216105015674,0.404723924753795,0.4125,0.620430696956162,0.8975,1
0.05,0.0546052631578947,"calibrated",3,0.25,0.1,0.5,2,"ensemble_mean",0.807435344827586,0.240093886559314,0,0.345977699402133,0.8975,1
0.05,0.0546052631578947,"calibrated",3,0.25,0.1,0.5,2,"ensemble_stability",0.276763322884013,0.114309706402166,0,-0.270860309412468,0.8975,1
0.05,0.0546052631578947,"calibrated",3,0.25,0.1,0.5,2,"supported_mean",0.839557210031348,0.273589667738896,0.025,0.382140989436822,0.8975,1
0.05,0.0546052631578947,"calibrated",3,0.25,0.1,0.5,2,"supported_stability",0.278967476489028,0.114330191687327,0,-0.267748303070668,0.8975,1
0.15,0.148026315789474,"calibrated",3,0.25,0.1,0.5,2,"binary",0.699435483870968,0.218817988714045,0,0.275917981711026,0.875,1
0.15,0.148026315789474,"calibrated",3,0.25,0.1,0.5,2,"expected_sign",0.717127016129032,0.227133569760803,0,0.300169317525236,0.875,1
0.15,0.148026315789474,"calibrated",3,0.25,0.1,0.5,2,"ensemble_mean",0.370403225806452,0.0896301627218064,0,-0.144858968000906,0.875,1
0.15,0.148026315789474,"calibrated",3,0.25,0.1,0.5,2,"ensemble_stability",0.301612903225806,0.135716944382739,0,-0.25649093222934,0.875,1
0.15,0.148026315789474,"calibrated",3,0.25,0.1,0.5,2,"supported_mean",0.607913306451613,0.13210502214172,0,0.120621911504486,0.875,1
0.15,0.148026315789474,"calibrated",3,0.25,0.1,0.5,2,"supported_stability",0.301612903225806,0.135716944382739,0,-0.256405015356335,0.875,1
0.01,0.0111842105263158,"overconfident",3,0.25,0.1,0.5,2,"binary",0.97691921221865,0.746900447361457,0.8875,0.884937294173509,0.8775,1
0.01,0.0111842105263158,"overconfident",3,0.25,0.1,0.5,2,"expected_sign",0.978798231511254,0.743484445265507,0.875,0.886419053102232,0.8775,1
0.01,0.0111842105263158,"overconfident",3,0.25,0.1,0.5,2,"ensemble_mean",0.976909163987138,0.724755599815699,0.8625,0.727445018012535,0.8775,1
0.01,0.0111842105263158,"overconfident",3,0.25,0.1,0.5,2,"ensemble_stability",0.87227692926045,0.879357241446874,0.775,0.634021964097933,0.8775,1
0.01,0.0111842105263158,"overconfident",3,0.25,0.1,0.5,2,"supported_mean",0.978476688102894,0.741462939093981,0.8875,0.730019967137176,0.8775,1
0.01,0.0111842105263158,"overconfident",3,0.25,0.1,0.5,2,"supported_stability",0.872146302250804,0.883681161650078,0.775,0.633767380901314,0.8775,1
0.05,0.0598684210526316,"overconfident",3,0.25,0.1,0.5,2,"binary",0.856299920127796,0.377988303200322,0.3,0.567456201849084,0.8825,1
0.05,0.0598684210526316,"overconfident",3,0.25,0.1,0.5,2,"expected_sign",0.861741214057508,0.385036477964449,0.35,0.575424170420987,0.8825,1
0.05,0.0598684210526316,"overconfident",3,0.25,0.1,0.5,2,"ensemble_mean",0.853105031948882,0.313507831253731,0.225,0.418555450226954,0.8825,1
0.05,0.0598684210526316,"overconfident",3,0.25,0.1,0.5,2,"ensemble_stability",0.385672923322684,0.146112209466328,0.1,-0.147244871335213,0.8825,1
0.05,0.0598684210526316,"overconfident",3,0.25,0.1,0.5,2,"supported_mean",0.842921325878594,0.28862586043319,0.025,0.406537127670658,0.8825,1
0.05,0.0598684210526316,"overconfident",3,0.25,0.1,0.5,2,"supported_stability",0.382857428115016,0.143125990789245,0.05,-0.15051248723066,0.8825,1
0.15,0.147368421052632,"overconfident",3,0.25,0.1,0.5,2,"binary",0.707862261146497,0.236846409082641,0,0.286912456999524,0.885,1
0.15,0.147368421052632,"overconfident",3,0.25,0.1,0.5,2,"expected_sign",0.704578025477707,0.221898664209265,0,0.282042360683945,0.885,1
0.15,0.147368421052632,"overconfident",3,0.25,0.1,0.5,2,"ensemble_mean",0.413614649681529,0.0936131046147575,0,-0.0965661386199982,0.885,1
0.15,0.147368421052632,"overconfident",3,0.25,0.1,0.5,2,"ensemble_stability",0.310509554140127,0.139472792310802,0,-0.247313872135729,0.885,1
0.15,0.147368421052632,"overconfident",3,0.25,0.1,0.5,2,"supported_mean",0.60078622611465,0.12742035650678,0,0.112664732816061,0.885,1
0.15,0.147368421052632,"overconfident",3,0.25,0.1,0.5,2,"supported_stability",0.310509554140127,0.139472792310802,0,-0.247072483958595,0.885,1
0.01,0.00526315789473684,"calibrated",8,0.25,0.1,0.5,2,"binary",0.991129032258064,0.828599724554128,0.9375,0.951542709033432,0.875,1
0.01,0.00526315789473684,"calibrated",8,0.25,0.1,0.5,2,"expected_sign",0.992358870967742,0.840887918965932,0.9375,0.951650234840836,0.875,1
0.01,0.00526315789473684,"calibrated",8,0.25,0.1,0.5,2,"ensemble_mean",0.991471774193548,0.825001297063417,0.925,0.653509779421686,0.875,1
0.01,0.00526315789473684,"calibrated",8,0.25,0.1,0.5,2,"ensemble_stability",0.862389112903226,0.833152286511173,0.7625,0.527968907937505,0.875,1
0.01,0.00526315789473684,"calibrated",8,0.25,0.1,0.5,2,"supported_mean",0.983629032258065,0.746287702263418,0.8875,0.6435543161452,0.875,1
0.01,0.00526315789473684,"calibrated",8,0.25,0.1,0.5,2,"supported_stability",0.859485887096774,0.854237111856079,0.7625,0.523735274326272,0.875,1
0.05,0.0578947368421053,"calibrated",8,0.25,0.1,0.5,2,"binary",0.869365079365079,0.405241859530042,0.3875,0.593542084863919,0.8875,1
0.05,0.0578947368421053,"calibrated",8,0.25,0.1,0.5,2,"expected_sign",0.86827380952381,0.385860455274011,0.35,0.59087770768235,0.8875,1
0.05,0.0578947368421053,"calibrated",8,0.25,0.1,0.5,2,"ensemble_mean",0.809821428571429,0.247321946378679,0,0.349671552580221,0.8875,1
0.05,0.0578947368421053,"calibrated",8,0.25,0.1,0.5,2,"ensemble_stability",0.292599206349206,0.124846137288997,0,-0.259430891932338,0.8875,1
0.05,0.0578947368421053,"calibrated",8,0.25,0.1,0.5,2,"supported_mean",0.82343253968254,0.260044060058162,0,0.365055290010762,0.8875,1
0.05,0.0578947368421053,"calibrated",8,0.25,0.1,0.5,2,"supported_stability",0.295059523809524,0.124876385585655,0,-0.256081015372134,0.8875,1
0.15,0.150657894736842,"calibrated",8,0.25,0.1,0.5,2,"binary",0.662011562998405,0.222096460842519,0,0.225848668844095,0.88375,1
0.15,0.150657894736842,"calibrated",8,0.25,0.1,0.5,2,"expected_sign",0.655970893141946,0.214562547160035,0,0.217333577165256,0.88375,1
0.15,0.150657894736842,"calibrated",8,0.25,0.1,0.5,2,"ensemble_mean",0.438516746411483,0.097877188339516,0,-0.0686778169831281,0.88375,1
0.15,0.150657894736842,"calibrated",8,0.25,0.1,0.5,2,"ensemble_stability",0.307017543859649,0.137569118246,0,-0.250445467896351,0.88375,1
0.15,0.150657894736842,"calibrated",8,0.25,0.1,0.5,2,"supported_mean",0.60414673046252,0.127371269981937,0,0.116333696836416,0.88375,1
0.15,0.150657894736842,"calibrated",8,0.25,0.1,0.5,2,"supported_stability",0.307017543859649,0.137569118246,0,-0.250361770358484,0.88375,1
0.01,0.0105263157894737,"overconfident",8,0.25,0.1,0.5,2,"binary",0.973268312101911,0.764535533365529,0.9,0.894457238477844,0.885,1
0.01,0.0105263157894737,"overconfident",8,0.25,0.1,0.5,2,"expected_sign",0.973507165605096,0.754470903309383,0.875,0.892997891168415,0.885,1
0.01,0.0105263157894737,"overconfident",8,0.25,0.1,0.5,2,"ensemble_mean",0.971317675159236,0.749981307923206,0.8625,0.703090626441921,0.885,1
0.01,0.0105263157894737,"overconfident",8,0.25,0.1,0.5,2,"ensemble_stability",0.870979299363057,0.872102977811549,0.775,0.61874473687856,0.885,1
0.01,0.0105263157894737,"overconfident",8,0.25,0.1,0.5,2,"supported_mean",0.971735668789809,0.736671061667344,0.8875,0.703942721498947,0.885,1
0.01,0.0105263157894737,"overconfident",8,0.25,0.1,0.5,2,"supported_stability",0.872004378980892,0.889278205584556,0.775,0.620507477831241,0.885,1
0.05,0.0473684210526316,"overconfident",8,0.25,0.1,0.5,2,"binary",0.872258592471358,0.406633750039656,0.375,0.621642188791209,0.86375,1
0.05,0.0473684210526316,"overconfident",8,0.25,0.1,0.5,2,"expected_sign",0.881198854337152,0.430017037436142,0.4625,0.635752948906368,0.86375,1
0.05,0.0473684210526316,"overconfident",8,0.25,0.1,0.5,2,"ensemble_mean",0.889474222585925,0.39098882978839,0.45,0.468548605838498,0.86375,1
0.05,0.0473684210526316,"overconfident",8,0.25,0.1,0.5,2,"ensemble_stability",0.505605564648118,0.188456145223282,0.2375,0.00721972561564353,0.86375,1
0.05,0.0473684210526316,"overconfident",8,0.25,0.1,0.5,2,"supported_mean",0.876790098199673,0.355056930916266,0.3375,0.453368985238358,0.86375,1
0.05,0.0473684210526316,"overconfident",8,0.25,0.1,0.5,2,"supported_stability",0.522125613747954,0.304862604573802,0.2625,0.0284100304072183,0.86375,1
0.15,0.139473684210526,"overconfident",8,0.25,0.1,0.5,2,"binary",0.719194312796208,0.259457656571851,0,0.319566233240995,0.89125,1
0.15,0.139473684210526,"overconfident",8,0.25,0.1,0.5,2,"expected_sign",0.723222748815166,0.257039463896604,0,0.3252153152429,0.89125,1
0.15,0.139473684210526,"overconfident",8,0.25,0.1,0.5,2,"ensemble_mean",0.632168246445498,0.138094062569104,0,0.147196711857919,0.89125,1
0.15,0.139473684210526,"overconfident",8,0.25,0.1,0.5,2,"ensemble_stability",0.292259083728278,0.128373629575294,0,-0.262776138572231,0.89125,1
0.15,0.139473684210526,"overconfident",8,0.25,0.1,0.5,2,"supported_mean",0.713586097946287,0.170034639944735,0,0.237873624304538,0.89125,1
0.15,0.139473684210526,"overconfident",8,0.25,0.1,0.5,2,"supported_stability",0.292259083728278,0.128373629575294,0,-0.262511681223357,0.89125,1
0.01,0.00526315789473684,"calibrated",3,0.75,0.1,0.5,2,"binary",0.991935483870968,0.85346801493742,0.95,0.953190715310329,0.875,1
0.01,0.00526315789473684,"calibrated",3,0.75,0.1,0.5,2,"expected_sign",0.994052419354839,0.872089492478551,0.9375,0.954923590548082,0.875,1
0.01,0.00526315789473684,"calibrated",3,0.75,0.1,0.5,2,"ensemble_mean",0.990322580645161,0.805947576441698,0.925,0.651981655816247,0.875,1
0.01,0.00526315789473684,"calibrated",3,0.75,0.1,0.5,2,"ensemble_stability",0.860131048387097,0.829689730026179,0.75,0.517183195204717,0.875,1
0.01,0.00526315789473684,"calibrated",3,0.75,0.1,0.5,2,"supported_mean",0.991774193548387,0.827526560030213,0.9375,0.653911872990746,0.875,1
0.01,0.00526315789473684,"calibrated",3,0.75,0.1,0.5,2,"supported_stability",0.859758064516129,0.826826147933556,0.75,0.516233038859974,0.875,1
0.05,0.0578947368421053,"calibrated",3,0.75,0.1,0.5,2,"binary",0.860793650793651,0.370369279200014,0.2625,0.579527631420826,0.8875,1
0.05,0.0578947368421053,"calibrated",3,0.75,0.1,0.5,2,"expected_sign",0.86797619047619,0.385029481892738,0.35,0.590400192159736,0.8875,1
0.05,0.0578947368421053,"calibrated",3,0.75,0.1,0.5,2,"ensemble_mean",0.697380952380952,0.16459299869811,0,0.221581354248005,0.8875,1
0.05,0.0578947368421053,"calibrated",3,0.75,0.1,0.5,2,"ensemble_stability",0.277777777777778,0.121786920185034,0,-0.2763041130459,0.8875,1
0.05,0.0578947368421053,"calibrated",3,0.75,0.1,0.5,2,"supported_mean",0.816617063492064,0.250946185128427,0,0.355436400894493,0.8875,1
0.05,0.0578947368421053,"calibrated",3,0.75,0.1,0.5,2,"supported_stability",0.277777777777778,0.121786920185034,0,-0.275985568638937,0.8875,1
0.15,0.150657894736842,"calibrated",3,0.75,0.1,0.5,2,"binary",0.6667663476874,0.226682459777601,0,0.232494452546923,0.88375,1
0.15,0.150657894736842,"calibrated",3,0.75,0.1,0.5,2,"expected_sign",0.661572966507177,0.217293917861864,0,0.225139640331798,0.88375,1
0.15,0.150657894736842,"calibrated",3,0.75,0.1,0.5,2,"ensemble_mean",0.463018341307815,0.101186615243877,0,-0.0413091279194885,0.88375,1
0.15,0.150657894736842,"calibrated",3,0.75,0.1,0.5,2,"ensemble_stability",0.302232854864434,0.134809518324751,0,-0.254734081604645,0.88375,1
0.15,0.150657894736842,"calibrated",3,0.75,0.1,0.5,2,"supported_mean",0.56872009569378,0.11797174733697,0,0.0767614899937882,0.88375,1
0.15,0.150657894736842,"calibrated",3,0.75,0.1,0.5,2,"supported_stability",0.302232854864434,0.134809518324751,0,-0.254641478510508,0.88375,1
0.01,0.0105263157894737,"overconfident",3,0.75,0.1,0.5,2,"binary",0.974044585987261,0.764535533365529,0.9,0.895853341467941,0.885,1
0.01,0.0105263157894737,"overconfident",3,0.75,0.1,0.5,2,"expected_sign",0.975139331210191,0.773757848812699,0.8875,0.896076029260634,0.885,1
0.01,0.0105263157894737,"overconfident",3,0.75,0.1,0.5,2,"ensemble_mean",0.97374601910828,0.770414888968693,0.8875,0.706687965159647,0.885,1
0.01,0.0105263157894737,"overconfident",3,0.75,0.1,0.5,2,"ensemble_stability",0.885847929936306,0.894423488534959,0.7875,0.652439971366524,0.885,1
0.01,0.0105263157894737,"overconfident",3,0.75,0.1,0.5,2,"supported_mean",0.97593550955414,0.790787823056037,0.9,0.709929495817126,0.885,1
0.01,0.0105263157894737,"overconfident",3,0.75,0.1,0.5,2,"supported_stability",0.886494824840764,0.896049620389835,0.8,0.653413094975508,0.885,1
0.05,0.0473684210526316,"overconfident",3,0.75,0.1,0.5,2,"binary",0.886988543371522,0.470226752061186,0.55,0.646546749865889,0.86375,1
0.05,0.0473684210526316,"overconfident",3,0.75,0.1,0.5,2,"expected_sign",0.887090834697218,0.44866475539759,0.5,0.645579431452658,0.86375,1
0.05,0.0473684210526316,"overconfident",3,0.75,0.1,0.5,2,"ensemble_mean",0.891939443535188,0.396045493678757,0.475,0.471511018527676,0.86375,1
0.05,0.0473684210526316,"overconfident",3,0.75,0.1,0.5,2,"ensemble_stability",0.532283142389525,0.262862087406105,0.2625,0.0422599293342394,0.86375,1
0.05,0.0473684210526316,"overconfident",3,0.75,0.1,0.5,2,"supported_mean",0.890128887070376,0.378745588963201,0.425,0.469336266340936,0.86375,1
0.05,0.0473684210526316,"overconfident",3,0.75,0.1,0.5,2,"supported_stability",0.540394844517185,0.266005273967333,0.3125,0.0527617704688073,0.86375,1
0.15,0.139473684210526,"overconfident",3,0.75,0.1,0.5,2,"binary",0.722630331753555,0.260609865041914,0,0.324534954518838,0.89125,1
0.15,0.139473684210526,"overconfident",3,0.75,0.1,0.5,2,"expected_sign",0.723222748815166,0.257039463896604,0,0.3252153152429,0.89125,1
0.15,0.139473684210526,"overconfident",3,0.75,0.1,0.5,2,"ensemble_mean",0.628633491311216,0.13705882733098,0,0.143191823420778,0.89125,1
0.15,0.139473684210526,"overconfident",3,0.75,0.1,0.5,2,"ensemble_stability",0.31911532385466,0.143955902590428,0,-0.238701119599869,0.89125,1
0.15,0.139473684210526,"overconfident",3,0.75,0.1,0.5,2,"supported_mean",0.716291469194313,0.172335660196963,0,0.240770476613234,0.89125,1
0.15,0.139473684210526,"overconfident",3,0.75,0.1,0.5,2,"supported_stability",0.31911532385466,0.143955902590428,0,-0.238566986213999,0.89125,1
0.01,0.00789473684210526,"calibrated",8,0.75,0.1,0.5,2,"binary",0.97488038277512,0.784580493674384,0.9125,0.915291996650215,0.88375,1
0.01,0.00789473684210526,"calibrated",8,0.75,0.1,0.5,2,"expected_sign",0.9771331738437,0.798635964831743,0.8875,0.917586027032507,0.88375,1
0.01,0.00789473684210526,"calibrated",8,0.75,0.1,0.5,2,"ensemble_mean",0.980921052631579,0.79200271785253,0.9125,0.640760446933728,0.88375,1
0.01,0.00789473684210526,"calibrated",8,0.75,0.1,0.5,2,"ensemble_stability",0.870604066985646,0.847953397318219,0.7625,0.546703516885637,0.88375,1
0.01,0.00789473684210526,"calibrated",8,0.75,0.1,0.5,2,"supported_mean",0.972677432216906,0.689091978277768,0.8375,0.629776937201021,0.88375,1
0.01,0.00789473684210526,"calibrated",8,0.75,0.1,0.5,2,"supported_stability",0.871182216905901,0.847188970750203,0.775,0.547202772446886,0.88375,1
0.05,0.0467105263157895,"calibrated",8,0.75,0.1,0.5,2,"binary",0.882301587301587,0.443899868080321,0.4875,0.633896733579537,0.8875,1
0.05,0.0467105263157895,"calibrated",8,0.75,0.1,0.5,2,"expected_sign",0.897440476190476,0.480123047628948,0.5875,0.657959621681948,0.8875,1
0.05,0.0467105263157895,"calibrated",8,0.75,0.1,0.5,2,"ensemble_mean",0.875595238095238,0.368149665959719,0.4125,0.422538110490767,0.8875,1
0.05,0.0467105263157895,"calibrated",8,0.75,0.1,0.5,2,"ensemble_stability",0.307460317460317,0.112571915098392,0.0125,-0.230882573770654,0.8875,1
0.05,0.0467105263157895,"calibrated",8,0.75,0.1,0.5,2,"supported_mean",0.833779761904762,0.279638823754617,0.1375,0.375498857354959,0.8875,1
0.05,0.0467105263157895,"calibrated",8,0.75,0.1,0.5,2,"supported_stability",0.332103174603175,0.115616447606387,0.0375,-0.200889309080399,0.8875,1
0.15,0.154605263157895,"calibrated",8,0.75,0.1,0.5,2,"binary",0.702605863192182,0.228743563063043,0,0.275374584783557,0.8675,1
0.15,0.154605263157895,"calibrated",8,0.75,0.1,0.5,2,"expected_sign",0.70435667752443,0.212825800455291,0,0.277231807928695,0.8675,1
0.15,0.154605263157895,"calibrated",8,0.75,0.1,0.5,2,"ensemble_mean",0.389637622149837,0.0925287687452045,0,-0.124055130347867,0.8675,1
0.15,0.154605263157895,"calibrated",8,0.75,0.1,0.5,2,"ensemble_stability",0.313517915309446,0.143955902590428,0,-0.246779710019404,0.8675,1
0.15,0.154605263157895,"calibrated",8,0.75,0.1,0.5,2,"supported_mean",0.500122149837134,0.108463151045694,0,0.00013730506956045,0.8675,1
0.15,0.154605263157895,"calibrated",8,0.75,0.1,0.5,2,"supported_stability",0.313517915309446,0.143955902590428,0,-0.246716846922236,0.8675,1
0.01,0.00986842105263158,"overconfident",8,0.75,0.1,0.5,2,"binary",0.977310426540284,0.805159568371401,0.925,0.919862236057957,0.89125,1
0.01,0.00986842105263158,"overconfident",8,0.75,0.1,0.5,2,"expected_sign",0.978712480252765,0.821468037575157,0.925,0.920621170353167,0.89125,1
0.01,0.00986842105263158,"overconfident",8,0.75,0.1,0.5,2,"ensemble_mean",0.978534755134281,0.837808124793135,0.9125,0.725674918287898,0.89125,1
0.01,0.00986842105263158,"overconfident",8,0.75,0.1,0.5,2,"ensemble_stability",0.922610584518167,0.929968414773898,0.85,0.707067906438848,0.89125,1
0.01,0.00986842105263158,"overconfident",8,0.75,0.1,0.5,2,"supported_mean",0.979403633491311,0.83930051318098,0.925,0.726966151100988,0.89125,1
0.01,0.00986842105263158,"overconfident",8,0.75,0.1,0.5,2,"supported_stability",0.923617693522907,0.934117511603842,0.8625,0.708615565608564,0.89125,1
0.05,0.0618421052631579,"overconfident",8,0.75,0.1,0.5,2,"binary",0.863894462279294,0.399849292925125,0.375,0.583088138912143,0.87875,1
0.05,0.0618421052631579,"overconfident",8,0.75,0.1,0.5,2,"expected_sign",0.864135232744783,0.392163960812469,0.3625,0.582722849660534,0.87875,1
0.05,0.0618421052631579,"overconfident",8,0.75,0.1,0.5,2,"ensemble_mean",0.849779293739968,0.333800138492182,0.275,0.421930855751722,0.87875,1
0.05,0.0618421052631579,"overconfident",8,0.75,0.1,0.5,2,"ensemble_stability",0.440058186195827,0.164680840794077,0.1375,-0.0790535907681571,0.87875,1
0.05,0.0618421052631579,"overconfident",8,0.75,0.1,0.5,2,"supported_mean",0.853832263242376,0.338417837784491,0.275,0.426827731719799,0.87875,1
0.05,0.0618421052631579,"overconfident",8,0.75,0.1,0.5,2,"supported_stability",0.452287319422151,0.172283115749998,0.2125,-0.0627747459955548,0.87875,1
0.15,0.134210526315789,"overconfident",8,0.75,0.1,0.5,2,"binary",0.725369458128079,0.257208026034179,0,0.323952496355442,0.86125,1
0.15,0.134210526315789,"overconfident",8,0.75,0.1,0.5,2,"expected_sign",0.7185960591133,0.246791602378895,0,0.314010934068425,0.86125,1
0.15,0.134210526315789,"overconfident",8,0.75,0.1,0.5,2,"ensemble_mean",0.508189655172414,0.111643705861431,0,0.0092487854151628,0.86125,1
0.15,0.134210526315789,"overconfident",8,0.75,0.1,0.5,2,"ensemble_stability",0.307881773399015,0.14143015597603,0,-0.252908801468845,0.86125,1
0.15,0.134210526315789,"overconfident",8,0.75,0.1,0.5,2,"supported_mean",0.717415845648604,0.177927029262621,0,0.245534372298608,0.86125,1
0.15,0.134210526315789,"overconfident",8,0.75,0.1,0.5,2,"supported_stability",0.307881773399015,0.14143015597603,0,-0.252669892335424,0.86125,1
0.01,0.00526315789473684,"calibrated",3,0.25,0.6,0.5,2,"binary",0.987451737451737,0.805947576441698,0.925,0.940493420520076,0.7475,1
0.01,0.00526315789473684,"calibrated",3,0.25,0.6,0.5,2,"expected_sign",0.993170849420849,0.873850633827717,0.9375,0.948378967423863,0.7475,1
0.01,0.00526315789473684,"calibrated",3,0.25,0.6,0.5,2,"ensemble_mean",0.989792471042471,0.825001297063417,0.925,0.67305513924987,0.7475,1
0.01,0.00526315789473684,"calibrated",3,0.25,0.6,0.5,2,"ensemble_stability",0.784218146718147,0.754001556240201,0.6375,0.433449449706451,0.7475,1
0.01,0.00526315789473684,"calibrated",3,0.25,0.6,0.5,2,"supported_mean",0.980453667953668,0.729688595278856,0.875,0.660616630474726,0.7475,1
0.01,0.00526315789473684,"calibrated",3,0.25,0.6,0.5,2,"supported_stability",0.785183397683398,0.760718882674809,0.625,0.434631458672229,0.7475,1
0.05,0.0578947368421053,"calibrated",3,0.25,0.6,0.5,2,"binary",0.855776515151515,0.414434579139014,0.4125,0.58071955170699,0.76,1
0.05,0.0578947368421053,"calibrated",3,0.25,0.6,0.5,2,"expected_sign",0.858735795454545,0.39905461327969,0.4,0.584158511119607,0.76,1
0.05,0.0578947368421053,"calibrated",3,0.25,0.6,0.5,2,"ensemble_mean",0.787298768939394,0.252466917869528,0,0.347706124072897,0.76,1
0.05,0.0578947368421053,"calibrated",3,0.25,0.6,0.5,2,"ensemble_stability",0.314393939393939,0.163207753891851,0,-0.26196947682821,0.76,1
0.05,0.0578947368421053,"calibrated",3,0.25,0.6,0.5,2,"supported_mean",0.824017518939394,0.289427189101354,0.0875,0.392161054756991,0.76,1
0.05,0.0578947368421053,"calibrated",3,0.25,0.6,0.5,2,"supported_stability",0.314393939393939,0.163207753891851,0,-0.261871255743649,0.76,1
0.15,0.150657894736842,"calibrated",3,0.25,0.6,0.5,2,"binary",0.630666342412451,0.232094700547671,0,0.188467383003404,0.7425,1
0.15,0.150657894736842,"calibrated",3,0.25,0.6,0.5,2,"expected_sign",0.631444552529183,0.225964650368251,0,0.189403156888077,0.7425,1
0.15,0.150657894736842,"calibrated",3,0.25,0.6,0.5,2,"ensemble_mean",0.466755836575875,0.121227180861697,0,-0.0400397523175378,0.7425,1
0.15,0.150657894736842,"calibrated",3,0.25,0.6,0.5,2,"ensemble_stability",0.348249027237354,0.194862078700472,0,-0.231875614887791,0.7425,1
0.15,0.150657894736842,"calibrated",3,0.25,0.6,0.5,2,"supported_mean",0.58369406614786,0.14610341662387,0,0.100802669732712,0.7425,1
0.15,0.150657894736842,"calibrated",3,0.25,0.6,0.5,2,"supported_stability",0.348249027237354,0.194862078700472,0,-0.23185830616106,0.7425,1
0.01,0.0105263157894737,"overconfident",3,0.25,0.6,0.5,2,"binary",0.979838709677419,0.879042797287813,0.9625,0.916678811173032,0.75875,1
0.01,0.0105263157894737,"overconfident",3,0.25,0.6,0.5,2,"expected_sign",0.978629032258065,0.854623456809486,0.9125,0.911599000296155,0.75875,1
0.01,0.0105263157894737,"overconfident",3,0.25,0.6,0.5,2,"ensemble_mean",0.975023719165085,0.832050538651639,0.875,0.730776683246702,0.75875,1
0.01,0.0105263157894737,"overconfident",3,0.25,0.6,0.5,2,"ensemble_stability",0.826921252371916,0.830094276276414,0.7,0.553152307932783,0.75875,1
0.01,0.0105263157894737,"overconfident",3,0.25,0.6,0.5,2,"supported_mean",0.978012333965844,0.866277539993188,0.9375,0.735414327244073,0.75875,1
0.01,0.0105263157894737,"overconfident",3,0.25,0.6,0.5,2,"supported_stability",0.828605313092979,0.841071836109782,0.7,0.55580669700448,0.75875,1
0.05,0.0473684210526316,"overconfident",3,0.25,0.6,0.5,2,"binary",0.880732177263969,0.473237685229662,0.55,0.651828622122534,0.74875,1
0.05,0.0473684210526316,"overconfident",3,0.25,0.6,0.5,2,"expected_sign",0.879865125240848,0.462067169917587,0.5375,0.649000653799571,0.74875,1
0.05,0.0473684210526316,"overconfident",3,0.25,0.6,0.5,2,"ensemble_mean",0.881659441233141,0.413440079384401,0.4625,0.482468935723538,0.74875,1
0.05,0.0473684210526316,"overconfident",3,0.25,0.6,0.5,2,"ensemble_stability",0.449614643545279,0.195598418923361,0.175,-0.0706224629589608,0.74875,1
0.05,0.0473684210526316,"overconfident",3,0.25,0.6,0.5,2,"supported_mean",0.865871868978805,0.370042768598637,0.4,0.4625629103998,0.74875,1
0.05,0.0473684210526316,"overconfident",3,0.25,0.6,0.5,2,"supported_stability",0.453552504816956,0.230711675306647,0.1625,-0.0650163755261743,0.74875,1
0.15,0.139473684210526,"overconfident",3,0.25,0.6,0.5,2,"binary",0.662303149606299,0.241450259220509,0,0.233972060751914,0.735,1
0.15,0.139473684210526,"overconfident",3,0.25,0.6,0.5,2,"expected_sign",0.667150590551181,0.236476028878897,0,0.240658925140945,0.735,1
0.15,0.139473684210526,"overconfident",3,0.25,0.6,0.5,2,"ensemble_mean",0.621899606299213,0.16261900565668,0,0.147992415698473,0.735,1
0.15,0.139473684210526,"overconfident",3,0.25,0.6,0.5,2,"ensemble_stability",0.343503937007874,0.192064190862768,0,-0.237706191380816,0.735,1
0.15,0.139473684210526,"overconfident",3,0.25,0.6,0.5,2,"supported_mean",0.670890748031496,0.184907345907632,0,0.207490393752097,0.735,1
0.15,0.139473684210526,"overconfident",3,0.25,0.6,0.5,2,"supported_stability",0.343503937007874,0.192064190862768,0,-0.237664565190544,0.735,1
0.01,0.00789473684210526,"calibrated",8,0.25,0.6,0.5,2,"binary",0.979790856031128,0.880602222339885,0.9625,0.944468200540995,0.7425,1
0.01,0.00789473684210526,"calibrated",8,0.25,0.6,0.5,2,"expected_sign",0.981809338521401,0.898383352206629,0.9375,0.94524828030566,0.7425,1
0.01,0.00789473684210526,"calibrated",8,0.25,0.6,0.5,2,"ensemble_mean",0.984241245136187,0.894589999968465,0.9375,0.657383428834098,0.7425,1
0.01,0.00789473684210526,"calibrated",8,0.25,0.6,0.5,2,"ensemble_stability",0.779170719844358,0.753366823591257,0.65,0.412073255669161,0.7425,1
0.01,0.00789473684210526,"calibrated",8,0.25,0.6,0.5,2,"supported_mean",0.972470817120623,0.752246218028384,0.9,0.641648968030253,0.7425,1
0.01,0.00789473684210526,"calibrated",8,0.25,0.6,0.5,2,"supported_stability",0.776434824902724,0.741912855853415,0.6125,0.407503292697549,0.7425,1
0.05,0.0467105263157895,"calibrated",8,0.25,0.6,0.5,2,"binary",0.859664694280079,0.43020893743929,0.45,0.600484617296555,0.73375,1
0.05,0.0467105263157895,"calibrated",8,0.25,0.6,0.5,2,"expected_sign",0.865409270216963,0.425710065275034,0.45,0.608556008523195,0.73375,1
0.05,0.0467105263157895,"calibrated",8,0.25,0.6,0.5,2,"ensemble_mean",0.797805719921104,0.277851976886722,0.0875,0.362979026777924,0.73375,1
0.05,0.0467105263157895,"calibrated",8,0.25,0.6,0.5,2,"ensemble_stability",0.290927021696252,0.153266057117888,0,-0.289195888698495,0.73375,1
0.05,0.0467105263157895,"calibrated",8,0.25,0.6,0.5,2,"supported_mean",0.808764792899408,0.288166610765257,0.025,0.376533355561934,0.73375,1
0.05,0.0467105263157895,"calibrated",8,0.25,0.6,0.5,2,"supported_stability",0.290927021696252,0.153266057117888,0,-0.289016534848459,0.73375,1
0.15,0.154605263157895,"calibrated",8,0.25,0.6,0.5,2,"binary",0.65506958250497,0.223739100618869,0,0.215053281518297,0.72875,1
0.15,0.154605263157895,"calibrated",8,0.25,0.6,0.5,2,"expected_sign",0.657504970178926,0.2112423587376,0,0.217899475822168,0.72875,1
0.15,0.154605263157895,"calibrated",8,0.25,0.6,0.5,2,"ensemble_mean",0.399478131212724,0.111624554502648,0,-0.121744188170737,0.72875,1
0.15,0.154605263157895,"calibrated",8,0.25,0.6,0.5,2,"ensemble_stability",0.343936381709742,0.193920347462022,0,-0.238218209706029,0.72875,1
0.15,0.154605263157895,"calibrated",8,0.25,0.6,0.5,2,"supported_mean",0.550248508946322,0.140216883803259,0,0.0608578063831201,0.72875,1
0.15,0.154605263157895,"calibrated",8,0.25,0.6,0.5,2,"supported_stability",0.343936381709742,0.193920347462022,0,-0.238200059470728,0.72875,1
0.01,0.00986842105263158,"overconfident",8,0.25,0.6,0.5,2,"binary",0.970890748031496,0.783844161278153,0.9125,0.895672403786731,0.735,1
0.01,0.00986842105263158,"overconfident",8,0.25,0.6,0.5,2,"expected_sign",0.973474409448819,0.782142359972316,0.9,0.897583026473555,0.735,1
0.01,0.00986842105263158,"overconfident",8,0.25,0.6,0.5,2,"ensemble_mean",0.968331692913386,0.749964869157094,0.85,0.716947870182666,0.735,1
0.01,0.00986842105263158,"overconfident",8,0.25,0.6,0.5,2,"ensemble_stability",0.795164862204724,0.812548317180162,0.6375,0.533738909238399,0.735,1
0.01,0.00986842105263158,"overconfident",8,0.25,0.6,0.5,2,"supported_mean",0.968208661417323,0.75504514879452,0.9,0.717283130756478,0.735,1
0.01,0.00986842105263158,"overconfident",8,0.25,0.6,0.5,2,"supported_stability",0.79697342519685,0.841054480920409,0.6375,0.537244012208759,0.735,1
0.05,0.0618421052631579,"overconfident",8,0.25,0.6,0.5,2,"binary",0.833147969052224,0.370215468102828,0.2625,0.540731708084645,0.74625,1
0.05,0.0618421052631579,"overconfident",8,0.25,0.6,0.5,2,"expected_sign",0.839712282398453,0.375852101647094,0.3125,0.550393518529826,0.74625,1
0.05,0.0618421052631579,"overconfident",8,0.25,0.6,0.5,2,"ensemble_mean",0.830198259187621,0.340028332353658,0.325,0.419642595549026,0.74625,1
0.05,0.0618421052631579,"overconfident",8,0.25,0.6,0.5,2,"ensemble_stability",0.344463249516441,0.180237453359651,0.0125,-0.228563314191548,0.74625,1
0.05,0.0618421052631579,"overconfident",8,0.25,0.6,0.5,2,"supported_mean",0.828034332688588,0.333200407557155,0.2625,0.416984991473621,0.74625,1
0.05,0.0618421052631579,"overconfident",8,0.25,0.6,0.5,2,"supported_stability",0.344668762088975,0.180216754297472,0.0125,-0.227955057908911,0.74625,1
0.15,0.134210526315789,"overconfident",8,0.25,0.6,0.5,2,"binary",0.690789473684211,0.258685073701431,0,0.279430977794935,0.74125,1
0.15,0.134210526315789,"overconfident",8,0.25,0.6,0.5,2,"expected_sign",0.695053606237817,0.252181631311835,0,0.285266932052641,0.74125,1
0.15,0.134210526315789,"overconfident",8,0.25,0.6,0.5,2,"ensemble_mean",0.596223196881092,0.153739931185602,0,0.116606855060083,0.74125,1
0.15,0.134210526315789,"overconfident",8,0.25,0.6,0.5,2,"ensemble_stability",0.346003898635478,0.192987762831501,0,-0.234311553735537,0.74125,1
0.15,0.134210526315789,"overconfident",8,0.25,0.6,0.5,2,"supported_mean",0.686634990253411,0.19170956990317,0,0.226172340310376,0.74125,1
0.15,0.134210526315789,"overconfident",8,0.25,0.6,0.5,2,"supported_stability",0.346003898635478,0.192987762831501,0,-0.234249875290632,0.74125,1
0.01,0.00789473684210526,"calibrated",3,0.75,0.6,0.5,2,"binary",0.981687743190661,0.911883676289667,0.975,0.948202184913634,0.7425,1
0.01,0.00789473684210526,"calibrated",3,0.75,0.6,0.5,2,"expected_sign",0.981809338521401,0.898383352206629,0.9375,0.94524828030566,0.7425,1
0.01,0.00789473684210526,"calibrated",3,0.75,0.6,0.5,2,"ensemble_mean",0.984046692607004,0.894229071605891,0.9375,0.657119263773077,0.7425,1
0.01,0.00789473684210526,"calibrated",3,0.75,0.6,0.5,2,"ensemble_stability",0.775984922178988,0.745734700858801,0.6375,0.402680743763623,0.7425,1
0.01,0.00789473684210526,"calibrated",3,0.75,0.6,0.5,2,"supported_mean",0.980678501945525,0.834937845645506,0.925,0.65251960040922,0.7425,1
0.01,0.00789473684210526,"calibrated",3,0.75,0.6,0.5,2,"supported_stability",0.773893482490272,0.730871662512424,0.6125,0.399092289576564,0.7425,1
0.05,0.0467105263157895,"calibrated",3,0.75,0.6,0.5,2,"binary",0.861439842209073,0.439218499255366,0.475,0.603563345330555,0.73375,1
0.05,0.0467105263157895,"calibrated",3,0.75,0.6,0.5,2,"expected_sign",0.865409270216963,0.425710065275034,0.45,0.608556008523195,0.73375,1
0.05,0.0467105263157895,"calibrated",3,0.75,0.6,0.5,2,"ensemble_mean",0.782051282051282,0.26030491194159,0,0.343776808207587,0.73375,1
0.05,0.0467105263157895,"calibrated",3,0.75,0.6,0.5,2,"ensemble_stability",0.289940828402367,0.152684998368702,0,-0.290175276095846,0.73375,1
0.05,0.0467105263157895,"calibrated",3,0.75,0.6,0.5,2,"supported_mean",0.804832347140039,0.280026330911771,0,0.371547627540945,0.73375,1
0.05,0.0467105263157895,"calibrated",3,0.75,0.6,0.5,2,"supported_stability",0.289940828402367,0.152684998368702,0,-0.28995721619956,0.73375,1
0.15,0.154605263157895,"calibrated",3,0.75,0.6,0.5,2,"binary",0.656660039761431,0.2257031709599,0,0.217291401883306,0.72875,1
0.15,0.154605263157895,"calibrated",3,0.75,0.6,0.5,2,"expected_sign",0.657504970178926,0.2112423587376,0,0.217899475822168,0.72875,1
0.15,0.154605263157895,"calibrated",3,0.75,0.6,0.5,2,"ensemble_mean",0.400173956262425,0.111680993092561,0,-0.120901459550519,0.72875,1
0.15,0.154605263157895,"calibrated",3,0.75,0.6,0.5,2,"ensemble_stability",0.339960238568588,0.19024356220912,0,-0.242143572677383,0.72875,1
0.15,0.154605263157895,"calibrated",3,0.75,0.6,0.5,2,"supported_mean",0.500994035785288,0.128693242091611,0,0.00120389814179178,0.72875,1
0.15,0.154605263157895,"calibrated",3,0.75,0.6,0.5,2,"supported_stability",0.339960238568588,0.19024356220912,0,-0.242115878896499,0.72875,1
0.01,0.00986842105263158,"overconfident",3,0.75,0.6,0.5,2,"binary",0.968011811023622,0.74698340335474,0.8875,0.890087317159444,0.735,1
0.01,0.00986842105263158,"overconfident",3,0.75,0.6,0.5,2,"expected_sign",0.969635826771653,0.745363882279333,0.875,0.890306082697967,0.735,1
0.01,0.00986842105263158,"overconfident",3,0.75,0.6,0.5,2,"ensemble_mean",0.966006397637795,0.734469541718534,0.8625,0.713429234315884,0.735,1
0.01,0.00986842105263158,"overconfident",3,0.75,0.6,0.5,2,"ensemble_stability",0.787992125984252,0.785087132413157,0.6375,0.496070514856275,0.735,1
0.01,0.00986842105263158,"overconfident",3,0.75,0.6,0.5,2,"supported_mean",0.970349409448819,0.769467371851685,0.875,0.720036719095329,0.735,1
0.01,0.00986842105263158,"overconfident",3,0.75,0.6,0.5,2,"supported_stability",0.790169783464567,0.791794476619137,0.6375,0.49961535544297,0.735,1
0.05,0.0618421052631579,"overconfident",3,0.75,0.6,0.5,2,"binary",0.840014506769826,0.393418675837947,0.35,0.552137312074073,0.74625,1
0.05,0.0618421052631579,"overconfident",3,0.75,0.6,0.5,2,"expected_sign",0.839712282398453,0.375852101647094,0.3125,0.550393518529826,0.74625,1
0.05,0.0618421052631579,"overconfident",3,0.75,0.6,0.5,2,"ensemble_mean",0.828989361702128,0.33696260906367,0.3125,0.418098812846525,0.74625,1
0.05,0.0618421052631579,"overconfident",3,0.75,0.6,0.5,2,"ensemble_stability",0.353372823984526,0.182257779344699,0.0375,-0.215879215911791,0.74625,1
0.05,0.0618421052631579,"overconfident",3,0.75,0.6,0.5,2,"supported_mean",0.829182785299807,0.331840929990971,0.275,0.418337532965669,0.74625,1
0.05,0.0618421052631579,"overconfident",3,0.75,0.6,0.5,2,"supported_stability",0.355657640232108,0.182537857942281,0.0375,-0.21222187366232,0.74625,1
0.15,0.134210526315789,"overconfident",3,0.75,0.6,0.5,2,"binary",0.68859649122807,0.258685073701431,0,0.276269282223667,0.74125,1
0.15,0.134210526315789,"overconfident",3,0.75,0.6,0.5,2,"expected_sign",0.695053606237817,0.252181631311835,0,0.285266932052641,0.74125,1
0.15,0.134210526315789,"overconfident",3,0.75,0.6,0.5,2,"ensemble_mean",0.551681286549708,0.141458766856342,0,0.0626293303106305,0.74125,1
0.15,0.134210526315789,"overconfident",3,0.75,0.6,0.5,2,"ensemble_stability",0.34990253411306,0.196773530337039,0,-0.230471912705169,0.74125,1
0.15,0.134210526315789,"overconfident",3,0.75,0.6,0.5,2,"supported_mean",0.683321150097466,0.190604548432864,0,0.222155795323023,0.74125,1
0.15,0.134210526315789,"overconfident",3,0.75,0.6,0.5,2,"supported_stability",0.34990253411306,0.196773530337039,0,-0.230421128248297,0.74125,1
0.01,0.00789473684210526,"calibrated",8,0.75,0.6,0.5,2,"binary",0.973334990059642,0.852222818017166,0.95,0.926690545671259,0.72875,1
0.01,0.00789473684210526,"calibrated",8,0.75,0.6,0.5,2,"expected_sign",0.973334990059642,0.852222818017166,0.95,0.923824325158882,0.72875,1
0.01,0.00789473684210526,"calibrated",8,0.75,0.6,0.5,2,"ensemble_mean",0.978926441351889,0.811028136388015,0.9375,0.655809587340811,0.72875,1
0.01,0.00789473684210526,"calibrated",8,0.75,0.6,0.5,2,"ensemble_stability",0.803702783300199,0.752238767155139,0.65,0.45419793812621,0.72875,1
0.01,0.00789473684210526,"calibrated",8,0.75,0.6,0.5,2,"supported_mean",0.972813121272366,0.761952360192019,0.9125,0.647481955906243,0.72875,1
0.01,0.00789473684210526,"calibrated",8,0.75,0.6,0.5,2,"supported_stability",0.811220178926441,0.778034118492193,0.6875,0.464946509903263,0.72875,1
0.05,0.0440789473684211,"calibrated",8,0.75,0.6,0.5,2,"binary",0.858109817813765,0.435148545519136,0.4625,0.603800973860619,0.7175,1
0.05,0.0440789473684211,"calibrated",8,0.75,0.6,0.5,2,"expected_sign",0.867332995951417,0.449866500267309,0.5,0.6180435052402,0.7175,1
0.05,0.0440789473684211,"calibrated",8,0.75,0.6,0.5,2,"ensemble_mean",0.831819331983806,0.32051743984462,0.2125,0.406271214745065,0.7175,1
0.05,0.0440789473684211,"calibrated",8,0.75,0.6,0.5,2,"ensemble_stability",0.280364372469636,0.150404408928946,0,-0.302598904530035,0.7175,1
0.05,0.0440789473684211,"calibrated",8,0.75,0.6,0.5,2,"supported_mean",0.820862854251012,0.300118139203811,0.1125,0.392903547943303,0.7175,1
0.05,0.0440789473684211,"calibrated",8,0.75,0.6,0.5,2,"supported_stability",0.280364372469636,0.150404408928946,0,-0.302379749379046,0.7175,1
0.15,0.159210526315789,"calibrated",8,0.75,0.6,0.5,2,"binary",0.687378404669261,0.239745164972139,0,0.259257559085054,0.7425,1
0.15,0.159210526315789,"calibrated",8,0.75,0.6,0.5,2,"expected_sign",0.682453793774319,0.219252861127228,0,0.251841141541508,0.7425,1
0.15,0.159210526315789,"calibrated",8,0.75,0.6,0.5,2,"ensemble_mean",0.463326848249027,0.12024060120331,0,-0.0440065283662361,0.7425,1
0.15,0.159210526315789,"calibrated",8,0.75,0.6,0.5,2,"ensemble_stability",0.349221789883268,0.195813093189463,0,-0.230926654448928,0.7425,1
0.15,0.159210526315789,"calibrated",8,0.75,0.6,0.5,2,"supported_mean",0.589810311284047,0.148407511239902,0,0.107769317515225,0.7425,1
0.15,0.159210526315789,"calibrated",8,0.75,0.6,0.5,2,"supported_stability",0.349221789883268,0.195813093189463,0,-0.230902923027064,0.7425,1
0.01,0.0131578947368421,"overconfident",8,0.75,0.6,0.5,2,"binary",0.957651072124756,0.762819737433334,0.9,0.87011766754706,0.74125,1
0.01,0.0131578947368421,"overconfident",8,0.75,0.6,0.5,2,"expected_sign",0.96135477582846,0.789132571830463,0.8875,0.874594873533703,0.74125,1
0.01,0.0131578947368421,"overconfident",8,0.75,0.6,0.5,2,"ensemble_mean",0.955177875243665,0.742751912974427,0.875,0.704525994699857,0.74125,1
0.01,0.0131578947368421,"overconfident",8,0.75,0.6,0.5,2,"ensemble_stability",0.815204678362573,0.831986961033026,0.675,0.558891638638536,0.74125,1
0.01,0.0131578947368421,"overconfident",8,0.75,0.6,0.5,2,"supported_mean",0.953423489278752,0.725860968677372,0.8625,0.701810549630486,0.74125,1
0.01,0.0131578947368421,"overconfident",8,0.75,0.6,0.5,2,"supported_stability",0.814961013645224,0.826240470582919,0.6625,0.558292332403756,0.74125,1
0.05,0.0585526315789474,"overconfident",8,0.75,0.6,0.5,2,"binary",0.857994186046512,0.433570702821556,0.4625,0.597232241687959,0.745,1
0.05,0.0585526315789474,"overconfident",8,0.75,0.6,0.5,2,"expected_sign",0.859072189922481,0.419370347062621,0.4375,0.597694610032407,0.745,1
0.05,0.0585526315789474,"overconfident",8,0.75,0.6,0.5,2,"ensemble_mean",0.856577034883721,0.376137209897493,0.425,0.451208306604269,0.745,1
0.05,0.0585526315789474,"overconfident",8,0.75,0.6,0.5,2,"ensemble_stability",0.413299418604651,0.182556591036079,0.1,-0.122776963265521,0.745,1
0.05,0.0585526315789474,"overconfident",8,0.75,0.6,0.5,2,"supported_mean",0.839789244186047,0.338406329831704,0.3125,0.429975885386586,0.745,1
0.05,0.0585526315789474,"overconfident",8,0.75,0.6,0.5,2,"supported_stability",0.416860465116279,0.181704249023751,0.075,-0.117551288373453,0.745,1
0.15,0.155921052631579,"overconfident",8,0.75,0.6,0.5,2,"binary",0.654182879377432,0.225512125411595,0,0.219009492078258,0.7425,1
0.15,0.155921052631579,"overconfident",8,0.75,0.6,0.5,2,"expected_sign",0.663399805447471,0.225998503557123,0,0.23184862683887,0.7425,1
0.15,0.155921052631579,"overconfident",8,0.75,0.6,0.5,2,"ensemble_mean",0.554644941634241,0.142055145599097,0,0.0663290802991986,0.7425,1
0.15,0.155921052631579,"overconfident",8,0.75,0.6,0.5,2,"ensemble_stability",0.356031128404669,0.202742202748276,0,-0.224240940964948,0.7425,1
0.15,0.155921052631579,"overconfident",8,0.75,0.6,0.5,2,"supported_mean",0.684934338521401,0.188632087065851,0,0.224477622524543,0.7425,1
0.15,0.155921052631579,"overconfident",8,0.75,0.6,0.5,2,"supported_stability",0.356031128404669,0.202742202748276,0,-0.224197806112818,0.7425,1
0.01,0.00921052631578947,"calibrated",3,0.25,0.1,1,2,"binary",0.992098496835443,0.949167464069361,0.9875,0.943633562422949,0.89,1
0.01,0.00921052631578947,"calibrated",3,0.25,0.1,1,2,"expected_sign",0.993443433544304,0.997004494141618,0.975,0.944233596871786,0.89,1
0.01,0.00921052631578947,"calibrated",3,0.25,0.1,1,2,"ensemble_mean",0.988627373417722,0.901314615312729,0.9625,0.634422929782766,0.89,1
0.01,0.00921052631578947,"calibrated",3,0.25,0.1,1,2,"ensemble_stability",0.945935522151899,0.961103783292875,0.9,0.78508286341557,0.89,1
0.01,0.00921052631578947,"calibrated",3,0.25,0.1,1,2,"supported_mean",0.990585443037975,0.94206374041814,0.9875,0.637300003959862,0.89,1
0.01,0.00921052631578947,"calibrated",3,0.25,0.1,1,2,"supported_stability",0.946459651898734,0.967532145193084,0.9,0.786502151128046,0.89,1
0.05,0.043421052631579,"calibrated",3,0.25,0.1,1,2,"binary",0.935249196141479,0.668775624285056,0.8375,0.734333104727734,0.8775,1
0.05,0.043421052631579,"calibrated",3,0.25,0.1,1,2,"expected_sign",0.940996784565916,0.702744812957575,0.7625,0.742690472207616,0.8775,1
0.05,0.043421052631579,"calibrated",3,0.25,0.1,1,2,"ensemble_mean",0.917011655948553,0.463099424707096,0.5625,0.472053240576317,0.8775,1
0.05,0.043421052631579,"calibrated",3,0.25,0.1,1,2,"ensemble_stability",0.544895498392283,0.246802112092935,0.3375,0.0546165849284398,0.8775,1
0.05,0.043421052631579,"calibrated",3,0.25,0.1,1,2,"supported_mean",0.907264871382637,0.423012804842219,0.525,0.461142771416752,0.8775,1
0.05,0.043421052631579,"calibrated",3,0.25,0.1,1,2,"supported_stability",0.558199356913183,0.413786877489592,0.3875,0.0706700690287061,0.8775,1
0.15,0.148026315789474,"calibrated",3,0.25,0.1,1,2,"binary",0.678863817891374,0.23277680519291,0,0.250803108354253,0.8825,1
0.15,0.148026315789474,"calibrated",3,0.25,0.1,1,2,"expected_sign",0.682158546325879,0.228103874876592,0,0.255239818704945,0.8825,1
0.15,0.148026315789474,"calibrated",3,0.25,0.1,1,2,"ensemble_mean",0.445447284345048,0.0995098657841117,0,-0.0610076275790597,0.8825,1
0.15,0.148026315789474,"calibrated",3,0.25,0.1,1,2,"ensemble_stability",0.300319488817891,0.133914199320951,0,-0.256617084050033,0.8825,1
0.15,0.148026315789474,"calibrated",3,0.25,0.1,1,2,"supported_mean",0.544159345047923,0.114947981197841,0,0.0493844695378092,0.8825,1
0.15,0.148026315789474,"calibrated",3,0.25,0.1,1,2,"supported_stability",0.300319488817891,0.133914199320951,0,-0.256525164969797,0.8825,1
0.01,0.00855263157894737,"overconfident",3,0.25,0.1,1,2,"binary",0.999193548387097,1,1,0.948160529526006,0.875,1
0.01,0.00855263157894737,"overconfident",3,0.25,0.1,1,2,"expected_sign",0.999556451612903,0.99606723485409,0.9875,0.946674465070688,0.875,1
0.01,0.00855263157894737,"overconfident",3,0.25,0.1,1,2,"ensemble_mean",0.99945564516129,0.995723275920233,0.9625,0.735603920230772,0.875,1
0.01,0.00855263157894737,"overconfident",3,0.25,0.1,1,2,"ensemble_stability",0.947913306451613,0.976776559030642,0.9,0.837578526157304,0.875,1
0.01,0.00855263157894737,"overconfident",3,0.25,0.1,1,2,"supported_mean",0.999173387096774,0.999689429012346,0.9875,0.735446916667565,0.875,1
0.01,0.00855263157894737,"overconfident",3,0.25,0.1,1,2,"supported_stability",0.948064516129032,0.976449394786502,0.9,0.83807861057346,0.875,1
0.05,0.0559210526315789,"overconfident",3,0.25,0.1,1,2,"binary",0.912540192926045,0.578951657969364,0.75,0.665100277871246,0.8775,1
0.05,0.0559210526315789,"overconfident",3,0.25,0.1,1,2,"expected_sign",0.914911575562701,0.57250224777767,0.7,0.667977680113917,0.8775,1
0.05,0.0559210526315789,"overconfident",3,0.25,0.1,1,2,"ensemble_mean",0.906712218649518,0.473565379812713,0.575,0.48199361845769,0.8775,1
0.05,0.0559210526315789,"overconfident",3,0.25,0.1,1,2,"ensemble_stability",0.759103697749196,0.575756490731236,0.6,0.366985459795522,0.8775,1
0.05,0.0559210526315789,"overconfident",3,0.25,0.1,1,2,"supported_mean",0.914238344051447,0.520255090830004,0.6625,0.490971244395376,0.8775,1
0.05,0.0559210526315789,"overconfident",3,0.25,0.1,1,2,"supported_stability",0.763534967845659,0.628357868292409,0.6,0.37294482544744,0.8775,1
0.15,0.145394736842105,"overconfident",3,0.25,0.1,1,2,"binary",0.742711598746082,0.260724454514051,0,0.342569168987079,0.8975,1
0.15,0.145394736842105,"overconfident",3,0.25,0.1,1,2,"expected_sign",0.749422021943574,0.253177654359147,0,0.351627346857354,0.8975,1
0.15,0.145394736842105,"overconfident",3,0.25,0.1,1,2,"ensemble_mean",0.691918103448276,0.164237210309559,0,0.214217662804155,0.8975,1
0.15,0.145394736842105,"overconfident",3,0.25,0.1,1,2,"ensemble_stability",0.307210031347962,0.135716944382739,0,-0.24857295528646,0.8975,1
0.15,0.145394736842105,"overconfident",3,0.25,0.1,1,2,"supported_mean",0.705936520376176,0.170680986720119,0,0.229865829568624,0.8975,1
0.15,0.145394736842105,"overconfident",3,0.25,0.1,1,2,"supported_stability",0.307210031347962,0.135716944382739,0,-0.248359543328585,0.8975,1
0.01,0.0118421052631579,"calibrated",8,0.25,0.1,1,2,"binary",0.979382987220447,0.946162276252291,0.9625,0.91914835181225,0.8825,1
0.01,0.0118421052631579,"calibrated",8,0.25,0.1,1,2,"expected_sign",0.979143370607029,0.944198389851976,0.9625,0.916877479840617,0.8825,1
0.01,0.0118421052631579,"calibrated",8,0.25,0.1,1,2,"ensemble_mean",0.97879392971246,0.858511947413952,0.95,0.64562383058758,0.8825,1
0.01,0.0118421052631579,"calibrated",8,0.25,0.1,1,2,"ensemble_stability",0.950419329073482,0.955225233310031,0.875,0.753652866939362,0.8825,1
0.01,0.0118421052631579,"calibrated",8,0.25,0.1,1,2,"supported_mean",0.977775559105431,0.834550985137754,0.95,0.644510383982081,0.8825,1
0.01,0.0118421052631579,"calibrated",8,0.25,0.1,1,2,"supported_stability",0.952306309904153,0.96171718060408,0.9125,0.757063756426264,0.8825,1
0.05,0.0473684210526316,"calibrated",8,0.25,0.1,1,2,"binary",0.9502,0.673202841911385,0.8375,0.741842793389105,0.88125,1
0.05,0.0473684210526316,"calibrated",8,0.25,0.1,1,2,"expected_sign",0.94762,0.643411262261525,0.7375,0.736381741627823,0.88125,1
0.05,0.0473684210526316,"calibrated",8,0.25,0.1,1,2,"ensemble_mean",0.91858,0.458744106420272,0.5375,0.475197254175152,0.88125,1
0.05,0.0473684210526316,"calibrated",8,0.25,0.1,1,2,"ensemble_stability",0.58659,0.223710735026201,0.325,0.104804049588656,0.88125,1
0.05,0.0473684210526316,"calibrated",8,0.25,0.1,1,2,"supported_mean",0.88022,0.355736268367878,0.3375,0.431697262376102,0.88125,1
0.05,0.0473684210526316,"calibrated",8,0.25,0.1,1,2,"supported_stability",0.58979,0.189040372331936,0.1,0.108500188668683,0.88125,1
0.15,0.144078947368421,"calibrated",8,0.25,0.1,1,2,"binary",0.742445826645265,0.250595863085515,0,0.330255805650153,0.87875,1
0.15,0.144078947368421,"calibrated",8,0.25,0.1,1,2,"expected_sign",0.73670746388443,0.238798683853347,0,0.322237438551495,0.87875,1
0.15,0.144078947368421,"calibrated",8,0.25,0.1,1,2,"ensemble_mean",0.453350722311396,0.100169850325532,0,-0.0519284415444662,0.87875,1
0.15,0.144078947368421,"calibrated",8,0.25,0.1,1,2,"ensemble_stability",0.284109149277689,0.125968768440783,0,-0.27171658977877,0.87875,1
0.15,0.144078947368421,"calibrated",8,0.25,0.1,1,2,"supported_mean",0.629073033707865,0.137859559919145,0,0.143679855679807,0.87875,1
0.15,0.144078947368421,"calibrated",8,0.25,0.1,1,2,"supported_stability",0.284109149277689,0.125968768440783,0,-0.271588289393829,0.87875,1
0.01,0.00657894736842105,"overconfident",8,0.25,0.1,1,2,"binary",0.996865203761755,0.912749498002273,0.975,0.957592559301375,0.8975,1
0.01,0.00657894736842105,"overconfident",8,0.25,0.1,1,2,"expected_sign",0.997903605015674,0.945396923378622,0.975,0.957525948974307,0.8975,1
0.01,0.00657894736842105,"overconfident",8,0.25,0.1,1,2,"ensemble_mean",0.995973746081505,0.911029788916331,0.9625,0.751887931410754,0.8975,1
0.01,0.00657894736842105,"overconfident",8,0.25,0.1,1,2,"ensemble_stability",0.941447884012539,0.977699302804659,0.8875,0.853939362379136,0.8975,1
0.01,0.00657894736842105,"overconfident",8,0.25,0.1,1,2,"supported_mean",0.996032523510972,0.911996965733724,0.9625,0.752165694105883,0.8975,1
0.01,0.00657894736842105,"overconfident",8,0.25,0.1,1,2,"supported_stability",0.940644592476489,0.976679899323327,0.875,0.852700975020248,0.8975,1
0.05,0.0539473684210526,"overconfident",8,0.25,0.1,1,2,"binary",0.896064814814815,0.505566107221352,0.6375,0.640342719616396,0.87625,1
0.05,0.0539473684210526,"overconfident",8,0.25,0.1,1,2,"expected_sign",0.905475040257649,0.553084210762553,0.6625,0.654791263446352,0.87625,1
0.05,0.0539473684210526,"overconfident",8,0.25,0.1,1,2,"ensemble_mean",0.885929951690821,0.492530316304011,0.6125,0.461987747169495,0.87625,1
0.05,0.0539473684210526,"overconfident",8,0.25,0.1,1,2,"ensemble_stability",0.715116747181965,0.552920987084475,0.525,0.308349312773722,0.87625,1
0.05,0.0539473684210526,"overconfident",8,0.25,0.1,1,2,"supported_mean",0.885789049919485,0.488076582601866,0.625,0.461854801488046,0.87625,1
0.05,0.0539473684210526,"overconfident",8,0.25,0.1,1,2,"supported_stability",0.714221014492754,0.566178531432241,0.5125,0.306762868317392,0.87625,1
0.15,0.154605263157895,"overconfident",8,0.25,0.1,1,2,"binary",0.70044498381877,0.241646016247326,0,0.280278556537075,0.8725,1
0.15,0.154605263157895,"overconfident",8,0.25,0.1,1,2,"expected_sign",0.699443770226537,0.236192587140442,0,0.27871793097711,0.8725,1
0.15,0.154605263157895,"overconfident",8,0.25,0.1,1,2,"ensemble_mean",0.680299352750809,0.173681524516864,0,0.203133211023503,0.8725,1
0.15,0.154605263157895,"overconfident",8,0.25,0.1,1,2,"ensemble_stability",0.322815533980583,0.149289614261846,0,-0.237849795769407,0.8725,1
0.15,0.154605263157895,"overconfident",8,0.25,0.1,1,2,"supported_mean",0.682190533980582,0.170309572166417,0,0.205265077117027,0.8725,1
0.15,0.154605263157895,"overconfident",8,0.25,0.1,1,2,"supported_stability",0.322815533980583,0.149289614261846,0,-0.237665429852688,0.8725,1
0.01,0.0118421052631579,"calibrated",3,0.75,0.1,1,2,"binary",0.977845447284345,0.909091807417371,0.9625,0.916200314955005,0.8825,1
0.01,0.0118421052631579,"calibrated",3,0.75,0.1,1,2,"expected_sign",0.977286341853035,0.904336105321659,0.9375,0.913323913312511,0.8825,1
0.01,0.0118421052631579,"calibrated",3,0.75,0.1,1,2,"ensemble_mean",0.978434504792332,0.856667508002963,0.925,0.645139168441005,0.8825,1
0.01,0.0118421052631579,"calibrated",3,0.75,0.1,1,2,"ensemble_stability",0.933676118210863,0.930479581844655,0.8375,0.700568392159042,0.8825,1
0.01,0.0118421052631579,"calibrated",3,0.75,0.1,1,2,"supported_mean",0.978813897763578,0.859935128540982,0.9375,0.645650747961388,0.8825,1
0.01,0.0118421052631579,"calibrated",3,0.75,0.1,1,2,"supported_stability",0.935922523961661,0.933851360805489,0.8625,0.704008826371237,0.8825,1
0.05,0.0473684210526316,"calibrated",3,0.75,0.1,1,2,"binary",0.93652,0.574515878346111,0.725,0.719301109727885,0.88125,1
0.05,0.0473684210526316,"calibrated",3,0.75,0.1,1,2,"expected_sign",0.946,0.630628579063724,0.7125,0.733716672101356,0.88125,1
0.05,0.0473684210526316,"calibrated",3,0.75,0.1,1,2,"ensemble_mean",0.92348,0.477049350032211,0.575,0.480760099929916,0.88125,1
0.05,0.0473684210526316,"calibrated",3,0.75,0.1,1,2,"ensemble_stability",0.57361,0.24215656732247,0.2875,0.0900521206631445,0.88125,1
0.05,0.0473684210526316,"calibrated",3,0.75,0.1,1,2,"supported_mean",0.9174,0.472612069141426,0.625,0.473858526286559,0.88125,1
0.05,0.0473684210526316,"calibrated",3,0.75,0.1,1,2,"supported_stability",0.58811,0.293200229654056,0.3,0.10763196693869,0.88125,1
0.15,0.144078947368421,"calibrated",3,0.75,0.1,1,2,"binary",0.738021669341894,0.258817671111075,0,0.324457188761137,0.87875,1
0.15,0.144078947368421,"calibrated",3,0.75,0.1,1,2,"expected_sign",0.738713884430177,0.241131019629478,0,0.324968842989312,0.87875,1
0.15,0.144078947368421,"calibrated",3,0.75,0.1,1,2,"ensemble_mean",0.488222311396469,0.105285487323567,0,-0.0131105355641297,0.87875,1
0.15,0.144078947368421,"calibrated",3,0.75,0.1,1,2,"ensemble_stability",0.284109149277689,0.125968768440783,0,-0.271710251356967,0.87875,1
0.15,0.144078947368421,"calibrated",3,0.75,0.1,1,2,"supported_mean",0.642776886035313,0.143137285591973,0,0.158934533346418,0.87875,1
0.15,0.144078947368421,"calibrated",3,0.75,0.1,1,2,"supported_stability",0.284109149277689,0.125968768440783,0,-0.271588224993152,0.87875,1
0.01,0.00657894736842105,"overconfident",3,0.75,0.1,1,2,"binary",0.996865203761755,0.912749498002273,0.975,0.957592559301375,0.8975,1
0.01,0.00657894736842105,"overconfident",3,0.75,0.1,1,2,"expected_sign",0.996865203761755,0.912749498002273,0.975,0.95552898382672,0.8975,1
0.01,0.00657894736842105,"overconfident",3,0.75,0.1,1,2,"ensemble_mean",0.995973746081505,0.911029788916331,0.9625,0.751887966775305,0.8975,1
0.01,0.00657894736842105,"overconfident",3,0.75,0.1,1,2,"ensemble_stability",0.947423589341693,0.975506752828423,0.9,0.8444127807126,0.8975,1
0.01,0.00657894736842105,"overconfident",3,0.75,0.1,1,2,"supported_mean",0.995258620689655,0.880888952885762,0.9625,0.750775422747408,0.8975,1
0.01,0.00657894736842105,"overconfident",3,0.75,0.1,1,2,"supported_stability",0.946904388714734,0.97120598991893,0.875,0.8434195429071,0.8975,1
0.05,0.0539473684210526,"overconfident",3,0.75,0.1,1,2,"binary",0.903925120772947,0.558189586062743,0.725,0.653150174061869,0.87625,1
0.05,0.0539473684210526,"overconfident",3,0.75,0.1,1,2,"expected_sign",0.907709339774557,0.568348844111888,0.6625,0.658399376544175,0.87625,1
0.05,0.0539473684210526,"overconfident",3,0.75,0.1,1,2,"ensemble_mean",0.879951690821256,0.457366404411439,0.5625,0.454816717984034,0.87625,1
0.05,0.0539473684210526,"overconfident",3,0.75,0.1,1,2,"ensemble_stability",0.713234702093398,0.498399846089728,0.4875,0.288650907146295,0.87625,1
0.05,0.0539473684210526,"overconfident",3,0.75,0.1,1,2,"supported_mean",0.880032206119163,0.448119630277824,0.6125,0.454896664913942,0.87625,1
0.05,0.0539473684210526,"overconfident",3,0.75,0.1,1,2,"supported_stability",0.722735507246377,0.502684440549784,0.4875,0.300922676107787,0.87625,1
0.15,0.154605263157895,"overconfident",3,0.75,0.1,1,2,"binary",0.702750809061489,0.245911996631486,0,0.283534040707136,0.8725,1
0.15,0.154605263157895,"overconfident",3,0.75,0.1,1,2,"expected_sign",0.699241504854369,0.236157674404464,0,0.278435269924448,0.8725,1
0.15,0.154605263157895,"overconfident",3,0.75,0.1,1,2,"ensemble_mean",0.666231796116505,0.165659903380338,0,0.187284092692141,0.8725,1
0.15,0.154605263157895,"overconfident",3,0.75,0.1,1,2,"ensemble_stability",0.336569579288026,0.159331120660075,0,-0.225310660599946,0.8725,1
0.15,0.154605263157895,"overconfident",3,0.75,0.1,1,2,"supported_mean",0.679722896440129,0.169656509537771,0,0.20248375175531,0.8725,1
0.15,0.154605263157895,"overconfident",3,0.75,0.1,1,2,"supported_stability",0.336569579288026,0.159331120660075,0,-0.225226464520964,0.8725,1
0.01,0.0164473684210526,"calibrated",8,0.75,0.1,1,2,"binary",0.982483948635634,0.909174421535134,0.975,0.899201743246662,0.87875,1
0.01,0.0164473684210526,"calibrated",8,0.75,0.1,1,2,"expected_sign",0.982343499197432,0.890283727246248,0.925,0.897045084283839,0.87875,1
0.01,0.0164473684210526,"calibrated",8,0.75,0.1,1,2,"ensemble_mean",0.977758828250401,0.854162668927902,0.925,0.627883388460961,0.87875,1
0.01,0.0164473684210526,"calibrated",8,0.75,0.1,1,2,"ensemble_stability",0.930487560192616,0.940298380620272,0.85,0.73824635725237,0.87875,1
0.01,0.0164473684210526,"calibrated",8,0.75,0.1,1,2,"supported_mean",0.977407704654896,0.857913753905268,0.9375,0.627517865519759,0.87875,1
0.01,0.0164473684210526,"calibrated",8,0.75,0.1,1,2,"supported_stability",0.930728330658106,0.940608417766526,0.85,0.738696831246889,0.87875,1
0.05,0.0513157894736842,"calibrated",8,0.75,0.1,1,2,"binary",0.931240141955836,0.58922598126023,0.75,0.699244678541094,0.8925,1
0.05,0.0513157894736842,"calibrated",8,0.75,0.1,1,2,"expected_sign",0.9426261829653,0.648634444424531,0.7375,0.71651157974951,0.8925,1
0.05,0.0513157894736842,"calibrated",8,0.75,0.1,1,2,"ensemble_mean",0.932078075709779,0.476558624217296,0.5875,0.485887785474537,0.8925,1
0.05,0.0513157894736842,"calibrated",8,0.75,0.1,1,2,"ensemble_stability",0.660814274447949,0.368056551685449,0.45,0.197937520068209,0.8925,1
0.05,0.0513157894736842,"calibrated",8,0.75,0.1,1,2,"supported_mean",0.900867507886435,0.387880312808388,0.45,0.450795648015012,0.8925,1
0.05,0.0513157894736842,"calibrated",8,0.75,0.1,1,2,"supported_stability",0.65978903785489,0.353565257011587,0.3625,0.196362172814296,0.8925,1
0.15,0.159868421052632,"calibrated",8,0.75,0.1,1,2,"binary",0.667617313915858,0.229075881254368,0,0.236494057313628,0.8725,1
0.15,0.159868421052632,"calibrated",8,0.75,0.1,1,2,"expected_sign",0.686084142394822,0.239293854640118,0.025,0.262440445980627,0.8725,1
0.15,0.159868421052632,"calibrated",8,0.75,0.1,1,2,"ensemble_mean",0.55503640776699,0.117257656559028,0,0.0615772603496297,0.8725,1
0.15,0.159868421052632,"calibrated",8,0.75,0.1,1,2,"ensemble_stability",0.287216828478964,0.128373629575294,0,-0.269839530182515,0.8725,1
0.15,0.159868421052632,"calibrated",8,0.75,0.1,1,2,"supported_mean",0.608717637540453,0.132823499591412,0,0.121638285328651,0.8725,1
0.15,0.159868421052632,"calibrated",8,0.75,0.1,1,2,"supported_stability",0.287216828478964,0.128373629575294,0,-0.269706713613914,0.8725,1
0.01,0.00986842105263158,"overconfident",8,0.75,0.1,1,2,"binary",0.998381877022654,0.950277188025527,0.9875,0.928898015267524,0.8725,1
0.01,0.00986842105263158,"overconfident",8,0.75,0.1,1,2,"expected_sign",0.997613268608414,0.942692662577978,0.975,0.92548032406703,0.8725,1
0.01,0.00986842105263158,"overconfident",8,0.75,0.1,1,2,"ensemble_mean",0.996480582524272,0.946559785920364,0.9625,0.765426505885684,0.8725,1
0.01,0.00986842105263158,"overconfident",8,0.75,0.1,1,2,"ensemble_stability",0.92914644012945,0.972791025779528,0.8625,0.83010016790171,0.8725,1
0.01,0.00986842105263158,"overconfident",8,0.75,0.1,1,2,"supported_mean",0.99897855987055,0.997783388766099,0.975,0.769348235125171,0.8725,1
0.01,0.00986842105263158,"overconfident",8,0.75,0.1,1,2,"supported_stability",0.929156553398058,0.972980031095827,0.8625,0.830182649275894,0.8725,1
0.05,0.0421052631578947,"overconfident",8,0.75,0.1,1,2,"binary",0.945951257861635,0.658973982907847,0.825,0.751693533496235,0.895,1
0.05,0.0421052631578947,"overconfident",8,0.75,0.1,1,2,"expected_sign",0.944791666666667,0.651440290329008,0.8125,0.748712194128674,0.895,1
0.05,0.0421052631578947,"overconfident",8,0.75,0.1,1,2,"ensemble_mean",0.931937893081761,0.539109427495657,0.675,0.510827297522584,0.895,1
0.05,0.0421052631578947,"overconfident",8,0.75,0.1,1,2,"ensemble_stability",0.770283018867924,0.574152976642449,0.625,0.354594426617155,0.895,1
0.05,0.0421052631578947,"overconfident",8,0.75,0.1,1,2,"supported_mean",0.927751572327044,0.515863241065364,0.675,0.505912396445439,0.895,1
0.05,0.0421052631578947,"overconfident",8,0.75,0.1,1,2,"supported_stability",0.770037342767296,0.588653846937977,0.6125,0.353529220420546,0.895,1
0.15,0.153289473684211,"overconfident",8,0.75,0.1,1,2,"binary",0.678459119496855,0.242745482967444,0,0.251324931941867,0.895,1
0.15,0.153289473684211,"overconfident",8,0.75,0.1,1,2,"expected_sign",0.678380503144654,0.233423061039518,0,0.251054813472714,0.895,1
0.15,0.153289473684211,"overconfident",8,0.75,0.1,1,2,"ensemble_mean",0.658834512578616,0.154305995767243,0,0.177593376912681,0.895,1
0.15,0.153289473684211,"overconfident",8,0.75,0.1,1,2,"ensemble_stability",0.313679245283019,0.139957011591564,0,-0.243109335261647,0.895,1
0.15,0.153289473684211,"overconfident",8,0.75,0.1,1,2,"supported_mean",0.66501572327044,0.15355337244635,0,0.184504507067158,0.895,1
0.15,0.153289473684211,"overconfident",8,0.75,0.1,1,2,"supported_stability",0.313679245283019,0.139957011591564,0,-0.242930679478355,0.895,1
0.01,0.0118421052631579,"calibrated",3,0.25,0.6,1,2,"binary",0.975332699619772,0.877599073941916,0.9625,0.907781668636004,0.7575,1
0.01,0.0118421052631579,"calibrated",3,0.25,0.6,1,2,"expected_sign",0.978873574144487,0.977267954164705,0.9625,0.91206619732866,0.7575,1
0.01,0.0118421052631579,"calibrated",3,0.25,0.6,1,2,"ensemble_mean",0.980133079847909,0.921663866019845,0.9375,0.663457717750958,0.7575,1
0.01,0.0118421052631579,"calibrated",3,0.25,0.6,1,2,"ensemble_stability",0.867300380228137,0.923329287083067,0.75,0.703285619345055,0.7575,1
0.01,0.0118421052631579,"calibrated",3,0.25,0.6,1,2,"supported_mean",0.979895437262357,0.893715972718293,0.95,0.663426070342722,0.7575,1
0.01,0.0118421052631579,"calibrated",3,0.25,0.6,1,2,"supported_stability",0.867003326996198,0.92261548946587,0.75,0.702941613409591,0.7575,1
0.05,0.0473684210526316,"calibrated",3,0.25,0.6,1,2,"binary",0.955164092664093,0.769737300249963,0.9125,0.754715437263651,0.7475,1
0.05,0.0473684210526316,"calibrated",3,0.25,0.6,1,2,"expected_sign",0.951085907335907,0.712687216348019,0.8,0.74612144696823,0.7475,1
0.05,0.0473684210526316,"calibrated",3,0.25,0.6,1,2,"ensemble_mean",0.907130791505791,0.461440464641329,0.5625,0.494379336248472,0.7475,1
0.05,0.0473684210526316,"calibrated",3,0.25,0.6,1,2,"ensemble_stability",0.543737934362934,0.239209651383812,0.2625,0.0578591039396465,0.7475,1
0.05,0.0473684210526316,"calibrated",3,0.25,0.6,1,2,"supported_mean",0.906624034749035,0.475987741353855,0.625,0.494160477898124,0.7475,1
0.05,0.0473684210526316,"calibrated",3,0.25,0.6,1,2,"supported_stability",0.56847249034749,0.398643849456638,0.3625,0.0905073690817929,0.7475,1
0.15,0.144078947368421,"calibrated",3,0.25,0.6,1,2,"binary",0.699712643678161,0.249420984237252,0,0.280259519713841,0.7525,1
0.15,0.144078947368421,"calibrated",3,0.25,0.6,1,2,"expected_sign",0.734985632183908,0.264958544543337,0.1375,0.32922555840095,0.7525,1
0.15,0.144078947368421,"calibrated",3,0.25,0.6,1,2,"ensemble_mean",0.571312260536398,0.141882526971956,0,0.0856955068056659,0.7525,1
0.15,0.144078947368421,"calibrated",3,0.25,0.6,1,2,"ensemble_stability",0.333333333333333,0.17920857176929,0,-0.244895478497033,0.7525,1
0.15,0.144078947368421,"calibrated",3,0.25,0.6,1,2,"supported_mean",0.650897988505747,0.167842431696457,0,0.181333191366938,0.7525,1
0.15,0.144078947368421,"calibrated",3,0.25,0.6,1,2,"supported_stability",0.333333333333333,0.17920857176929,0,-0.244861302823904,0.7525,1
0.01,0.00657894736842105,"overconfident",3,0.25,0.6,1,2,"binary",0.990176817288802,0.881172439774494,0.9625,0.937123578394241,0.73625,1
0.01,0.00657894736842105,"overconfident",3,0.25,0.6,1,2,"expected_sign",0.995628683693517,0.917044229313619,0.95,0.944000876195629,0.73625,1
0.01,0.00657894736842105,"overconfident",3,0.25,0.6,1,2,"ensemble_mean",0.992387033398821,0.90587442824378,0.925,0.764595851598226,0.73625,1
0.01,0.00657894736842105,"overconfident",3,0.25,0.6,1,2,"ensemble_stability",0.847360019646365,0.920903145045847,0.7375,0.700331933119962,0.73625,1
0.01,0.00657894736842105,"overconfident",3,0.25,0.6,1,2,"supported_mean",0.993639489194499,0.945707922877518,0.925,0.766866153804645,0.73625,1
0.01,0.00657894736842105,"overconfident",3,0.25,0.6,1,2,"supported_stability",0.847838899803536,0.92611660920685,0.7375,0.701459935396563,0.73625,1
0.05,0.0539473684210526,"overconfident",3,0.25,0.6,1,2,"binary",0.889732142857143,0.53541132617713,0.6875,0.640687112538217,0.73,1
0.05,0.0539473684210526,"overconfident",3,0.25,0.6,1,2,"expected_sign",0.895287698412698,0.549119526724866,0.6625,0.648510346681573,0.73,1
0.05,0.0539473684210526,"overconfident",3,0.25,0.6,1,2,"ensemble_mean",0.861768353174603,0.442412767979988,0.5125,0.4628585552026,0.73,1
0.05,0.0539473684210526,"overconfident",3,0.25,0.6,1,2,"ensemble_stability",0.599900793650794,0.370907021389766,0.3625,0.144445434505737,0.73,1
0.05,0.0539473684210526,"overconfident",3,0.25,0.6,1,2,"supported_mean",0.865649801587302,0.450271170167254,0.5875,0.467872450321088,0.73,1
0.05,0.0539473684210526,"overconfident",3,0.25,0.6,1,2,"supported_stability",0.604761904761905,0.389079879757205,0.375,0.151202633912981,0.73,1
0.15,0.154605263157895,"overconfident",3,0.25,0.6,1,2,"binary",0.643114203454894,0.232025916508123,0,0.201297680663549,0.75125,1
0.15,0.154605263157895,"overconfident",3,0.25,0.6,1,2,"expected_sign",0.652591170825336,0.222312936203795,0,0.214162428808886,0.75125,1
0.15,0.154605263157895,"overconfident",3,0.25,0.6,1,2,"ensemble_mean",0.639887236084453,0.172377164083555,0,0.168685805227693,0.75125,1
0.15,0.154605263157895,"overconfident",3,0.25,0.6,1,2,"ensemble_stability",0.336852207293666,0.182463934173554,0,-0.24174477969401,0.75125,1
0.15,0.154605263157895,"overconfident",3,0.25,0.6,1,2,"supported_mean",0.65753358925144,0.17847499901118,0,0.189965562455352,0.75125,1
0.15,0.154605263157895,"overconfident",3,0.25,0.6,1,2,"supported_stability",0.336852207293666,0.182463934173554,0,-0.241650687441912,0.75125,1
0.01,0.0164473684210526,"calibrated",8,0.25,0.6,1,2,"binary",0.973946360153257,0.78209769518386,0.9125,0.869317623946016,0.7525,1
0.01,0.0164473684210526,"calibrated",8,0.25,0.6,1,2,"expected_sign",0.981369731800766,0.890884652058843,0.9375,0.880606278918552,0.7525,1
0.01,0.0164473684210526,"calibrated",8,0.25,0.6,1,2,"ensemble_mean",0.974568965517241,0.824358061700424,0.9,0.653406324504835,0.7525,1
0.01,0.0164473684210526,"calibrated",8,0.25,0.6,1,2,"ensemble_stability",0.841044061302682,0.846550037335237,0.725,0.575241542131607,0.7525,1
0.01,0.0164473684210526,"calibrated",8,0.25,0.6,1,2,"supported_mean",0.972557471264368,0.836326781826494,0.95,0.651384440756986,0.7525,1
0.01,0.0164473684210526,"calibrated",8,0.25,0.6,1,2,"supported_stability",0.84073275862069,0.860841019609253,0.7,0.574927667152658,0.7525,1
0.05,0.0513157894736842,"calibrated",8,0.25,0.6,1,2,"binary",0.930019305019305,0.668093625169269,0.8375,0.700788478877652,0.7475,1
0.05,0.0513157894736842,"calibrated",8,0.25,0.6,1,2,"expected_sign",0.94327944015444,0.701669215091004,0.7875,0.720208963470849,0.7475,1
0.05,0.0513157894736842,"calibrated",8,0.25,0.6,1,2,"ensemble_mean",0.908470077220077,0.446361731357402,0.525,0.495423342783414,0.7475,1
0.05,0.0513157894736842,"calibrated",8,0.25,0.6,1,2,"ensemble_stability",0.478897200772201,0.190916187077684,0.1625,-0.0282712730755362,0.7475,1
0.05,0.0513157894736842,"calibrated",8,0.25,0.6,1,2,"supported_mean",0.885255791505791,0.394199848190046,0.425,0.467447880465321,0.7475,1
0.05,0.0513157894736842,"calibrated",8,0.25,0.6,1,2,"supported_stability",0.481479247104247,0.218585954000094,0.175,-0.0247883741413399,0.7475,1
0.15,0.159868421052632,"calibrated",8,0.25,0.6,1,2,"binary",0.646786723163842,0.245394975591549,0,0.213233479764888,0.76375,1
0.15,0.159868421052632,"calibrated",8,0.25,0.6,1,2,"expected_sign",0.663959510357815,0.24263645423897,0.0375,0.23782443993023,0.76375,1
0.15,0.159868421052632,"calibrated",8,0.25,0.6,1,2,"ensemble_mean",0.554943502824859,0.134445947274782,0,0.0654893741696378,0.76375,1
0.15,0.159868421052632,"calibrated",8,0.25,0.6,1,2,"ensemble_stability",0.326741996233522,0.171560333477232,0,-0.249503962934239,0.76375,1
0.15,0.159868421052632,"calibrated",8,0.25,0.6,1,2,"supported_mean",0.614289077212806,0.15156159394305,0,0.136225812541945,0.76375,1
0.15,0.159868421052632,"calibrated",8,0.25,0.6,1,2,"supported_stability",0.326741996233522,0.171560333477232,0,-0.249458597871726,0.76375,1
0.01,0.00986842105263158,"overconfident",8,0.25,0.6,1,2,"binary",0.997120921305182,0.950277188025527,0.9875,0.936630287755472,0.75125,1
0.01,0.00986842105263158,"overconfident",8,0.25,0.6,1,2,"expected_sign",0.997600767754319,0.978691471411201,0.9625,0.934606502819523,0.75125,1
0.01,0.00986842105263158,"overconfident",8,0.25,0.6,1,2,"ensemble_mean",0.994793666026871,0.945334253320333,0.95,0.783146708847176,0.75125,1
0.01,0.00986842105263158,"overconfident",8,0.25,0.6,1,2,"ensemble_stability",0.87635556621881,0.950491353381714,0.7875,0.759048713583101,0.75125,1
0.01,0.00986842105263158,"overconfident",8,0.25,0.6,1,2,"supported_mean",0.995165547024952,0.912459137955815,0.975,0.784137220977717,0.75125,1
0.01,0.00986842105263158,"overconfident",8,0.25,0.6,1,2,"supported_stability",0.876451535508637,0.95194245414149,0.7875,0.759593883126702,0.75125,1
0.05,0.0421052631578947,"overconfident",8,0.25,0.6,1,2,"binary",0.941215886939571,0.714400805532921,0.875,0.74118506138325,0.74125,1
0.05,0.0421052631578947,"overconfident",8,0.25,0.6,1,2,"expected_sign",0.938864522417154,0.658471392679494,0.7625,0.735276432157977,0.74125,1
0.05,0.0421052631578947,"overconfident",8,0.25,0.6,1,2,"ensemble_mean",0.924415204678363,0.559448416860859,0.675,0.537645121324824,0.74125,1
0.05,0.0421052631578947,"overconfident",8,0.25,0.6,1,2,"ensemble_stability",0.656883528265107,0.518656159924777,0.4625,0.234414802022136,0.74125,1
0.05,0.0421052631578947,"overconfident",8,0.25,0.6,1,2,"supported_mean",0.914997563352827,0.51700164516616,0.6875,0.525882050208641,0.74125,1
0.05,0.0421052631578947,"overconfident",8,0.25,0.6,1,2,"supported_stability",0.653630604288499,0.525388725032244,0.45,0.229223614940065,0.74125,1
0.15,0.153289473684211,"overconfident",8,0.25,0.6,1,2,"binary",0.656852551984877,0.253774941838471,0,0.230440851620145,0.76125,1
0.15,0.153289473684211,"overconfident",8,0.25,0.6,1,2,"expected_sign",0.653946124763705,0.243461075793851,0,0.225961264980949,0.76125,1
0.15,0.153289473684211,"overconfident",8,0.25,0.6,1,2,"ensemble_mean",0.644907844990548,0.169351239660433,0,0.174590668529552,0.76125,1
0.15,0.153289473684211,"overconfident",8,0.25,0.6,1,2,"ensemble_stability",0.328922495274102,0.173784833179252,0,-0.247865552935341,0.76125,1
0.15,0.153289473684211,"overconfident",8,0.25,0.6,1,2,"supported_mean",0.668159262759924,0.178404500208242,0,0.202605053375799,0.76125,1
0.15,0.153289473684211,"overconfident",8,0.25,0.6,1,2,"supported_stability",0.328922495274102,0.173784833179252,0,-0.247755922487743,0.76125,1
0.01,0.0164473684210526,"calibrated",3,0.75,0.6,1,2,"binary",0.977681992337165,0.82505381376557,0.9375,0.876169473623111,0.7525,1
0.01,0.0164473684210526,"calibrated",3,0.75,0.6,1,2,"expected_sign",0.980747126436782,0.880994546483248,0.925,0.879467299550734,0.7525,1
0.01,0.0164473684210526,"calibrated",3,0.75,0.6,1,2,"ensemble_mean",0.974473180076628,0.823711125660565,0.9,0.653274430803978,0.7525,1
0.01,0.0164473684210526,"calibrated",3,0.75,0.6,1,2,"ensemble_stability",0.84161877394636,0.848411881703116,0.7125,0.576162877869376,0.7525,1
0.01,0.0164473684210526,"calibrated",3,0.75,0.6,1,2,"supported_mean",0.974137931034483,0.810219952789398,0.925,0.652812845963398,0.7525,1
0.01,0.0164473684210526,"calibrated",3,0.75,0.6,1,2,"supported_stability",0.843306992337165,0.855430310039234,0.725,0.578853246043142,0.7525,1
0.05,0.0513157894736842,"calibrated",3,0.75,0.6,1,2,"binary",0.943593146718147,0.763856457678688,0.9125,0.722692185644654,0.7475,1
0.05,0.0513157894736842,"calibrated",3,0.75,0.6,1,2,"expected_sign",0.947381756756757,0.738241070187099,0.8,0.726874116239844,0.7475,1
0.05,0.0513157894736842,"calibrated",3,0.75,0.6,1,2,"ensemble_mean",0.913344594594595,0.460972242557372,0.5625,0.501335517965273,0.7475,1
0.05,0.0513157894736842,"calibrated",3,0.75,0.6,1,2,"ensemble_stability",0.524179536679537,0.223351957892396,0.225,0.0322803875573108,0.7475,1
0.05,0.0513157894736842,"calibrated",3,0.75,0.6,1,2,"supported_mean",0.912234555984556,0.46955280516945,0.6,0.500018098163155,0.7475,1
0.05,0.0513157894736842,"calibrated",3,0.75,0.6,1,2,"supported_stability",0.524987934362934,0.244977041557697,0.2375,0.0333255840061265,0.7475,1
0.15,0.159868421052632,"calibrated",3,0.75,0.6,1,2,"binary",0.662382297551789,0.253401172654156,0,0.23577943145605,0.76375,1
0.15,0.159868421052632,"calibrated",3,0.75,0.6,1,2,"expected_sign",0.675682674199623,0.252861622420384,0.0625,0.254828972749362,0.76375,1
0.15,0.159868421052632,"calibrated",3,0.75,0.6,1,2,"ensemble_mean",0.56206450094162,0.136249924428337,0,0.0739771796748169,0.76375,1
0.15,0.159868421052632,"calibrated",3,0.75,0.6,1,2,"ensemble_stability",0.326741996233522,0.171560333477232,0,-0.249507636071012,0.76375,1
0.15,0.159868421052632,"calibrated",3,0.75,0.6,1,2,"supported_mean",0.641278248587571,0.161628111925454,0,0.168395237556766,0.76375,1
0.15,0.159868421052632,"calibrated",3,0.75,0.6,1,2,"supported_stability",0.326741996233522,0.171560333477232,0,-0.249458363761515,0.76375,1
0.01,0.00986842105263158,"overconfident",3,0.75,0.6,1,2,"binary",0.995201535508637,0.912749498002273,0.975,0.933013921543032,0.75125,1
0.01,0.00986842105263158,"overconfident",3,0.75,0.6,1,2,"expected_sign",0.997072936660269,0.972058026061248,0.95,0.933615116943822,0.75125,1
0.01,0.00986842105263158,"overconfident",3,0.75,0.6,1,2,"ensemble_mean",0.991002879078695,0.850551642644121,0.925,0.777046041663812,0.75125,1
0.01,0.00986842105263158,"overconfident",3,0.75,0.6,1,2,"ensemble_stability",0.869613723608445,0.946124255837963,0.7875,0.749630140951191,0.75125,1
0.01,0.00986842105263158,"overconfident",3,0.75,0.6,1,2,"supported_mean",0.993162188099808,0.879658383742757,0.95,0.780463297649629,0.75125,1
0.01,0.00986842105263158,"overconfident",3,0.75,0.6,1,2,"supported_stability",0.869829654510557,0.947021040727737,0.7875,0.750062291272065,0.75125,1
0.05,0.0421052631578947,"overconfident",3,0.75,0.6,1,2,"binary",0.933905945419103,0.645682939541639,0.8125,0.728765157091867,0.74125,1
0.05,0.0421052631578947,"overconfident",3,0.75,0.6,1,2,"expected_sign",0.936184210526316,0.635330529449781,0.775,0.730785820446391,0.74125,1
0.05,0.0421052631578947,"overconfident",3,0.75,0.6,1,2,"ensemble_mean",0.924208089668616,0.561099000099782,0.6875,0.537391148280199,0.74125,1
0.05,0.0421052631578947,"overconfident",3,0.75,0.6,1,2,"ensemble_stability",0.654653996101365,0.513712211016147,0.4625,0.228715944150247,0.74125,1
0.05,0.0421052631578947,"overconfident",3,0.75,0.6,1,2,"supported_mean",0.922624269005848,0.552058083378719,0.675,0.535402586426997,0.74125,1
0.05,0.0421052631578947,"overconfident",3,0.75,0.6,1,2,"supported_stability",0.654922027290448,0.514351516523749,0.4625,0.228797558313828,0.74125,1
0.15,0.153289473684211,"overconfident",3,0.75,0.6,1,2,"binary",0.649480151228733,0.248030569600763,0,0.219608339772223,0.76125,1
0.15,0.153289473684211,"overconfident",3,0.75,0.6,1,2,"expected_sign",0.648676748582231,0.240071419055788,0,0.218226903953972,0.76125,1
0.15,0.153289473684211,"overconfident",3,0.75,0.6,1,2,"ensemble_mean",0.63663752362949,0.165839199055644,0,0.164626262533707,0.76125,1
0.15,0.153289473684211,"overconfident",3,0.75,0.6,1,2,"ensemble_stability",0.334593572778828,0.178412948280473,0,-0.242393272021843,0.76125,1
0.15,0.153289473684211,"overconfident",3,0.75,0.6,1,2,"supported_mean",0.669836956521739,0.179703156164365,0,0.204626245042978,0.76125,1
0.15,0.153289473684211,"overconfident",3,0.75,0.6,1,2,"supported_stability",0.334593572778828,0.178412948280473,0,-0.242305885058045,0.76125,1
0.01,0.00855263157894737,"calibrated",8,0.75,0.6,1,2,"binary",0.982674199623352,0.910569634755451,0.975,0.926402478567821,0.76375,1
0.01,0.00855263157894737,"calibrated",8,0.75,0.6,1,2,"expected_sign",0.984322033898305,0.939358140954656,0.9375,0.926867093062579,0.76375,1
0.01,0.00855263157894737,"calibrated",8,0.75,0.6,1,2,"ensemble_mean",0.99159604519774,0.931392230551703,0.9375,0.671156898856535,0.76375,1
0.01,0.00855263157894737,"calibrated",8,0.75,0.6,1,2,"ensemble_stability",0.888983050847458,0.91378351127531,0.775,0.717961982154348,0.76375,1
0.01,0.00855263157894737,"calibrated",8,0.75,0.6,1,2,"supported_mean",0.991172316384181,0.929883084379409,0.95,0.670551781503049,0.76375,1
0.01,0.00855263157894737,"calibrated",8,0.75,0.6,1,2,"supported_stability",0.889500941619586,0.91227298909937,0.75,0.718882916001291,0.76375,1
0.05,0.0473684210526316,"calibrated",8,0.75,0.6,1,2,"binary",0.905597722960152,0.652929352999125,0.8375,0.680354063624683,0.75875,1
0.05,0.0473684210526316,"calibrated",8,0.75,0.6,1,2,"expected_sign",0.905218216318786,0.630579059163938,0.75,0.678406036966822,0.75875,1
0.05,0.0473684210526316,"calibrated",8,0.75,0.6,1,2,"ensemble_mean",0.891793168880455,0.421117585583359,0.5,0.473799819173459,0.75875,1
0.05,0.0473684210526316,"calibrated",8,0.75,0.6,1,2,"ensemble_stability",0.524442599620493,0.213266492868599,0.2625,0.0323768757033358,0.75875,1
0.05,0.0473684210526316,"calibrated",8,0.75,0.6,1,2,"supported_mean",0.875913187855787,0.379643536937989,0.45,0.454600606436917,0.75875,1
0.05,0.0473684210526316,"calibrated",8,0.75,0.6,1,2,"supported_stability",0.527312618595825,0.215482539383174,0.2125,0.0361377959147361,0.75875,1
0.15,0.155263157894737,"calibrated",8,0.75,0.6,1,2,"binary",0.712878787878788,0.246529983215791,0,0.297141714916271,0.76,1
0.15,0.155263157894737,"calibrated",8,0.75,0.6,1,2,"expected_sign",0.728397253787879,0.241551335206791,0.0125,0.318161616674607,0.76,1
0.15,0.155263157894737,"calibrated",8,0.75,0.6,1,2,"ensemble_mean",0.528006628787879,0.130990639928362,0,0.0335671213676804,0.76,1
0.15,0.155263157894737,"calibrated",8,0.75,0.6,1,2,"ensemble_stability",0.334280303030303,0.178412948280473,0,-0.242836924063018,0.76,1
0.15,0.155263157894737,"calibrated",8,0.75,0.6,1,2,"supported_mean",0.649431818181818,0.165513588043614,0,0.179100315330164,0.76,1
0.15,0.155263157894737,"calibrated",8,0.75,0.6,1,2,"supported_stability",0.334280303030303,0.178412948280473,0,-0.242796733343364,0.76,1
0.01,0.00986842105263158,"overconfident",8,0.75,0.6,1,2,"binary",0.983353024574669,0.852552264021669,0.95,0.919201893062045,0.76125,1
0.01,0.00986842105263158,"overconfident",8,0.75,0.6,1,2,"expected_sign",0.988208884688091,0.900190792407624,0.925,0.925458013042359,0.76125,1
0.01,0.00986842105263158,"overconfident",8,0.75,0.6,1,2,"ensemble_mean",0.983612948960302,0.867018635172703,0.9125,0.738602671460232,0.76125,1
0.01,0.00986842105263158,"overconfident",8,0.75,0.6,1,2,"ensemble_stability",0.859321833648393,0.913671829758168,0.7375,0.698247766997902,0.76125,1
0.01,0.00986842105263158,"overconfident",8,0.75,0.6,1,2,"supported_mean",0.981261814744802,0.819389174837441,0.9125,0.735091034296764,0.76125,1
0.01,0.00986842105263158,"overconfident",8,0.75,0.6,1,2,"supported_stability",0.859652646502836,0.914452539809814,0.7375,0.698934625413122,0.76125,1
0.05,0.0467105263157895,"overconfident",8,0.75,0.6,1,2,"binary",0.908668958742633,0.584957923725372,0.75,0.678043859973572,0.73625,1
0.05,0.0467105263157895,"overconfident",8,0.75,0.6,1,2,"expected_sign",0.917878192534381,0.604157429457928,0.7125,0.691567548884941,0.73625,1
0.05,0.0467105263157895,"overconfident",8,0.75,0.6,1,2,"ensemble_mean",0.918197445972495,0.522294573305025,0.675,0.527515093501725,0.73625,1
0.05,0.0467105263157895,"overconfident",8,0.75,0.6,1,2,"ensemble_stability",0.67242141453831,0.503856052403612,0.475,0.2536249809674,0.73625,1
0.05,0.0467105263157895,"overconfident",8,0.75,0.6,1,2,"supported_mean",0.924410609037328,0.554612680762548,0.7,0.535374357780603,0.73625,1
0.05,0.0467105263157895,"overconfident",8,0.75,0.6,1,2,"supported_stability",0.678990667976424,0.541454215863431,0.4875,0.262936627309541,0.73625,1
0.15,0.145394736842105,"overconfident",8,0.75,0.6,1,2,"binary",0.718519417475728,0.272303762102374,0,0.313614673844915,0.74375,1
0.15,0.145394736842105,"overconfident",8,0.75,0.6,1,2,"expected_sign",0.715558252427185,0.258049271950265,0,0.308924340140843,0.74375,1
0.15,0.145394736842105,"overconfident",8,0.75,0.6,1,2,"ensemble_mean",0.687269417475728,0.191329566683609,0,0.226796860550616,0.74375,1
0.15,0.145394736842105,"overconfident",8,0.75,0.6,1,2,"ensemble_stability",0.339805825242718,0.186704847275338,0,-0.240003890764796,0.74375,1
0.15,0.145394736842105,"overconfident",8,0.75,0.6,1,2,"supported_mean",0.697803398058252,0.194405944738944,0,0.239554913626627,0.74375,1
0.15,0.145394736842105,"overconfident",8,0.75,0.6,1,2,"supported_stability",0.339805825242718,0.186704847275338,0,-0.239929717948175,0.74375,1
0.01,0.0131578947368421,"calibrated",3,0.25,0.1,0.5,3,"binary",0.988964229559748,0.879876935175452,0.9625,0.919585406750867,0.895,1
0.01,0.0131578947368421,"calibrated",3,0.25,0.1,0.5,3,"expected_sign",0.990123820754717,0.908363651652808,0.95,0.91993340345585,0.895,1
0.01,0.0131578947368421,"calibrated",3,0.25,0.1,0.5,3,"ensemble_mean",0.987568789308176,0.778004880749509,0.9,0.642977362347442,0.895,1
0.01,0.0131578947368421,"calibrated",3,0.25,0.1,0.5,3,"ensemble_stability",0.910514937106918,0.877799135889085,0.825,0.585226798635735,0.895,1
0.01,0.0131578947368421,"calibrated",3,0.25,0.1,0.5,3,"supported_mean",0.990467767295597,0.819189024935964,0.9125,0.646932125808767,0.895,1
0.01,0.0131578947368421,"calibrated",3,0.25,0.1,0.5,3,"supported_stability",0.914779874213836,0.892926983137702,0.8125,0.590745543455789,0.895,1
0.05,0.0585526315789474,"calibrated",3,0.25,0.1,0.5,3,"binary",0.872246784565916,0.388844193022863,0.3375,0.586313001781513,0.8775,1
0.05,0.0585526315789474,"calibrated",3,0.25,0.1,0.5,3,"expected_sign",0.883862540192926,0.414616485030016,0.4625,0.603853361366802,0.8775,1
0.05,0.0585526315789474,"calibrated",3,0.25,0.1,0.5,3,"ensemble_mean",0.833762057877814,0.26664001813245,0.05,0.378443093160346,0.8775,1
0.05,0.0585526315789474,"calibrated",3,0.25,0.1,0.5,3,"ensemble_stability",0.272508038585209,0.120694341056595,0,-0.282538198026984,0.8775,1
0.05,0.0585526315789474,"calibrated",3,0.25,0.1,0.5,3,"supported_mean",0.824055466237942,0.252490737458007,0,0.36746069915329,0.8775,1
0.05,0.0585526315789474,"calibrated",3,0.25,0.1,0.5,3,"supported_stability",0.272508038585209,0.120694341056595,0,-0.282211723324046,0.8775,1
0.15,0.157894736842105,"calibrated",3,0.25,0.1,0.5,3,"binary",0.659475806451613,0.222574827284254,0,0.220362509186242,0.875,1
0.15,0.157894736842105,"calibrated",3,0.25,0.1,0.5,3,"expected_sign",0.662883064516129,0.212682113689818,0,0.22479366581644,0.875,1
0.15,0.157894736842105,"calibrated",3,0.25,0.1,0.5,3,"ensemble_mean",0.444979838709677,0.0994837262215486,0,-0.0615765808931218,0.875,1
0.15,0.157894736842105,"calibrated",3,0.25,0.1,0.5,3,"ensemble_stability",0.3,0.134809518324751,0,-0.257970795653285,0.875,1
0.15,0.157894736842105,"calibrated",3,0.25,0.1,0.5,3,"supported_mean",0.580584677419355,0.12246560803099,0,0.0901874656760014,0.875,1
0.15,0.157894736842105,"calibrated",3,0.25,0.1,0.5,3,"supported_stability",0.3,0.134809518324751,0,-0.257853762290281,0.875,1
0.01,0.0105263157894737,"overconfident",3,0.25,0.1,0.5,3,"binary",0.973107890499195,0.746748573609917,0.8875,0.894081432569744,0.87625,1
0.01,0.0105263157894737,"overconfident",3,0.25,0.1,0.5,3,"expected_sign",0.973933172302738,0.75851542605332,0.8875,0.893830591969462,0.87625,1
0.01,0.0105263157894737,"overconfident",3,0.25,0.1,0.5,3,"ensemble_mean",0.983212560386473,0.738922549763024,0.8875,0.72638401838115,0.87625,1
0.01,0.0105263157894737,"overconfident",3,0.25,0.1,0.5,3,"ensemble_stability",0.874537037037037,0.876494778303881,0.7875,0.613020740795696,0.87625,1
0.01,0.0105263157894737,"overconfident",3,0.25,0.1,0.5,3,"supported_mean",0.982508051529791,0.724681778271119,0.875,0.725440225103009,0.87625,1
0.01,0.0105263157894737,"overconfident",3,0.25,0.1,0.5,3,"supported_stability",0.875251610305958,0.880806485058216,0.7625,0.614035995529149,0.87625,1
0.05,0.0539473684210526,"overconfident",3,0.25,0.1,0.5,3,"binary",0.884643710191083,0.423983447579832,0.4375,0.623674048407037,0.885,1
0.05,0.0539473684210526,"overconfident",3,0.25,0.1,0.5,3,"expected_sign",0.891142515923567,0.436198006994765,0.475,0.633354553502056,0.885,1
0.05,0.0539473684210526,"overconfident",3,0.25,0.1,0.5,3,"ensemble_mean",0.873636544585987,0.361307198748159,0.3625,0.441710689403004,0.885,1
0.05,0.0539473684210526,"overconfident",3,0.25,0.1,0.5,3,"ensemble_stability",0.473069267515924,0.163523630245947,0.2,-0.0337755002410351,0.885,1
0.05,0.0539473684210526,"overconfident",3,0.25,0.1,0.5,3,"supported_mean",0.859454617834395,0.322920075972281,0.2,0.424954179033814,0.885,1
0.05,0.0539473684210526,"overconfident",3,0.25,0.1,0.5,3,"supported_stability",0.48000597133758,0.159297498494282,0.1375,-0.0249691520198703,0.885,1
0.15,0.150657894736842,"overconfident",3,0.25,0.1,0.5,3,"binary",0.663974151857835,0.218121436532587,0,0.228455118170554,0.87375,1
0.15,0.150657894736842,"overconfident",3,0.25,0.1,0.5,3,"expected_sign",0.669002423263328,0.216769594568354,0,0.23530622782646,0.87375,1
0.15,0.150657894736842,"overconfident",3,0.25,0.1,0.5,3,"ensemble_mean",0.514004442649435,0.110595502548674,0,0.0157270939384025,0.87375,1
0.15,0.150657894736842,"overconfident",3,0.25,0.1,0.5,3,"ensemble_stability",0.356219709208401,0.176068240939506,0,-0.207202923284945,0.87375,1
0.15,0.150657894736842,"overconfident",3,0.25,0.1,0.5,3,"supported_mean",0.691538772213247,0.165279591768038,0,0.215100768242174,0.87375,1
0.15,0.150657894736842,"overconfident",3,0.25,0.1,0.5,3,"supported_stability",0.356219709208401,0.176068240939506,0,-0.207149795028399,0.87375,1
0.01,0.0125,"calibrated",8,0.25,0.1,0.5,3,"binary",0.983245967741936,0.804845985254428,0.925,0.900661059236138,0.875,1
0.01,0.0125,"calibrated",8,0.25,0.1,0.5,3,"expected_sign",0.986764112903226,0.861416143687011,0.9125,0.905288108323934,0.875,1
0.01,0.0125,"calibrated",8,0.25,0.1,0.5,3,"ensemble_mean",0.97914314516129,0.769164563819606,0.875,0.626741807501136,0.875,1
0.01,0.0125,"calibrated",8,0.25,0.1,0.5,3,"ensemble_stability",0.848679435483871,0.823572299347467,0.75,0.507084665011176,0.875,1
0.01,0.0125,"calibrated",8,0.25,0.1,0.5,3,"supported_mean",0.966512096774194,0.639770824938984,0.8,0.610493446697995,0.875,1
0.01,0.0125,"calibrated",8,0.25,0.1,0.5,3,"supported_stability",0.846522177419355,0.827369367202409,0.7375,0.503620645378332,0.875,1
0.05,0.0440789473684211,"calibrated",8,0.25,0.1,0.5,3,"binary",0.901791465378422,0.510460606012325,0.625,0.685196911123038,0.87625,1
0.05,0.0440789473684211,"calibrated",8,0.25,0.1,0.5,3,"expected_sign",0.897322866344605,0.460595504060439,0.5125,0.67623154772366,0.87625,1
0.05,0.0440789473684211,"calibrated",8,0.25,0.1,0.5,3,"ensemble_mean",0.867461755233494,0.338493557355464,0.2875,0.414363456543574,0.87625,1
0.05,0.0440789473684211,"calibrated",8,0.25,0.1,0.5,3,"ensemble_stability",0.331541867954911,0.11590930768923,0.075,-0.20139423284359,0.87625,1
0.05,0.0440789473684211,"calibrated",8,0.25,0.1,0.5,3,"supported_mean",0.842592592592593,0.28777489439576,0.0375,0.386388453224662,0.87625,1
0.05,0.0440789473684211,"calibrated",8,0.25,0.1,0.5,3,"supported_stability",0.346497584541063,0.11637553028179,0.025,-0.183076349150058,0.87625,1
0.15,0.157894736842105,"calibrated",8,0.25,0.1,0.5,3,"binary",0.680157480314961,0.2328092687374,0,0.251528176269002,0.89375,1
0.15,0.157894736842105,"calibrated",8,0.25,0.1,0.5,3,"expected_sign",0.681496062992126,0.222032207579654,0,0.25311449315684,0.89375,1
0.15,0.157894736842105,"calibrated",8,0.25,0.1,0.5,3,"ensemble_mean",0.442834645669291,0.0975725759270694,0,-0.0636077240053942,0.89375,1
0.15,0.157894736842105,"calibrated",8,0.25,0.1,0.5,3,"ensemble_stability",0.318897637795276,0.143443525210558,0,-0.238488972097027,0.89375,1
0.15,0.157894736842105,"calibrated",8,0.25,0.1,0.5,3,"supported_mean",0.57367125984252,0.118112743972858,0,0.0819737993030233,0.89375,1
0.15,0.157894736842105,"calibrated",8,0.25,0.1,0.5,3,"supported_stability",0.318897637795276,0.143443525210558,0,-0.238441251735058,0.89375,1
0.01,0.0105263157894737,"overconfident",8,0.25,0.1,0.5,3,"binary",0.982441437802908,0.784243803720988,0.9125,0.903266623376869,0.87375,1
0.01,0.0105263157894737,"overconfident",8,0.25,0.1,0.5,3,"expected_sign",0.983653069466882,0.802105111798266,0.9125,0.903657251636022,0.87375,1
0.01,0.0105263157894737,"overconfident",8,0.25,0.1,0.5,3,"ensemble_mean",0.981633683360258,0.77898721357259,0.9125,0.720750337232476,0.87375,1
0.01,0.0105263157894737,"overconfident",8,0.25,0.1,0.5,3,"ensemble_stability",0.893315831987076,0.900963966705321,0.8125,0.660734749703436,0.87375,1
0.01,0.0105263157894737,"overconfident",8,0.25,0.1,0.5,3,"supported_mean",0.983148222940226,0.799269598754409,0.925,0.723198852443674,0.87375,1
0.01,0.0105263157894737,"overconfident",8,0.25,0.1,0.5,3,"supported_stability",0.89423465266559,0.912642455765284,0.8125,0.662299465283078,0.87375,1
0.05,0.0506578947368421,"overconfident",8,0.25,0.1,0.5,3,"binary",0.869688498402556,0.417807718626114,0.425,0.60134302265763,0.8825,1
0.05,0.0506578947368421,"overconfident",8,0.25,0.1,0.5,3,"expected_sign",0.876807108626198,0.427222015894195,0.475,0.61208402320207,0.8825,1
0.05,0.0506578947368421,"overconfident",8,0.25,0.1,0.5,3,"ensemble_mean",0.859944089456869,0.36003152805152,0.425,0.42932130066247,0.8825,1
0.05,0.0506578947368421,"overconfident",8,0.25,0.1,0.5,3,"ensemble_stability",0.483875798722045,0.188876040851531,0.225,-0.0205000031905299,0.8825,1
0.05,0.0506578947368421,"overconfident",8,0.25,0.1,0.5,3,"supported_mean",0.854253194888179,0.339185367996084,0.3375,0.422551255895846,0.8825,1
0.05,0.0506578947368421,"overconfident",8,0.25,0.1,0.5,3,"supported_stability",0.477066693290735,0.185919726945485,0.225,-0.0290541774233208,0.8825,1
0.15,0.148684210526316,"overconfident",8,0.25,0.1,0.5,3,"binary",0.725274725274725,0.239982438211182,0,0.312826960013676,0.89625,1
0.15,0.148684210526316,"overconfident",8,0.25,0.1,0.5,3,"expected_sign",0.735321821036107,0.234605751792687,0,0.326336587450792,0.89625,1
0.15,0.148684210526316,"overconfident",8,0.25,0.1,0.5,3,"ensemble_mean",0.405563186813187,0.0904130863433353,0,-0.104764990154836,0.89625,1
0.15,0.148684210526316,"overconfident",8,0.25,0.1,0.5,3,"ensemble_stability",0.323390894819466,0.146042743614698,0,-0.234251009767757,0.89625,1
0.15,0.148684210526316,"overconfident",8,0.25,0.1,0.5,3,"supported_mean",0.527757064364207,0.107510627909111,0,0.030792754749368,0.89625,1
0.15,0.148684210526316,"overconfident",8,0.25,0.1,0.5,3,"supported_stability",0.323390894819466,0.146042743614698,0,-0.234121183975294,0.89625,1
0.01,0.0125,"calibrated",3,0.75,0.1,0.5,3,"binary",0.986431451612903,0.852089568822132,0.95,0.906598125212557,0.875,1
0.01,0.0125,"calibrated",3,0.75,0.1,0.5,3,"expected_sign",0.988316532258064,0.875511388386237,0.95,0.908175311270522,0.875,1
0.01,0.0125,"calibrated",3,0.75,0.1,0.5,3,"ensemble_mean",0.984737903225806,0.838053911182028,0.925,0.634045298177445,0.875,1
0.01,0.0125,"calibrated",3,0.75,0.1,0.5,3,"ensemble_stability",0.874778225806452,0.866428745080263,0.7875,0.553299322060737,0.875,1
0.01,0.0125,"calibrated",3,0.75,0.1,0.5,3,"supported_mean",0.981935483870968,0.794372433908528,0.9125,0.630379686712708,0.875,1
0.01,0.0125,"calibrated",3,0.75,0.1,0.5,3,"supported_stability",0.874183467741935,0.859160610683731,0.7875,0.551904362272127,0.875,1
0.05,0.0440789473684211,"calibrated",3,0.75,0.1,0.5,3,"binary",0.909138486312399,0.538675834143442,0.675,0.697628204162501,0.87625,1
0.05,0.0440789473684211,"calibrated",3,0.75,0.1,0.5,3,"expected_sign",0.908071658615137,0.504808099368011,0.6,0.694525668321685,0.87625,1
0.05,0.0440789473684211,"calibrated",3,0.75,0.1,0.5,3,"ensemble_mean",0.877747584541063,0.361024667543669,0.3625,0.42596243333827,0.87625,1
0.05,0.0440789473684211,"calibrated",3,0.75,0.1,0.5,3,"ensemble_stability",0.333856682769726,0.115973596654847,0.0875,-0.19726752602218,0.87625,1
0.05,0.0440789473684211,"calibrated",3,0.75,0.1,0.5,3,"supported_mean",0.857155797101449,0.309967790343511,0.1625,0.40274238237669,0.87625,1
0.05,0.0440789473684211,"calibrated",3,0.75,0.1,0.5,3,"supported_stability",0.351731078904992,0.123669610972098,0.0625,-0.175524492163278,0.87625,1
0.15,0.157894736842105,"calibrated",3,0.75,0.1,0.5,3,"binary",0.686771653543307,0.228449981889361,0,0.260584081459717,0.89375,1
0.15,0.157894736842105,"calibrated",3,0.75,0.1,0.5,3,"expected_sign",0.681496062992126,0.222032207579654,0,0.25311449315684,0.89375,1
0.15,0.157894736842105,"calibrated",3,0.75,0.1,0.5,3,"ensemble_mean",0.425551181102362,0.0949571468279871,0,-0.0828389842074356,0.89375,1
0.15,0.157894736842105,"calibrated",3,0.75,0.1,0.5,3,"ensemble_stability",0.315748031496063,0.14143015597603,0,-0.241299756933471,0.89375,1
0.15,0.157894736842105,"calibrated",3,0.75,0.1,0.5,3,"supported_mean",0.504862204724409,0.106870171564508,0,0.0054101610521514,0.89375,1
0.15,0.157894736842105,"calibrated",3,0.75,0.1,0.5,3,"supported_stability",0.315748031496063,0.14143015597603,0,-0.241248770657221,0.89375,1
0.01,0.0105263157894737,"overconfident",3,0.75,0.1,0.5,3,"binary",0.985632067851373,0.852201550904999,0.95,0.909387655051215,0.87375,1
0.01,0.0105263157894737,"overconfident",3,0.75,0.1,0.5,3,"expected_sign",0.986601373182552,0.849298804332356,0.925,0.909165861424496,0.87375,1
0.01,0.0105263157894737,"overconfident",3,0.75,0.1,0.5,3,"ensemble_mean",0.983148222940226,0.799071606526207,0.9125,0.723016730047415,0.87375,1
0.01,0.0105263157894737,"overconfident",3,0.75,0.1,0.5,3,"ensemble_stability",0.899939418416801,0.906744773699729,0.825,0.674140646015978,0.87375,1
0.01,0.0105263157894737,"overconfident",3,0.75,0.1,0.5,3,"supported_mean",0.978544022617124,0.74253053490985,0.8875,0.71612667167574,0.87375,1
0.01,0.0105263157894737,"overconfident",3,0.75,0.1,0.5,3,"supported_stability",0.900666397415186,0.905947205791312,0.825,0.675206253076401,0.87375,1
0.05,0.0506578947368421,"overconfident",3,0.75,0.1,0.5,3,"binary",0.880321485623003,0.449328201454142,0.5125,0.618605531233579,0.8825,1
0.05,0.0506578947368421,"overconfident",3,0.75,0.1,0.5,3,"expected_sign",0.889586661341853,0.472653148342059,0.5625,0.632843079657878,0.8825,1
0.05,0.0506578947368421,"overconfident",3,0.75,0.1,0.5,3,"ensemble_mean",0.868420527156549,0.383387088692596,0.4625,0.4394356485943,0.8825,1
0.05,0.0506578947368421,"overconfident",3,0.75,0.1,0.5,3,"ensemble_stability",0.559325079872204,0.222246570403747,0.3125,0.0766934092774379,0.8825,1
0.05,0.0506578947368421,"overconfident",3,0.75,0.1,0.5,3,"supported_mean",0.860642971246006,0.357327648767833,0.4125,0.430154805796129,0.8825,1
0.05,0.0506578947368421,"overconfident",3,0.75,0.1,0.5,3,"supported_stability",0.552885383386581,0.205735443974081,0.2625,0.0681925198742928,0.8825,1
0.15,0.148684210526316,"overconfident",3,0.75,0.1,0.5,3,"binary",0.42967032967033,0.164194018392024,0,-0.0946645593773157,0.89625,1
0.15,0.148684210526316,"overconfident",3,0.75,0.1,0.5,3,"expected_sign",0.424587912087912,0.162521774605014,0,-0.101487472432417,0.89625,1
0.15,0.148684210526316,"overconfident",3,0.75,0.1,0.5,3,"ensemble_mean",0.433820643642072,0.0930210243598123,0,-0.0734007108306432,0.89625,1
0.15,0.148684210526316,"overconfident",3,0.75,0.1,0.5,3,"ensemble_stability",0.323390894819466,0.146042743614698,0,-0.234263567097074,0.89625,1
0.15,0.148684210526316,"overconfident",3,0.75,0.1,0.5,3,"supported_mean",0.491385400313972,0.101377407380128,0,-0.00955460674307226,0.89625,1
0.15,0.148684210526316,"overconfident",3,0.75,0.1,0.5,3,"supported_stability",0.323390894819466,0.146042743614698,0,-0.234120595630334,0.89625,1
0.01,0.0118421052631579,"calibrated",8,0.75,0.1,0.5,3,"binary",0.975787401574803,0.784329564438202,0.9125,0.912334836995017,0.89375,1
0.01,0.0118421052631579,"calibrated",8,0.75,0.1,0.5,3,"expected_sign",0.979547244094488,0.838463033185529,0.9,0.917638361509287,0.89375,1
0.01,0.0118421052631579,"calibrated",8,0.75,0.1,0.5,3,"ensemble_mean",0.97871062992126,0.768833799362093,0.9,0.624474093661066,0.89375,1
0.01,0.0118421052631579,"calibrated",8,0.75,0.1,0.5,3,"ensemble_stability",0.871043307086614,0.820708614519282,0.75,0.521093064196277,0.89375,1
0.01,0.0118421052631579,"calibrated",8,0.75,0.1,0.5,3,"supported_mean",0.972706692913386,0.699941461095926,0.8625,0.616761212438305,0.89375,1
0.01,0.0118421052631579,"calibrated",8,0.75,0.1,0.5,3,"supported_stability",0.873986220472441,0.836863675947173,0.7875,0.524547570362053,0.89375,1
0.05,0.0440789473684211,"calibrated",8,0.75,0.1,0.5,3,"binary",0.879421221864952,0.426812576525686,0.4375,0.633363641610372,0.8775,1
0.05,0.0440789473684211,"calibrated",8,0.75,0.1,0.5,3,"expected_sign",0.882857717041801,0.431589887836247,0.45,0.638239759175036,0.8775,1
0.05,0.0440789473684211,"calibrated",8,0.75,0.1,0.5,3,"ensemble_mean",0.847015675241158,0.311169023115587,0.2375,0.393470488533716,0.8775,1
0.05,0.0440789473684211,"calibrated",8,0.75,0.1,0.5,3,"ensemble_stability",0.285450160771704,0.1178027268294,0,-0.263355359600579,0.8775,1
0.05,0.0440789473684211,"calibrated",8,0.75,0.1,0.5,3,"supported_mean",0.833480707395498,0.2810646217385,0.025,0.378142355789451,0.8775,1
0.05,0.0440789473684211,"calibrated",8,0.75,0.1,0.5,3,"supported_stability",0.294975884244373,0.118455654888337,0,-0.251296992601457,0.8775,1
0.15,0.140131578947368,"calibrated",8,0.75,0.1,0.5,3,"binary",0.754265873015873,0.234623728730224,0,0.350211421595708,0.8875,1
0.15,0.140131578947368,"calibrated",8,0.75,0.1,0.5,3,"expected_sign",0.765714285714286,0.237881270611831,0,0.365607223006545,0.8875,1
0.15,0.140131578947368,"calibrated",8,0.75,0.1,0.5,3,"ensemble_mean",0.399345238095238,0.091980868337993,0,-0.112097888873781,0.8875,1
0.15,0.140131578947368,"calibrated",8,0.75,0.1,0.5,3,"ensemble_stability",0.30952380952381,0.13851438377828,0,-0.2476930397308,0.8875,1
0.15,0.140131578947368,"calibrated",8,0.75,0.1,0.5,3,"supported_mean",0.672172619047619,0.153516118082717,0,0.191746392186079,0.8875,1
0.15,0.140131578947368,"calibrated",8,0.75,0.1,0.5,3,"supported_stability",0.30952380952381,0.13851438377828,0,-0.247619556314312,0.8875,1
0.01,0.00921052631578947,"overconfident",8,0.75,0.1,0.5,3,"binary",0.976609105180534,0.784580493674384,0.9125,0.918414241925412,0.89625,1
0.01,0.00921052631578947,"overconfident",8,0.75,0.1,0.5,3,"expected_sign",0.979317111459969,0.824781087995984,0.925,0.921782392994556,0.89625,1
0.01,0.00921052631578947,"overconfident",8,0.75,0.1,0.5,3,"ensemble_mean",0.976059654631083,0.794892214023274,0.9125,0.729175297357472,0.89625,1
0.01,0.00921052631578947,"overconfident",8,0.75,0.1,0.5,3,"ensemble_stability",0.902011381475667,0.920386450961948,0.825,0.689463902796528,0.89625,1
0.01,0.00921052631578947,"overconfident",8,0.75,0.1,0.5,3,"supported_mean",0.974529042386185,0.77433333448115,0.9,0.726830875544039,0.89625,1
0.01,0.00921052631578947,"overconfident",8,0.75,0.1,0.5,3,"supported_stability",0.902119309262166,0.92090078633313,0.825,0.689531933417942,0.89625,1
0.05,0.0532894736842105,"overconfident",8,0.75,0.1,0.5,3,"binary",0.879276315789474,0.441169519652953,0.4875,0.622666392136845,0.88375,1
0.05,0.0532894736842105,"overconfident",8,0.75,0.1,0.5,3,"expected_sign",0.88539673046252,0.455986793071164,0.525,0.63193523038214,0.88375,1
0.05,0.0532894736842105,"overconfident",8,0.75,0.1,0.5,3,"ensemble_mean",0.88225677830941,0.38073472903393,0.4375,0.449721441156005,0.88375,1
0.05,0.0532894736842105,"overconfident",8,0.75,0.1,0.5,3,"ensemble_stability",0.552571770334928,0.264111697991571,0.3125,0.0661396241080601,0.88375,1
0.05,0.0532894736842105,"overconfident",8,0.75,0.1,0.5,3,"supported_mean",0.882874800637959,0.369970607366318,0.375,0.450466705238955,0.88375,1
0.05,0.0532894736842105,"overconfident",8,0.75,0.1,0.5,3,"supported_stability",0.55518341307815,0.278972653213291,0.35,0.0691449873046556,0.88375,1
0.15,0.151973684210526,"overconfident",8,0.75,0.1,0.5,3,"binary",0.674433624801272,0.23328302057338,0,0.245038685189693,0.88625,1
0.15,0.151973684210526,"overconfident",8,0.75,0.1,0.5,3,"expected_sign",0.674672098569157,0.22229908754775,0,0.245114514824195,0.88625,1
0.15,0.151973684210526,"overconfident",8,0.75,0.1,0.5,3,"ensemble_mean",0.56099960254372,0.118393605269588,0,0.0681578381763896,0.88625,1
0.15,0.151973684210526,"overconfident",8,0.75,0.1,0.5,3,"ensemble_stability",0.319554848966614,0.144991775354577,0,-0.238980796791456,0.88625,1
0.15,0.151973684210526,"overconfident",8,0.75,0.1,0.5,3,"supported_mean",0.6504173290938,0.144682591583916,0,0.168068698884188,0.88625,1
0.15,0.151973684210526,"overconfident",8,0.75,0.1,0.5,3,"supported_stability",0.319554848966614,0.144991775354577,0,-0.238815388836613,0.88625,1
0.01,0.0125,"calibrated",3,0.25,0.6,0.5,3,"binary",0.984011627906977,0.827473316544116,0.9375,0.907660659000738,0.745,1
0.01,0.0125,"calibrated",3,0.25,0.6,0.5,3,"expected_sign",0.98359980620155,0.824886146939301,0.925,0.904237360859214,0.745,1
0.01,0.0125,"calibrated",3,0.25,0.6,0.5,3,"ensemble_mean",0.978948643410853,0.793843821598735,0.9125,0.654055448814476,0.745,1
0.01,0.0125,"calibrated",3,0.25,0.6,0.5,3,"ensemble_stability",0.788141957364341,0.771887566866583,0.6375,0.446874783064332,0.745,1
0.01,0.0125,"calibrated",3,0.25,0.6,0.5,3,"supported_mean",0.978500484496124,0.777316955734123,0.9125,0.65375459025447,0.745,1
0.01,0.0125,"calibrated",3,0.25,0.6,0.5,3,"supported_stability",0.789280523255814,0.775847281735322,0.6375,0.448328880938548,0.745,1
0.05,0.0440789473684211,"calibrated",3,0.25,0.6,0.5,3,"binary",0.877743602362205,0.46746789370756,0.5375,0.641000173876782,0.735,1
0.05,0.0440789473684211,"calibrated",3,0.25,0.6,0.5,3,"expected_sign",0.878125,0.443119105223683,0.475,0.639878002023798,0.735,1
0.05,0.0440789473684211,"calibrated",3,0.25,0.6,0.5,3,"ensemble_mean",0.854638287401575,0.350700259818056,0.325,0.432511310065663,0.735,1
0.05,0.0440789473684211,"calibrated",3,0.25,0.6,0.5,3,"ensemble_stability",0.285556102362205,0.145553706602614,0,-0.290433442169419,0.735,1
0.05,0.0440789473684211,"calibrated",3,0.25,0.6,0.5,3,"supported_mean",0.847662401574803,0.342029649919395,0.3,0.424252573504049,0.735,1
0.05,0.0440789473684211,"calibrated",3,0.25,0.6,0.5,3,"supported_stability",0.29318405511811,0.146209516177471,0.025,-0.279850849601012,0.735,1
0.15,0.157894736842105,"calibrated",3,0.25,0.6,0.5,3,"binary",0.639092664092664,0.22596954587369,0,0.197428071973911,0.7475,1
0.15,0.157894736842105,"calibrated",3,0.25,0.6,0.5,3,"expected_sign",0.64148166023166,0.220310352660404,0,0.200611485605491,0.7475,1
0.15,0.157894736842105,"calibrated",3,0.25,0.6,0.5,3,"ensemble_mean",0.423431467181467,0.112493417142641,0,-0.0920299882096142,0.7475,1
0.15,0.157894736842105,"calibrated",3,0.25,0.6,0.5,3,"ensemble_stability",0.349420849420849,0.194862078700472,0,-0.229986893500231,0.7475,1
0.15,0.157894736842105,"calibrated",3,0.25,0.6,0.5,3,"supported_mean",0.524010617760618,0.130537124145889,0,0.028859072886406,0.7475,1
0.15,0.157894736842105,"calibrated",3,0.25,0.6,0.5,3,"supported_stability",0.349420849420849,0.194862078700472,0,-0.229968049459181,0.7475,1
0.01,0.0105263157894737,"overconfident",3,0.25,0.6,0.5,3,"binary",0.986021634615385,0.88011325799242,0.9625,0.924288057613372,0.75,1
0.01,0.0105263157894737,"overconfident",3,0.25,0.6,0.5,3,"expected_sign",0.984915865384615,0.846019595505619,0.9375,0.919240911471005,0.75,1
0.01,0.0105263157894737,"overconfident",3,0.25,0.6,0.5,3,"ensemble_mean",0.980805288461538,0.817929319524896,0.8875,0.749387808957634,0.75,1
0.01,0.0105263157894737,"overconfident",3,0.25,0.6,0.5,3,"ensemble_stability",0.836334134615385,0.851008673826584,0.7125,0.581048967185182,0.75,1
0.01,0.0105263157894737,"overconfident",3,0.25,0.6,0.5,3,"supported_mean",0.985733173076923,0.871991069443938,0.9375,0.757068457950775,0.75,1
0.01,0.0105263157894737,"overconfident",3,0.25,0.6,0.5,3,"supported_stability",0.838076923076923,0.85940868065,0.7125,0.583910156990161,0.75,1
0.05,0.0506578947368421,"overconfident",3,0.25,0.6,0.5,3,"binary",0.853125,0.432558977127491,0.4625,0.58579476991602,0.7425,1
0.05,0.0506578947368421,"overconfident",3,0.25,0.6,0.5,3,"expected_sign",0.858159046692607,0.417626937207517,0.4375,0.592556349969922,0.7425,1
0.05,0.0506578947368421,"overconfident",3,0.25,0.6,0.5,3,"ensemble_mean",0.847203307392996,0.375597100259847,0.4625,0.441337119536452,0.7425,1
0.05,0.0506578947368421,"overconfident",3,0.25,0.6,0.5,3,"ensemble_stability",0.394759241245136,0.181948209901068,0.1125,-0.150284776868596,0.7425,1
0.05,0.0506578947368421,"overconfident",3,0.25,0.6,0.5,3,"supported_mean",0.835445038910506,0.34756802398152,0.35,0.426405305144236,0.7425,1
0.05,0.0506578947368421,"overconfident",3,0.25,0.6,0.5,3,"supported_stability",0.395817120622568,0.18132221229799,0.1125,-0.148577307581622,0.7425,1
0.15,0.148684210526316,"overconfident",3,0.25,0.6,0.5,3,"binary",0.701165048543689,0.253710834288953,0,0.286924262580146,0.74375,1
0.15,0.148684210526316,"overconfident",3,0.25,0.6,0.5,3,"expected_sign",0.703495145631068,0.241107217245563,0,0.289652744531699,0.74375,1
0.15,0.148684210526316,"overconfident",3,0.25,0.6,0.5,3,"ensemble_mean",0.516395631067961,0.131305097687565,0,0.0197428324166622,0.74375,1
0.15,0.148684210526316,"overconfident",3,0.25,0.6,0.5,3,"ensemble_stability",0.341747572815534,0.188457441369055,0,-0.238084483283105,0.74375,1
0.15,0.148684210526316,"overconfident",3,0.25,0.6,0.5,3,"supported_mean",0.654696601941748,0.17280063146608,0,0.186295329700053,0.74375,1
0.15,0.148684210526316,"overconfident",3,0.25,0.6,0.5,3,"supported_stability",0.341747572815534,0.188457441369055,0,-0.238042353893949,0.74375,1
0.01,0.0118421052631579,"calibrated",8,0.25,0.6,0.5,3,"binary",0.969329150579151,0.74698340335474,0.8875,0.892361202633504,0.7475,1
0.01,0.0118421052631579,"calibrated",8,0.25,0.6,0.5,3,"expected_sign",0.970246138996139,0.747116401227165,0.8875,0.891437249160726,0.7475,1
0.01,0.0118421052631579,"calibrated",8,0.25,0.6,0.5,3,"ensemble_mean",0.971452702702703,0.745657409762811,0.875,0.644319775630273,0.7475,1
0.01,0.0118421052631579,"calibrated",8,0.25,0.6,0.5,3,"ensemble_stability",0.769486003861004,0.692894058667556,0.5875,0.402321803832911,0.7475,1
0.01,0.0118421052631579,"calibrated",8,0.25,0.6,0.5,3,"supported_mean",0.969498069498069,0.730469101066224,0.875,0.642007779080887,0.7475,1
0.01,0.0118421052631579,"calibrated",8,0.25,0.6,0.5,3,"supported_stability",0.77737693050193,0.738933101255434,0.6375,0.413676092891061,0.7475,1
0.05,0.0440789473684211,"calibrated",8,0.25,0.6,0.5,3,"binary",0.882553606237817,0.490280260500954,0.5875,0.655322835690681,0.74125,1
0.05,0.0440789473684211,"calibrated",8,0.25,0.6,0.5,3,"expected_sign",0.889108187134503,0.493882098215279,0.5875,0.664966573274547,0.74125,1
0.05,0.0440789473684211,"calibrated",8,0.25,0.6,0.5,3,"ensemble_mean",0.838511208576998,0.333036071360186,0.275,0.414584832694366,0.74125,1
0.05,0.0440789473684211,"calibrated",8,0.25,0.6,0.5,3,"ensemble_stability",0.287524366471735,0.149844926571306,0,-0.291105438554013,0.74125,1
0.05,0.0440789473684211,"calibrated",8,0.25,0.6,0.5,3,"supported_mean",0.826742202729045,0.312380515655392,0.15,0.400248525941395,0.74125,1
0.05,0.0440789473684211,"calibrated",8,0.25,0.6,0.5,3,"supported_stability",0.287524366471735,0.149844926571306,0,-0.290924127658071,0.74125,1
0.15,0.140131578947368,"calibrated",8,0.25,0.6,0.5,3,"binary",0.719961240310077,0.247495571151813,0,0.309752854143826,0.745,1
0.15,0.140131578947368,"calibrated",8,0.25,0.6,0.5,3,"expected_sign",0.727664728682171,0.238306427528198,0,0.319815794901535,0.745,1
0.15,0.140131578947368,"calibrated",8,0.25,0.6,0.5,3,"ensemble_mean",0.488820251937985,0.125144455935654,0,-0.0134322416717986,0.745,1
0.15,0.140131578947368,"calibrated",8,0.25,0.6,0.5,3,"ensemble_stability",0.343992248062016,0.19024356220912,0,-0.235677175986688,0.745,1
0.15,0.140131578947368,"calibrated",8,0.25,0.6,0.5,3,"supported_mean",0.64499757751938,0.167035356877855,0,0.174211663112785,0.745,1
0.15,0.140131578947368,"calibrated",8,0.25,0.6,0.5,3,"supported_stability",0.343992248062016,0.19024356220912,0,-0.235651438624108,0.745,1
0.01,0.00921052631578947,"overconfident",8,0.25,0.6,0.5,3,"binary",0.97495145631068,0.804908639135219,0.925,0.91173656635585,0.74375,1
0.01,0.00921052631578947,"overconfident",8,0.25,0.6,0.5,3,"expected_sign",0.97376213592233,0.784079095637021,0.9,0.906658338147864,0.74375,1
0.01,0.00921052631578947,"overconfident",8,0.25,0.6,0.5,3,"ensemble_mean",0.972135922330097,0.792834195764446,0.9,0.738224409115616,0.74375,1
0.01,0.00921052631578947,"overconfident",8,0.25,0.6,0.5,3,"ensemble_stability",0.808385922330097,0.830799921790489,0.6625,0.544775636376169,0.74375,1
0.01,0.00921052631578947,"overconfident",8,0.25,0.6,0.5,3,"supported_mean",0.9725,0.795267097370045,0.925,0.738951217449016,0.74375,1
0.01,0.00921052631578947,"overconfident",8,0.25,0.6,0.5,3,"supported_stability",0.809041262135922,0.839149536388491,0.6625,0.545885059549338,0.74375,1
0.05,0.0532894736842105,"overconfident",8,0.25,0.6,0.5,3,"binary",0.863201160541586,0.437554345642416,0.475,0.60378816749714,0.74625,1
0.05,0.0532894736842105,"overconfident",8,0.25,0.6,0.5,3,"expected_sign",0.864833172147002,0.433557906302527,0.475,0.605357383277834,0.74625,1
0.05,0.0532894736842105,"overconfident",8,0.25,0.6,0.5,3,"ensemble_mean",0.861133945841393,0.369510857241694,0.4125,0.455166818416177,0.74625,1
0.05,0.0532894736842105,"overconfident",8,0.25,0.6,0.5,3,"ensemble_stability",0.436955996131528,0.189729566981379,0.1375,-0.0892505719502972,0.74625,1
0.05,0.0532894736842105,"overconfident",8,0.25,0.6,0.5,3,"supported_mean",0.87230415860735,0.383394079938078,0.4125,0.469353496964395,0.74625,1
0.05,0.0532894736842105,"overconfident",8,0.25,0.6,0.5,3,"supported_stability",0.433607350096712,0.186715309307178,0.1375,-0.093854528530071,0.74625,1
0.15,0.151973684210526,"overconfident",8,0.25,0.6,0.5,3,"binary",0.648679748062015,0.240080717241055,0,0.21636271021102,0.745,1
0.15,0.151973684210526,"overconfident",8,0.25,0.6,0.5,3,"expected_sign",0.657982073643411,0.23873560945732,0,0.229649961611538,0.745,1
0.15,0.151973684210526,"overconfident",8,0.25,0.6,0.5,3,"ensemble_mean",0.412318313953488,0.110485310553374,0,-0.105235661706116,0.745,1
0.15,0.151973684210526,"overconfident",8,0.25,0.6,0.5,3,"ensemble_stability",0.354651162790698,0.200712394510002,0,-0.225234627430197,0.745,1
0.15,0.151973684210526,"overconfident",8,0.25,0.6,0.5,3,"supported_mean",0.58499273255814,0.145071654072197,0,0.102012693514299,0.745,1
0.15,0.151973684210526,"overconfident",8,0.25,0.6,0.5,3,"supported_stability",0.354651162790698,0.200712394510002,0,-0.225201664946177,0.745,1
0.01,0.0118421052631579,"calibrated",3,0.75,0.6,0.5,3,"binary",0.97121138996139,0.764770363110351,0.9,0.895940334151687,0.7475,1
0.01,0.0118421052631579,"calibrated",3,0.75,0.6,0.5,3,"expected_sign",0.970246138996139,0.747116401227165,0.8875,0.891437249160726,0.7475,1
0.01,0.0118421052631579,"calibrated",3,0.75,0.6,0.5,3,"ensemble_mean",0.971476833976834,0.745583145765342,0.875,0.644352779376469,0.7475,1
0.01,0.0118421052631579,"calibrated",3,0.75,0.6,0.5,3,"ensemble_stability",0.774541505791506,0.703299019693102,0.6125,0.41510478718058,0.7475,1
0.01,0.0118421052631579,"calibrated",3,0.75,0.6,0.5,3,"supported_mean",0.968894787644788,0.713721611634799,0.8625,0.640804017741759,0.7475,1
0.01,0.0118421052631579,"calibrated",3,0.75,0.6,0.5,3,"supported_stability",0.778728281853282,0.710827345806042,0.625,0.420954883035112,0.7475,1
0.05,0.0440789473684211,"calibrated",3,0.75,0.6,0.5,3,"binary",0.884307992202729,0.496307723883903,0.6,0.658328237091041,0.74125,1
0.05,0.0440789473684211,"calibrated",3,0.75,0.6,0.5,3,"expected_sign",0.889863547758285,0.496842472535491,0.6,0.666257447078261,0.74125,1
0.05,0.0440789473684211,"calibrated",3,0.75,0.6,0.5,3,"ensemble_mean",0.833613547758285,0.324890004371841,0.2375,0.408586507965408,0.74125,1
0.05,0.0440789473684211,"calibrated",3,0.75,0.6,0.5,3,"ensemble_stability",0.296807992202729,0.150448846724443,0,-0.278020888746666,0.74125,1
0.05,0.0440789473684211,"calibrated",3,0.75,0.6,0.5,3,"supported_mean",0.830445906432749,0.31531334666215,0.1625,0.404711673494726,0.74125,1
0.05,0.0440789473684211,"calibrated",3,0.75,0.6,0.5,3,"supported_stability",0.301486354775828,0.150612990501197,0,-0.271429112136383,0.74125,1
0.15,0.140131578947368,"calibrated",3,0.75,0.6,0.5,3,"binary",0.709786821705426,0.232764183302684,0,0.295174364186779,0.745,1
0.15,0.140131578947368,"calibrated",3,0.75,0.6,0.5,3,"expected_sign",0.727519379844961,0.23777179482182,0,0.319611613717304,0.745,1
0.15,0.140131578947368,"calibrated",3,0.75,0.6,0.5,3,"ensemble_mean",0.51483769379845,0.131077027652551,0,0.017827189651087,0.745,1
0.15,0.140131578947368,"calibrated",3,0.75,0.6,0.5,3,"ensemble_stability",0.340116279069767,0.186704847275338,0,-0.239461777934168,0.745,1
0.15,0.140131578947368,"calibrated",3,0.75,0.6,0.5,3,"supported_mean",0.653088662790698,0.170360798649127,0,0.183932949567697,0.745,1
0.15,0.140131578947368,"calibrated",3,0.75,0.6,0.5,3,"supported_stability",0.340116279069767,0.186704847275338,0,-0.23943359645808,0.745,1
0.01,0.00921052631578947,"overconfident",3,0.75,0.6,0.5,3,"binary",0.973058252427184,0.784329564438202,0.9125,0.908102293452346,0.74375,1
0.01,0.00921052631578947,"overconfident",3,0.75,0.6,0.5,3,"expected_sign",0.975291262135922,0.801099868819861,0.9125,0.909584690691709,0.74375,1
0.01,0.00921052631578947,"overconfident",3,0.75,0.6,0.5,3,"ensemble_mean",0.967766990291262,0.737861895397922,0.8875,0.731343928929312,0.74375,1
0.01,0.00921052631578947,"overconfident",3,0.75,0.6,0.5,3,"ensemble_stability",0.799672330097087,0.814818239147039,0.65,0.521632681355779,0.74375,1
0.01,0.00921052631578947,"overconfident",3,0.75,0.6,0.5,3,"supported_mean",0.971456310679612,0.774166408066947,0.9,0.737112122751099,0.74375,1
0.01,0.00921052631578947,"overconfident",3,0.75,0.6,0.5,3,"supported_stability",0.79995145631068,0.815742346809628,0.65,0.521919430044681,0.74375,1
0.05,0.0532894736842105,"overconfident",3,0.75,0.6,0.5,3,"binary",0.862342843326886,0.433060946742272,0.4625,0.602315472644295,0.74625,1
0.05,0.0532894736842105,"overconfident",3,0.75,0.6,0.5,3,"expected_sign",0.864011121856867,0.432102934709311,0.475,0.603993378437949,0.74625,1
0.05,0.0532894736842105,"overconfident",3,0.75,0.6,0.5,3,"ensemble_mean",0.855693907156673,0.360231765244276,0.3625,0.448310268538711,0.74625,1
0.05,0.0532894736842105,"overconfident",3,0.75,0.6,0.5,3,"ensemble_stability",0.387826402321083,0.177486817931816,0.0875,-0.159597609458849,0.74625,1
0.05,0.0532894736842105,"overconfident",3,0.75,0.6,0.5,3,"supported_mean",0.858075435203095,0.352083630334885,0.2875,0.451306815740797,0.74625,1
0.05,0.0532894736842105,"overconfident",3,0.75,0.6,0.5,3,"supported_stability",0.382736943907157,0.174855430707194,0.0375,-0.166580573617862,0.74625,1
0.15,0.151973684210526,"overconfident",3,0.75,0.6,0.5,3,"binary",0.653343023255814,0.247609293764749,0,0.223258419061507,0.745,1
0.15,0.151973684210526,"overconfident",3,0.75,0.6,0.5,3,"expected_sign",0.657982073643411,0.23873560945732,0,0.229649961611538,0.745,1
0.15,0.151973684210526,"overconfident",3,0.75,0.6,0.5,3,"ensemble_mean",0.415976259689922,0.110691940511221,0,-0.100819185509139,0.745,1
0.15,0.151973684210526,"overconfident",3,0.75,0.6,0.5,3,"ensemble_stability",0.351744186046512,0.197743532387798,0,-0.228105868627756,0.745,1
0.15,0.151973684210526,"overconfident",3,0.75,0.6,0.5,3,"supported_mean",0.524406492248062,0.128425408740436,0,0.0292852097294863,0.745,1
0.15,0.151973684210526,"overconfident",3,0.75,0.6,0.5,3,"supported_stability",0.351744186046512,0.197743532387798,0,-0.228056374968797,0.745,1
0.01,0.00394736842105263,"calibrated",8,0.75,0.6,0.5,3,"binary",0.98797238372093,0.881172439774494,0.9625,0.965469593332096,0.745,1
0.01,0.00394736842105263,"calibrated",8,0.75,0.6,0.5,3,"expected_sign",0.98797238372093,0.881172439774494,0.9625,0.96232968369084,0.745,1
0.01,0.00394736842105263,"calibrated",8,0.75,0.6,0.5,3,"ensemble_mean",0.986373546511628,0.873775409794107,0.9625,0.669593306257515,0.745,1
0.01,0.00394736842105263,"calibrated",8,0.75,0.6,0.5,3,"ensemble_stability",0.806625484496124,0.787698130137162,0.675,0.462954695003881,0.745,1
0.01,0.00394736842105263,"calibrated",8,0.75,0.6,0.5,3,"supported_mean",0.976514050387597,0.757579208686533,0.9,0.656019680275854,0.745,1
0.01,0.00394736842105263,"calibrated",8,0.75,0.6,0.5,3,"supported_stability",0.808733042635659,0.79069068398421,0.6875,0.465413360718874,0.745,1
0.05,0.0467105263157895,"calibrated",8,0.75,0.6,0.5,3,"binary",0.86990966796875,0.431116085877023,0.45,0.617217902083964,0.74,1
0.05,0.0467105263157895,"calibrated",8,0.75,0.6,0.5,3,"expected_sign",0.86907958984375,0.418760083429882,0.4125,0.614491847769598,0.74,1
0.05,0.0467105263157895,"calibrated",8,0.75,0.6,0.5,3,"ensemble_mean",0.82952880859375,0.302721126349684,0.2,0.401274300643081,0.74,1
0.05,0.0467105263157895,"calibrated",8,0.75,0.6,0.5,3,"ensemble_stability",0.2890625,0.150968108762118,0,-0.289848411950297,0.74,1
0.05,0.0467105263157895,"calibrated",8,0.75,0.6,0.5,3,"supported_mean",0.83692626953125,0.308050768384652,0.125,0.41028529563024,0.74,1
0.05,0.0467105263157895,"calibrated",8,0.75,0.6,0.5,3,"supported_stability",0.2890625,0.150968108762118,0,-0.289654542075395,0.74,1
0.15,0.146710526315789,"calibrated",8,0.75,0.6,0.5,3,"binary",0.657868525896414,0.244421767832014,0,0.226988429188153,0.7275,1
0.15,0.146710526315789,"calibrated",8,0.75,0.6,0.5,3,"expected_sign",0.646115537848606,0.228967292784444,0,0.209853935740129,0.7275,1
0.15,0.146710526315789,"calibrated",8,0.75,0.6,0.5,3,"ensemble_mean",0.45824203187251,0.121825076371369,0,-0.0505119402215762,0.7275,1
0.15,0.146710526315789,"calibrated",8,0.75,0.6,0.5,3,"ensemble_stability",0.352589641434263,0.202742202748276,0,-0.22983840537625,0.7275,1
0.15,0.146710526315789,"calibrated",8,0.75,0.6,0.5,3,"supported_mean",0.505440737051793,0.129177039633051,0,0.00658131174841098,0.7275,1
0.15,0.146710526315789,"calibrated",8,0.75,0.6,0.5,3,"supported_stability",0.352589641434263,0.202742202748276,0,-0.229822390465798,0.7275,1
0.01,0.0118421052631579,"overconfident",8,0.75,0.6,0.5,3,"binary",0.977713178294574,0.714868688017975,0.8625,0.884208037252018,0.745,1
0.01,0.0118421052631579,"overconfident",8,0.75,0.6,0.5,3,"expected_sign",0.980402131782946,0.735961935942826,0.8375,0.886456310208,0.745,1
0.01,0.0118421052631579,"overconfident",8,0.75,0.6,0.5,3,"ensemble_mean",0.976477713178295,0.712567810819351,0.8625,0.724062253561924,0.745,1
0.01,0.0118421052631579,"overconfident",8,0.75,0.6,0.5,3,"ensemble_stability",0.777676841085271,0.783223526790392,0.6125,0.492288410764007,0.745,1
0.01,0.0118421052631579,"overconfident",8,0.75,0.6,0.5,3,"supported_mean",0.979554263565891,0.729788462348259,0.875,0.728691240677595,0.745,1
0.01,0.0118421052631579,"overconfident",8,0.75,0.6,0.5,3,"supported_stability",0.778972868217054,0.792230264490356,0.6125,0.494471662601952,0.745,1
0.05,0.0506578947368421,"overconfident",8,0.75,0.6,0.5,3,"binary",0.888375486381323,0.459867996087587,0.525,0.639955368184204,0.7425,1
0.05,0.0506578947368421,"overconfident",8,0.75,0.6,0.5,3,"expected_sign",0.888035019455253,0.452714302048251,0.5125,0.638097719984967,0.7425,1
0.05,0.0506578947368421,"overconfident",8,0.75,0.6,0.5,3,"ensemble_mean",0.870391536964981,0.383301025818693,0.4125,0.466997932666566,0.7425,1
0.05,0.0506578947368421,"overconfident",8,0.75,0.6,0.5,3,"ensemble_stability",0.425936284046693,0.185664690150555,0.15,-0.104420773862928,0.7425,1
0.05,0.0506578947368421,"overconfident",8,0.75,0.6,0.5,3,"supported_mean",0.850984922178988,0.344795527546432,0.275,0.442540108373576,0.7425,1
0.05,0.0506578947368421,"overconfident",8,0.75,0.6,0.5,3,"supported_stability",0.4215953307393,0.181152649683564,0.0875,-0.110357694729766,0.7425,1
0.15,0.140131578947368,"overconfident",8,0.75,0.6,0.5,3,"binary",0.68800048828125,0.248183235274643,0,0.268742651652681,0.74,1
0.15,0.140131578947368,"overconfident",8,0.75,0.6,0.5,3,"expected_sign",0.693505859375,0.237604628794981,0,0.276037275348551,0.74,1
0.15,0.140131578947368,"overconfident",8,0.75,0.6,0.5,3,"ensemble_mean",0.56544189453125,0.143041801072105,0,0.0790162682032802,0.74,1
0.15,0.140131578947368,"overconfident",8,0.75,0.6,0.5,3,"ensemble_stability",0.3466796875,0.193920347462022,0,-0.233822913485548,0.74,1
0.15,0.140131578947368,"overconfident",8,0.75,0.6,0.5,3,"supported_mean",0.67330322265625,0.18188722979459,0,0.209264973530479,0.74,1
0.15,0.140131578947368,"overconfident",8,0.75,0.6,0.5,3,"supported_stability",0.3466796875,0.193920347462022,0,-0.233780464252892,0.74,1
0.01,0.0105263157894737,"calibrated",3,0.25,0.1,1,3,"binary",0.986468446601942,0.99672121356904,0.975,0.923855903177712,0.8725,1
0.01,0.0105263157894737,"calibrated",3,0.25,0.1,1,3,"expected_sign",0.987034789644013,0.994859701203835,0.975,0.92295215168955,0.8725,1
0.01,0.0105263157894737,"calibrated",3,0.25,0.1,1,3,"ensemble_mean",0.990442961165049,0.982250440736869,0.975,0.649583380272732,0.8725,1
0.01,0.0105263157894737,"calibrated",3,0.25,0.1,1,3,"ensemble_stability",0.953630663430421,0.97513403814876,0.9125,0.822096595181758,0.8725,1
0.01,0.0105263157894737,"calibrated",3,0.25,0.1,1,3,"supported_mean",0.989451860841424,0.983062755402226,0.975,0.648429460342077,0.8725,1
0.01,0.0105263157894737,"calibrated",3,0.25,0.1,1,3,"supported_stability",0.95337783171521,0.970838709895632,0.8875,0.821909307558411,0.8725,1
0.05,0.0467105263157895,"calibrated",3,0.25,0.1,1,3,"binary",0.960296411856474,0.690406625059818,0.85,0.757860456338549,0.90125,1
0.05,0.0467105263157895,"calibrated",3,0.25,0.1,1,3,"expected_sign",0.962090483619345,0.698296580103783,0.8375,0.759670287389428,0.90125,1
0.05,0.0467105263157895,"calibrated",3,0.25,0.1,1,3,"ensemble_mean",0.949073712948518,0.560018380793829,0.6625,0.503563427150722,0.90125,1
0.05,0.0467105263157895,"calibrated",3,0.25,0.1,1,3,"ensemble_stability",0.792891965678627,0.514079321310586,0.5875,0.362727711305596,0.90125,1
0.05,0.0467105263157895,"calibrated",3,0.25,0.1,1,3,"supported_mean",0.930216458658346,0.499328375776844,0.6875,0.482468307051862,0.90125,1
0.05,0.0467105263157895,"calibrated",3,0.25,0.1,1,3,"supported_stability",0.822971918876755,0.675257688756882,0.5875,0.399360406661583,0.90125,1
0.15,0.146710526315789,"calibrated",3,0.25,0.1,1,3,"binary",0.724634098101266,0.240305377498415,0,0.307501422123248,0.89,1
0.15,0.146710526315789,"calibrated",3,0.25,0.1,1,3,"expected_sign",0.740832674050633,0.232334617482023,0,0.329061856187577,0.89,1
0.15,0.146710526315789,"calibrated",3,0.25,0.1,1,3,"ensemble_mean",0.462282436708861,0.100771244184389,0,-0.0419205879173792,0.89,1
0.15,0.146710526315789,"calibrated",3,0.25,0.1,1,3,"ensemble_stability",0.292721518987342,0.128783431757512,0,-0.262384356381532,0.89,1
0.15,0.146710526315789,"calibrated",3,0.25,0.1,1,3,"supported_mean",0.627393196202532,0.136269885640757,0,0.141589148807467,0.89,1
0.15,0.146710526315789,"calibrated",3,0.25,0.1,1,3,"supported_stability",0.292721518987342,0.128783431757512,0,-0.262272420256504,0.89,1
0.01,0.0125,"overconfident",3,0.25,0.1,1,3,"binary",0.990435907643312,0.910863654401569,0.975,0.905618542666453,0.885,1
0.01,0.0125,"overconfident",3,0.25,0.1,1,3,"expected_sign",0.993302149681529,0.99542112529172,0.9875,0.909122800085911,0.885,1
0.01,0.0125,"overconfident",3,0.25,0.1,1,3,"ensemble_mean",0.991033041401274,0.941371118759988,0.9625,0.739536769856861,0.885,1
0.01,0.0125,"overconfident",3,0.25,0.1,1,3,"ensemble_stability",0.942048168789809,0.981093887876173,0.8875,0.863979905116781,0.885,1
0.01,0.0125,"overconfident",3,0.25,0.1,1,3,"supported_mean",0.991391321656051,0.944220817189282,0.9875,0.740335202437595,0.885,1
0.01,0.0125,"overconfident",3,0.25,0.1,1,3,"supported_stability",0.942585589171975,0.98355356469567,0.8875,0.865417710896994,0.885,1
0.05,0.0460526315789474,"overconfident",3,0.25,0.1,1,3,"binary",0.932451534733441,0.583337320580399,0.7375,0.72956140218484,0.87375,1
0.05,0.0460526315789474,"overconfident",3,0.25,0.1,1,3,"expected_sign",0.934036752827141,0.579753127999004,0.725,0.731047949027791,0.87375,1
0.05,0.0460526315789474,"overconfident",3,0.25,0.1,1,3,"ensemble_mean",0.913943861066236,0.504669562918525,0.625,0.496488478414487,0.87375,1
0.05,0.0460526315789474,"overconfident",3,0.25,0.1,1,3,"ensemble_stability",0.689761712439418,0.486439276794293,0.5125,0.260264225825678,0.87375,1
0.05,0.0460526315789474,"overconfident",3,0.25,0.1,1,3,"supported_mean",0.907623182552504,0.477510685399111,0.6125,0.488956754842601,0.87375,1
0.05,0.0460526315789474,"overconfident",3,0.25,0.1,1,3,"supported_stability",0.687681744749596,0.536087157348129,0.475,0.25691492856666,0.87375,1
0.15,0.155263157894737,"overconfident",3,0.25,0.1,1,3,"binary",0.73193535188216,0.242769393674943,0,0.311935432814708,0.86375,1
0.15,0.155263157894737,"overconfident",3,0.25,0.1,1,3,"expected_sign",0.739198036006547,0.232971686560293,0,0.321195232712456,0.86375,1
0.15,0.155263157894737,"overconfident",3,0.25,0.1,1,3,"ensemble_mean",0.697995090016367,0.174983903469734,0,0.224015012310981,0.86375,1
0.15,0.155263157894737,"overconfident",3,0.25,0.1,1,3,"ensemble_stability",0.316693944353519,0.146573992623041,0,-0.244560612973377,0.86375,1
0.15,0.155263157894737,"overconfident",3,0.25,0.1,1,3,"supported_mean",0.711650981996727,0.182202050754415,0,0.239465561595193,0.86375,1
0.15,0.155263157894737,"overconfident",3,0.25,0.1,1,3,"supported_stability",0.316693944353519,0.146573992623041,0,-0.244355248288265,0.86375,1
0.01,0.0125,"calibrated",8,0.25,0.1,1,3,"binary",0.984889240506329,0.946619393951591,0.975,0.907695695316328,0.89,1
0.01,0.0125,"calibrated",8,0.25,0.1,1,3,"expected_sign",0.986511075949367,0.990406445162964,0.9375,0.908916092226657,0.89,1
0.01,0.0125,"calibrated",8,0.25,0.1,1,3,"ensemble_mean",0.986926424050633,0.89432302692464,0.95,0.637290414162685,0.89,1
0.01,0.0125,"calibrated",8,0.25,0.1,1,3,"ensemble_stability",0.951997626582278,0.964787145993449,0.875,0.792665656094569,0.89,1
0.01,0.0125,"calibrated",8,0.25,0.1,1,3,"supported_mean",0.986867088607595,0.933945666771767,0.975,0.637525726015122,0.89,1
0.01,0.0125,"calibrated",8,0.25,0.1,1,3,"supported_stability",0.95107792721519,0.960082723009539,0.875,0.791565887091885,0.89,1
0.05,0.0585526315789474,"calibrated",8,0.25,0.1,1,3,"binary",0.88184335443038,0.515759297352571,0.6625,0.624903224261043,0.89,1
0.05,0.0585526315789474,"calibrated",8,0.25,0.1,1,3,"expected_sign",0.885670490506329,0.506650735380172,0.5875,0.630238891477003,0.89,1
0.05,0.0585526315789474,"calibrated",8,0.25,0.1,1,3,"ensemble_mean",0.874861550632911,0.358234441707951,0.4125,0.421896003922889,0.89,1
0.05,0.0585526315789474,"calibrated",8,0.25,0.1,1,3,"ensemble_stability",0.397755142405063,0.130737140738085,0.05,-0.12507789219168,0.89,1
0.05,0.0585526315789474,"calibrated",8,0.25,0.1,1,3,"supported_mean",0.857486155063291,0.308387903198843,0.275,0.40234876240836,0.89,1
0.05,0.0585526315789474,"calibrated",8,0.25,0.1,1,3,"supported_stability",0.395955300632911,0.127974206465626,0,-0.127103737844578,0.89,1
0.15,0.173684210526316,"calibrated",8,0.25,0.1,1,3,"binary",0.678858520900322,0.23172732605623,0,0.238585026068144,0.8775,1
0.15,0.173684210526316,"calibrated",8,0.25,0.1,1,3,"expected_sign",0.678617363344051,0.216828380473573,0,0.238026201574516,0.8775,1
0.15,0.173684210526316,"calibrated",8,0.25,0.1,1,3,"ensemble_mean",0.554320739549839,0.117276841775036,0,0.0606974178457577,0.8775,1
0.15,0.173684210526316,"calibrated",8,0.25,0.1,1,3,"ensemble_stability",0.307073954983923,0.13851438377828,0,-0.251241557920479,0.8775,1
0.15,0.173684210526316,"calibrated",8,0.25,0.1,1,3,"supported_mean",0.611997588424437,0.133229375698486,0,0.125144916631301,0.8775,1
0.15,0.173684210526316,"calibrated",8,0.25,0.1,1,3,"supported_stability",0.307073954983923,0.13851438377828,0,-0.251157552346397,0.8775,1
0.01,0.0105263157894737,"overconfident",8,0.25,0.1,1,3,"binary",0.973036006546645,0.945255623845977,0.95,0.916149845559349,0.86375,1
0.01,0.0105263157894737,"overconfident",8,0.25,0.1,1,3,"expected_sign",0.973036006546645,0.945255623845977,0.95,0.91429483019343,0.86375,1
0.01,0.0105263157894737,"overconfident",8,0.25,0.1,1,3,"ensemble_mean",0.969885433715221,0.923210307476926,0.95,0.713810137246367,0.86375,1
0.01,0.0105263157894737,"overconfident",8,0.25,0.1,1,3,"ensemble_stability",0.94143821603928,0.979470485545919,0.8875,0.858368805996399,0.86375,1
0.01,0.0105263157894737,"overconfident",8,0.25,0.1,1,3,"supported_mean",0.970212765957447,0.925825614325314,0.95,0.714560784709969,0.86375,1
0.01,0.0105263157894737,"overconfident",8,0.25,0.1,1,3,"supported_stability",0.941499590834697,0.980351876055697,0.8875,0.859013876976079,0.86375,1
0.05,0.0638157894736842,"overconfident",8,0.25,0.1,1,3,"binary",0.89219,0.523495779827758,0.675,0.621377686880827,0.88125,1
0.05,0.0638157894736842,"overconfident",8,0.25,0.1,1,3,"expected_sign",0.89573,0.499145953809253,0.625,0.625924235738105,0.88125,1
0.05,0.0638157894736842,"overconfident",8,0.25,0.1,1,3,"ensemble_mean",0.88298,0.451533778857889,0.55,0.458612909336289,0.88125,1
0.05,0.0638157894736842,"overconfident",8,0.25,0.1,1,3,"ensemble_stability",0.65335,0.471870994775466,0.45,0.213626032768823,0.88125,1
0.05,0.0638157894736842,"overconfident",8,0.25,0.1,1,3,"supported_mean",0.88199,0.451858023855543,0.625,0.457544908187844,0.88125,1
0.05,0.0638157894736842,"overconfident",8,0.25,0.1,1,3,"supported_stability",0.65322,0.504306456176637,0.4375,0.213202134478991,0.88125,1
0.15,0.133552631578947,"overconfident",8,0.25,0.1,1,3,"binary",0.735846456692913,0.264354885698547,0,0.3231868244484,0.89375,1
0.15,0.133552631578947,"overconfident",8,0.25,0.1,1,3,"expected_sign",0.741240157480315,0.246269906822873,0,0.330038023151482,0.89375,1
0.15,0.133552631578947,"overconfident",8,0.25,0.1,1,3,"ensemble_mean",0.756702755905512,0.206662734486232,0,0.286661081052487,0.89375,1
0.15,0.133552631578947,"overconfident",8,0.25,0.1,1,3,"ensemble_stability",0.324409448818898,0.147109141622139,0,-0.233679387008596,0.89375,1
0.15,0.133552631578947,"overconfident",8,0.25,0.1,1,3,"supported_mean",0.741023622047244,0.194848434703447,0,0.269152602466601,0.89375,1
0.15,0.133552631578947,"overconfident",8,0.25,0.1,1,3,"supported_stability",0.324409448818898,0.147109141622139,0,-0.233524003688833,0.89375,1
0.01,0.0125,"calibrated",3,0.75,0.1,1,3,"binary",0.984889240506329,0.946619393951591,0.975,0.907695673226687,0.89,1
0.01,0.0125,"calibrated",3,0.75,0.1,1,3,"expected_sign",0.986214398734177,0.987711791269121,0.9375,0.908361830035284,0.89,1
0.01,0.0125,"calibrated",3,0.75,0.1,1,3,"ensemble_mean",0.986224287974684,0.889831603003524,0.9375,0.636371456865363,0.89,1
0.01,0.0125,"calibrated",3,0.75,0.1,1,3,"ensemble_stability",0.938548259493671,0.951763085743783,0.875,0.751828976788951,0.89,1
0.01,0.0125,"calibrated",3,0.75,0.1,1,3,"supported_mean",0.987549446202532,0.933594597977647,0.975,0.638105834566711,0.89,1
0.01,0.0125,"calibrated",3,0.75,0.1,1,3,"supported_stability",0.938933939873418,0.953341889356609,0.875,0.752430724415078,0.89,1
0.05,0.0585526315789474,"calibrated",3,0.75,0.1,1,3,"binary",0.874337420886076,0.472528205321446,0.575,0.612519828191538,0.89,1
0.05,0.0585526315789474,"calibrated",3,0.75,0.1,1,3,"expected_sign",0.882565268987342,0.489475397744986,0.5875,0.625164530290209,0.89,1
0.05,0.0585526315789474,"calibrated",3,0.75,0.1,1,3,"ensemble_mean",0.874752768987342,0.358741159738258,0.4125,0.421773565857057,0.89,1
0.05,0.0585526315789474,"calibrated",3,0.75,0.1,1,3,"ensemble_stability",0.421845332278481,0.13359479271515,0.0875,-0.0949762904883999,0.89,1
0.05,0.0585526315789474,"calibrated",3,0.75,0.1,1,3,"supported_mean",0.846271756329114,0.28778185016328,0.125,0.389720241916825,0.89,1
0.05,0.0585526315789474,"calibrated",3,0.75,0.1,1,3,"supported_stability",0.424841772151899,0.132200541763501,0.075,-0.0911784560589686,0.89,1
0.15,0.173684210526316,"calibrated",3,0.75,0.1,1,3,"binary",0.650673231511254,0.203779536274778,0,0.200896678378902,0.8775,1
0.15,0.173684210526316,"calibrated",3,0.75,0.1,1,3,"expected_sign",0.666599678456592,0.209067408461773,0,0.222011387382171,0.8775,1
0.15,0.173684210526316,"calibrated",3,0.75,0.1,1,3,"ensemble_mean",0.529642282958199,0.111756254832966,0,0.0331219723723613,0.8775,1
0.15,0.173684210526316,"calibrated",3,0.75,0.1,1,3,"ensemble_stability",0.301446945337621,0.135261702603733,0,-0.256299691787204,0.8775,1
0.15,0.173684210526316,"calibrated",3,0.75,0.1,1,3,"supported_mean",0.620136655948553,0.136596988347166,0,0.134239424299645,0.8775,1
0.15,0.173684210526316,"calibrated",3,0.75,0.1,1,3,"supported_stability",0.301446945337621,0.135261702603733,0,-0.256206591898462,0.8775,1
0.01,0.0105263157894737,"overconfident",3,0.75,0.1,1,3,"binary",0.973036006546645,0.945255623845977,0.95,0.916149845559349,0.86375,1
0.01,0.0105263157894737,"overconfident",3,0.75,0.1,1,3,"expected_sign",0.972872340425532,0.943975616721566,0.95,0.91397849256513,0.86375,1
0.01,0.0105263157894737,"overconfident",3,0.75,0.1,1,3,"ensemble_mean",0.968494271685761,0.887621276577878,0.95,0.71169682607807,0.86375,1
0.01,0.0105263157894737,"overconfident",3,0.75,0.1,1,3,"ensemble_stability",0.928416530278232,0.971325243788211,0.8625,0.828770997977404,0.86375,1
0.01,0.0105263157894737,"overconfident",3,0.75,0.1,1,3,"supported_mean",0.97013093289689,0.925196972896789,0.95,0.71418310319974,0.86375,1
0.01,0.0105263157894737,"overconfident",3,0.75,0.1,1,3,"supported_stability",0.928498363338789,0.972014515286768,0.8625,0.82891915544612,0.86375,1
0.05,0.0638157894736842,"overconfident",3,0.75,0.1,1,3,"binary",0.89503,0.509285642941666,0.65,0.625599655707986,0.88125,1
0.05,0.0638157894736842,"overconfident",3,0.75,0.1,1,3,"expected_sign",0.89795,0.509871206955121,0.6375,0.629435599049804,0.88125,1
0.05,0.0638157894736842,"overconfident",3,0.75,0.1,1,3,"ensemble_mean",0.88446,0.451828046627708,0.575,0.460370055670794,0.88125,1
0.05,0.0638157894736842,"overconfident",3,0.75,0.1,1,3,"ensemble_stability",0.68621,0.515558882882128,0.4875,0.261240286349389,0.88125,1
0.05,0.0638157894736842,"overconfident",3,0.75,0.1,1,3,"supported_mean",0.88593,0.461411952924862,0.6,0.462135104187348,0.88125,1
0.05,0.0638157894736842,"overconfident",3,0.75,0.1,1,3,"supported_stability",0.68951,0.517163357026168,0.5125,0.265583204621375,0.88125,1
0.15,0.133552631578947,"overconfident",3,0.75,0.1,1,3,"binary",0.762696850393701,0.287893885090128,0.0625,0.359723333994929,0.89375,1
0.15,0.133552631578947,"overconfident",3,0.75,0.1,1,3,"expected_sign",0.769645669291339,0.282642411972678,0.1625,0.368899293441779,0.89375,1
0.15,0.133552631578947,"overconfident",3,0.75,0.1,1,3,"ensemble_mean",0.764734251968504,0.212001585458228,0,0.295629930681703,0.89375,1
0.15,0.133552631578947,"overconfident",3,0.75,0.1,1,3,"ensemble_stability",0.318110236220472,0.142934800708118,0,-0.239292882596884,0.89375,1
0.15,0.133552631578947,"overconfident",3,0.75,0.1,1,3,"supported_mean",0.732125984251969,0.188773496898393,0,0.259216135810057,0.89375,1
0.15,0.133552631578947,"overconfident",3,0.75,0.1,1,3,"supported_stability",0.318110236220472,0.142934800708118,0,-0.239143796494572,0.89375,1
0.01,0.00921052631578947,"calibrated",8,0.75,0.1,1,3,"binary",0.992041800643087,0.948801074230572,0.9875,0.929926036999563,0.8775,1
0.01,0.00921052631578947,"calibrated",8,0.75,0.1,1,3,"expected_sign",0.993549035369775,0.997732493296696,0.9875,0.93082144164893,0.8775,1
0.01,0.00921052631578947,"calibrated",8,0.75,0.1,1,3,"ensemble_mean",0.998060691318328,0.988664319398482,0.9625,0.640553090263414,0.8775,1
0.01,0.00921052631578947,"calibrated",8,0.75,0.1,1,3,"ensemble_stability",0.951617765273312,0.961777888512307,0.8875,0.758288801458112,0.8775,1
0.01,0.00921052631578947,"calibrated",8,0.75,0.1,1,3,"supported_mean",0.996995578778135,0.988374803156499,0.975,0.639292338470359,0.8775,1
0.01,0.00921052631578947,"calibrated",8,0.75,0.1,1,3,"supported_stability",0.951879019292605,0.959760913630173,0.8875,0.758769531556657,0.8775,1
0.05,0.0539473684210526,"calibrated",8,0.75,0.1,1,3,"binary",0.930170364500792,0.58842936701005,0.75,0.691335556700787,0.88875,1
0.05,0.0539473684210526,"calibrated",8,0.75,0.1,1,3,"expected_sign",0.934072900158479,0.583811881209041,0.675,0.696413225360703,0.88875,1
0.05,0.0539473684210526,"calibrated",8,0.75,0.1,1,3,"ensemble_mean",0.927347464342314,0.466095687494753,0.5625,0.483637756332517,0.88875,1
0.05,0.0539473684210526,"calibrated",8,0.75,0.1,1,3,"ensemble_stability",0.558805467511886,0.227314415582789,0.325,0.0725538307168607,0.88875,1
0.05,0.0539473684210526,"calibrated",8,0.75,0.1,1,3,"supported_mean",0.906725435816165,0.396898590311534,0.4625,0.460338920106875,0.88875,1
0.05,0.0539473684210526,"calibrated",8,0.75,0.1,1,3,"supported_stability",0.5611529318542,0.279420139793269,0.3125,0.075344485166287,0.88875,1
0.15,0.148684210526316,"calibrated",8,0.75,0.1,1,3,"binary",0.72475884244373,0.238531407949273,0,0.312048401586893,0.8775,1
0.15,0.148684210526316,"calibrated",8,0.75,0.1,1,3,"expected_sign",0.724256430868167,0.229542929726444,0,0.311022347132982,0.8775,1
0.15,0.148684210526316,"calibrated",8,0.75,0.1,1,3,"ensemble_mean",0.391760450160772,0.0915473601519518,0,-0.121049526802196,0.8775,1
0.15,0.148684210526316,"calibrated",8,0.75,0.1,1,3,"ensemble_stability",0.295819935691318,0.132158921778715,0,-0.261368766150076,0.8775,1
0.15,0.148684210526316,"calibrated",8,0.75,0.1,1,3,"supported_mean",0.522206591639871,0.108559324147272,0,0.0248347065560754,0.8775,1
0.15,0.148684210526316,"calibrated",8,0.75,0.1,1,3,"supported_stability",0.295819935691318,0.132158921778715,0,-0.261255798416116,0.8775,1
0.01,0.00855263157894737,"overconfident",8,0.75,0.1,1,3,"binary",0.984232283464567,0.94779437574227,0.975,0.928602408796273,0.89375,1
0.01,0.00855263157894737,"overconfident",8,0.75,0.1,1,3,"expected_sign",0.985413385826772,0.944720908287223,0.9625,0.928863525982411,0.89375,1
0.01,0.00855263157894737,"overconfident",8,0.75,0.1,1,3,"ensemble_mean",0.982814960629921,0.934541504306567,0.95,0.766145283259325,0.89375,1
0.01,0.00855263157894737,"overconfident",8,0.75,0.1,1,3,"ensemble_stability",0.947972440944882,0.981217233673629,0.9,0.866638457017748,0.89375,1
0.01,0.00855263157894737,"overconfident",8,0.75,0.1,1,3,"supported_mean",0.984389763779528,0.936606397149808,0.9625,0.768612990951906,0.89375,1
0.01,0.00855263157894737,"overconfident",8,0.75,0.1,1,3,"supported_stability",0.948021653543307,0.981758712652608,0.9,0.866765725986333,0.89375,1
0.05,0.0467105263157895,"overconfident",8,0.75,0.1,1,3,"binary",0.963824237560193,0.724059871395375,0.875,0.762276484472131,0.87875,1
0.05,0.0467105263157895,"overconfident",8,0.75,0.1,1,3,"expected_sign",0.965308988764045,0.684030446587903,0.8,0.763103387311969,0.87875,1
0.05,0.0467105263157895,"overconfident",8,0.75,0.1,1,3,"ensemble_mean",0.958416934189406,0.571027485947536,0.675,0.547225342743365,0.87875,1
0.05,0.0467105263157895,"overconfident",8,0.75,0.1,1,3,"ensemble_stability",0.78939606741573,0.632262983594441,0.65,0.401760905707415,0.87875,1
0.05,0.0467105263157895,"overconfident",8,0.75,0.1,1,3,"supported_mean",0.958808186195827,0.582035829395142,0.7125,0.547721857812634,0.87875,1
0.05,0.0467105263157895,"overconfident",8,0.75,0.1,1,3,"supported_stability",0.795997191011236,0.674421488519933,0.65,0.410486877013064,0.87875,1
0.15,0.142763157894737,"overconfident",8,0.75,0.1,1,3,"binary",0.711904761904762,0.244830901934276,0,0.297104259906108,0.8875,1
0.15,0.142763157894737,"overconfident",8,0.75,0.1,1,3,"expected_sign",0.723392857142857,0.241638251957748,0,0.312869079383051,0.8875,1
0.15,0.142763157894737,"overconfident",8,0.75,0.1,1,3,"ensemble_mean",0.70514880952381,0.174325646220812,0,0.230716266393435,0.8875,1
0.15,0.142763157894737,"overconfident",8,0.75,0.1,1,3,"ensemble_stability",0.317460317460317,0.143443525210558,0,-0.240657882371065,0.8875,1
0.15,0.142763157894737,"overconfident",8,0.75,0.1,1,3,"supported_mean",0.709484126984127,0.176803906182924,0,0.23559188941263,0.8875,1
0.15,0.142763157894737,"overconfident",8,0.75,0.1,1,3,"supported_stability",0.317460317460317,0.143443525210558,0,-0.240527897974087,0.8875,1
0.01,0.0125,"calibrated",3,0.25,0.6,1,3,"binary",0.982451923076923,0.946619393951591,0.975,0.904874117292853,0.75,1
0.01,0.0125,"calibrated",3,0.25,0.6,1,3,"expected_sign",0.984278846153846,0.940314081540935,0.925,0.905479576860806,0.75,1
0.01,0.0125,"calibrated",3,0.25,0.6,1,3,"ensemble_mean",0.984242788461538,0.89031522125637,0.9375,0.659826793386628,0.75,1
0.01,0.0125,"calibrated",3,0.25,0.6,1,3,"ensemble_stability",0.85546875,0.888933900682911,0.7375,0.650629757574872,0.75,1
0.01,0.0125,"calibrated",3,0.25,0.6,1,3,"supported_mean",0.983100961538461,0.897418213775106,0.975,0.658829929337459,0.75,1
0.01,0.0125,"calibrated",3,0.25,0.6,1,3,"supported_stability",0.855228365384615,0.89590107056551,0.7125,0.65057625958864,0.75,1
0.05,0.0585526315789474,"calibrated",3,0.25,0.6,1,3,"binary",0.876897321428571,0.576390973993508,0.7625,0.609450820807051,0.73,1
0.05,0.0585526315789474,"calibrated",3,0.25,0.6,1,3,"expected_sign",0.876512896825397,0.517567294670754,0.6,0.607165199193523,0.73,1
0.05,0.0585526315789474,"calibrated",3,0.25,0.6,1,3,"ensemble_mean",0.851649305555556,0.35724806125981,0.3875,0.429865091392505,0.73,1
0.05,0.0585526315789474,"calibrated",3,0.25,0.6,1,3,"ensemble_stability",0.379030257936508,0.157349372859532,0.05,-0.163394780453572,0.73,1
0.05,0.0585526315789474,"calibrated",3,0.25,0.6,1,3,"supported_mean",0.84187748015873,0.336994624422788,0.3625,0.417950962337587,0.73,1
0.05,0.0585526315789474,"calibrated",3,0.25,0.6,1,3,"supported_stability",0.39624255952381,0.160493418746226,0.05,-0.140007851237016,0.73,1
0.15,0.173684210526316,"calibrated",3,0.25,0.6,1,3,"binary",0.613428217821782,0.215784180685798,0,0.159604281532433,0.73125,1
0.15,0.173684210526316,"calibrated",3,0.25,0.6,1,3,"expected_sign",0.615012376237624,0.210507191781783,0,0.16164392275613,0.73125,1
0.15,0.173684210526316,"calibrated",3,0.25,0.6,1,3,"ensemble_mean",0.505717821782178,0.130257869305299,0,0.00692317853382959,0.73125,1
0.15,0.173684210526316,"calibrated",3,0.25,0.6,1,3,"ensemble_stability",0.336633663366337,0.186704847275338,0,-0.245022039481902,0.73125,1
0.15,0.173684210526316,"calibrated",3,0.25,0.6,1,3,"supported_mean",0.569888613861386,0.144346654822928,0,0.0846216583473848,0.73125,1
0.15,0.173684210526316,"calibrated",3,0.25,0.6,1,3,"supported_stability",0.336633663366337,0.186704847275338,0,-0.244986826054846,0.73125,1
0.01,0.0105263157894737,"overconfident",3,0.25,0.6,1,3,"binary",0.972563352826511,0.944275396915485,0.95,0.906863038067855,0.74125,1
0.01,0.0105263157894737,"overconfident",3,0.25,0.6,1,3,"expected_sign",0.972514619883041,0.943957020116845,0.95,0.904270552567442,0.74125,1
0.01,0.0105263157894737,"overconfident",3,0.25,0.6,1,3,"ensemble_mean",0.968591617933723,0.922145520608191,0.95,0.708932525297088,0.74125,1
0.01,0.0105263157894737,"overconfident",3,0.25,0.6,1,3,"ensemble_stability",0.870650584795322,0.950375340864547,0.7875,0.751544664083838,0.74125,1
0.01,0.0105263157894737,"overconfident",3,0.25,0.6,1,3,"supported_mean",0.969005847953216,0.924911143912275,0.95,0.7098117870859,0.74125,1
0.01,0.0105263157894737,"overconfident",3,0.25,0.6,1,3,"supported_stability",0.870065789473684,0.950156042618933,0.7875,0.750725838200557,0.74125,1
0.05,0.0638157894736842,"overconfident",3,0.25,0.6,1,3,"binary",0.889254385964912,0.553945122856229,0.725,0.616931346116045,0.74125,1
0.05,0.0638157894736842,"overconfident",3,0.25,0.6,1,3,"expected_sign",0.895979532163743,0.548532135212743,0.6875,0.62615862991093,0.74125,1
0.05,0.0638157894736842,"overconfident",3,0.25,0.6,1,3,"ensemble_mean",0.878094541910331,0.474108871669668,0.6,0.48188891137713,0.74125,1
0.05,0.0638157894736842,"overconfident",3,0.25,0.6,1,3,"ensemble_stability",0.645333820662768,0.464164810296855,0.425,0.215725549147836,0.74125,1
0.05,0.0638157894736842,"overconfident",3,0.25,0.6,1,3,"supported_mean",0.880092592592593,0.481830496480532,0.675,0.484549332033747,0.74125,1
0.05,0.0638157894736842,"overconfident",3,0.25,0.6,1,3,"supported_stability",0.648598927875244,0.48194267043714,0.425,0.220337010953442,0.74125,1
0.15,0.133552631578947,"overconfident",3,0.25,0.6,1,3,"binary",0.712989236790607,0.271430683744354,0,0.30866103649551,0.73875,1
0.15,0.133552631578947,"overconfident",3,0.25,0.6,1,3,"expected_sign",0.713747553816047,0.259319660613702,0,0.30924607476131,0.73875,1
0.15,0.133552631578947,"overconfident",3,0.25,0.6,1,3,"ensemble_mean",0.714138943248532,0.210333377328906,0,0.259846487180195,0.73875,1
0.15,0.133552631578947,"overconfident",3,0.25,0.6,1,3,"ensemble_stability",0.337573385518591,0.18584082639408,0,-0.242972734083635,0.73875,1
0.15,0.133552631578947,"overconfident",3,0.25,0.6,1,3,"supported_mean",0.685359589041096,0.191203916190021,0,0.224926528121116,0.73875,1
0.15,0.133552631578947,"overconfident",3,0.25,0.6,1,3,"supported_stability",0.337573385518591,0.18584082639408,0,-0.242884448369153,0.73875,1
0.01,0.00921052631578947,"calibrated",8,0.25,0.6,1,3,"binary",0.989678217821782,0.948684197185224,0.9875,0.922870389679484,0.73125,1
0.01,0.00921052631578947,"calibrated",8,0.25,0.6,1,3,"expected_sign",0.992277227722772,0.989193410870418,0.9625,0.924696835043195,0.73125,1
0.01,0.00921052631578947,"calibrated",8,0.25,0.6,1,3,"ensemble_mean",0.99470297029703,0.93445930027177,0.9375,0.683552558683345,0.73125,1
0.01,0.00921052631578947,"calibrated",8,0.25,0.6,1,3,"ensemble_stability",0.861410891089109,0.889188202920846,0.75,0.648235155955299,0.73125,1
0.01,0.00921052631578947,"calibrated",8,0.25,0.6,1,3,"supported_mean",0.992264851485149,0.908607029787693,0.9625,0.68095516516065,0.73125,1
0.01,0.00921052631578947,"calibrated",8,0.25,0.6,1,3,"supported_stability",0.860594059405941,0.891692332001363,0.75,0.64714480076757,0.73125,1
0.05,0.0539473684210526,"calibrated",8,0.25,0.6,1,3,"binary",0.924846986817326,0.620091397708494,0.7875,0.693625294266074,0.76375,1
0.05,0.0539473684210526,"calibrated",8,0.25,0.6,1,3,"expected_sign",0.932991996233522,0.62060686114342,0.7125,0.704938907972397,0.76375,1
0.05,0.0539473684210526,"calibrated",8,0.25,0.6,1,3,"ensemble_mean",0.912817796610169,0.457982861733473,0.5625,0.49895313822518,0.76375,1
0.05,0.0539473684210526,"calibrated",8,0.25,0.6,1,3,"ensemble_stability",0.463629943502825,0.197158849287077,0.1875,-0.0489257792625066,0.76375,1
0.05,0.0539473684210526,"calibrated",8,0.25,0.6,1,3,"supported_mean",0.886346516007533,0.377686617371855,0.3875,0.466966622262337,0.76375,1
0.05,0.0539473684210526,"calibrated",8,0.25,0.6,1,3,"supported_stability",0.47585922787194,0.210558534426116,0.1875,-0.0324522066252314,0.76375,1
0.15,0.148684210526316,"calibrated",8,0.25,0.6,1,3,"binary",0.703256704980843,0.25030533100772,0,0.289949883816154,0.7525,1
0.15,0.148684210526316,"calibrated",8,0.25,0.6,1,3,"expected_sign",0.7125,0.245069917665054,0,0.302631025805702,0.7525,1
0.15,0.148684210526316,"calibrated",8,0.25,0.6,1,3,"ensemble_mean",0.545785440613027,0.136171727937082,0,0.0549856029122005,0.7525,1
0.15,0.148684210526316,"calibrated",8,0.25,0.6,1,3,"ensemble_stability",0.31992337164751,0.168682065895759,0,-0.25786004950377,0.7525,1
0.15,0.148684210526316,"calibrated",8,0.25,0.6,1,3,"supported_mean",0.645569923371648,0.166179384790447,0,0.174820860301972,0.7525,1
0.15,0.148684210526316,"calibrated",8,0.25,0.6,1,3,"supported_stability",0.31992337164751,0.168682065895759,0,-0.257786311417196,0.7525,1
0.01,0.00855263157894737,"overconfident",8,0.25,0.6,1,3,"binary",0.987279843444227,0.997457545965271,0.975,0.939887598820343,0.73875,1
0.01,0.00855263157894737,"overconfident",8,0.25,0.6,1,3,"expected_sign",0.986570450097847,0.992488059588774,0.9625,0.935674853391759,0.73875,1
0.01,0.00855263157894737,"overconfident",8,0.25,0.6,1,3,"ensemble_mean",0.981433463796477,0.933588514062138,0.95,0.750955593194645,0.73875,1
0.01,0.00855263157894737,"overconfident",8,0.25,0.6,1,3,"ensemble_stability",0.870144324853229,0.946561636046644,0.775,0.746323465695499,0.73875,1
0.01,0.00855263157894737,"overconfident",8,0.25,0.6,1,3,"supported_mean",0.983732876712329,0.9379563678718,0.9625,0.754838056855889,0.73875,1
0.01,0.00855263157894737,"overconfident",8,0.25,0.6,1,3,"supported_stability",0.869691780821918,0.947118470612086,0.775,0.745772538657447,0.73875,1
0.05,0.0467105263157895,"overconfident",8,0.25,0.6,1,3,"binary",0.943846525096525,0.618265107991436,0.775,0.723248366041864,0.7475,1
0.05,0.0467105263157895,"overconfident",8,0.25,0.6,1,3,"expected_sign",0.945004826254826,0.596776472888694,0.6625,0.723012248311926,0.7475,1
0.05,0.0467105263157895,"overconfident",8,0.25,0.6,1,3,"ensemble_mean",0.917060810810811,0.449767125160192,0.4875,0.526252298383422,0.7475,1
0.05,0.0467105263157895,"overconfident",8,0.25,0.6,1,3,"ensemble_stability",0.632227316602317,0.340927517692493,0.325,0.190922506771654,0.7475,1
0.05,0.0467105263157895,"overconfident",8,0.25,0.6,1,3,"supported_mean",0.950723938223938,0.593614191567218,0.725,0.568996827549689,0.7475,1
0.05,0.0467105263157895,"overconfident",8,0.25,0.6,1,3,"supported_stability",0.657794401544401,0.477645410741151,0.4875,0.227650116381236,0.7475,1
0.15,0.142763157894737,"overconfident",8,0.25,0.6,1,3,"binary",0.718932038834951,0.283304436456782,0,0.318138595936794,0.74375,1
0.15,0.142763157894737,"overconfident",8,0.25,0.6,1,3,"expected_sign",0.715922330097087,0.267586946388895,0.025,0.313341317813691,0.74375,1
0.15,0.142763157894737,"overconfident",8,0.25,0.6,1,3,"ensemble_mean",0.710412621359223,0.205182415512984,0,0.256369875191054,0.74375,1
0.15,0.142763157894737,"overconfident",8,0.25,0.6,1,3,"ensemble_stability",0.340776699029126,0.187577013321535,0,-0.239049796906023,0.74375,1
0.15,0.142763157894737,"overconfident",8,0.25,0.6,1,3,"supported_mean",0.70502427184466,0.20104470255736,0,0.249804626018345,0.74375,1
0.15,0.142763157894737,"overconfident",8,0.25,0.6,1,3,"supported_stability",0.340776699029126,0.187577013321535,0,-0.238982405703821,0.74375,1
0.01,0.00921052631578947,"calibrated",3,0.75,0.6,1,3,"binary",0.988700495049505,0.911307064223096,0.975,0.920915594363432,0.73125,1
0.01,0.00921052631578947,"calibrated",3,0.75,0.6,1,3,"expected_sign",0.991782178217822,0.985963601814086,0.9375,0.923766930744077,0.73125,1
0.01,0.00921052631578947,"calibrated",3,0.75,0.6,1,3,"ensemble_mean",0.991881188118812,0.892275801561294,0.925,0.679653579813641,0.73125,1
0.01,0.00921052631578947,"calibrated",3,0.75,0.6,1,3,"ensemble_stability",0.863972772277228,0.876489878971792,0.7125,0.633434702952531,0.73125,1
0.01,0.00921052631578947,"calibrated",3,0.75,0.6,1,3,"supported_mean",0.983242574257426,0.775680085816249,0.8875,0.66776104921845,0.73125,1
0.01,0.00921052631578947,"calibrated",3,0.75,0.6,1,3,"supported_stability",0.863601485148515,0.863429224720224,0.7,0.632695544809388,0.73125,1
0.05,0.0539473684210526,"calibrated",3,0.75,0.6,1,3,"binary",0.916019303201507,0.553451885230669,0.7,0.678961827481351,0.76375,1
0.05,0.0539473684210526,"calibrated",3,0.75,0.6,1,3,"expected_sign",0.927954331450094,0.589672387104979,0.675,0.696737264657852,0.76375,1
0.05,0.0539473684210526,"calibrated",3,0.75,0.6,1,3,"ensemble_mean",0.916278248587571,0.47046957068641,0.575,0.503135635280927,0.76375,1
0.05,0.0539473684210526,"calibrated",3,0.75,0.6,1,3,"ensemble_stability",0.488182674199623,0.212163017240585,0.2,-0.0160418733786767,0.76375,1
0.05,0.0539473684210526,"calibrated",3,0.75,0.6,1,3,"supported_mean",0.885699152542373,0.377607713605326,0.4,0.466176162198783,0.76375,1
0.05,0.0539473684210526,"calibrated",3,0.75,0.6,1,3,"supported_stability",0.495421374764595,0.207003455903396,0.175,-0.0062114753695503,0.76375,1
0.15,0.148684210526316,"calibrated",3,0.75,0.6,1,3,"binary",0.705555555555556,0.258005950276359,0,0.293415692993983,0.7525,1
0.15,0.148684210526316,"calibrated",3,0.75,0.6,1,3,"expected_sign",0.70948275862069,0.243302299459508,0,0.298334033552883,0.7525,1
0.15,0.148684210526316,"calibrated",3,0.75,0.6,1,3,"ensemble_mean",0.524497126436782,0.131653028832613,0,0.0294195982108688,0.7525,1
0.15,0.148684210526316,"calibrated",3,0.75,0.6,1,3,"ensemble_stability",0.3227969348659,0.170831528890921,0,-0.25508214255201,0.7525,1
0.15,0.148684210526316,"calibrated",3,0.75,0.6,1,3,"supported_mean",0.65198754789272,0.168163604855852,0,0.182528047431587,0.7525,1
0.15,0.148684210526316,"calibrated",3,0.75,0.6,1,3,"supported_stability",0.3227969348659,0.170831528890921,0,-0.255022010642319,0.7525,1
0.01,0.00855263157894737,"overconfident",3,0.75,0.6,1,3,"binary",0.984417808219178,0.997457545965271,0.975,0.934708187785082,0.73875,1
0.01,0.00855263157894737,"overconfident",3,0.75,0.6,1,3,"expected_sign",0.986570450097847,0.992488059588774,0.9625,0.935674853391759,0.73875,1
0.01,0.00855263157894737,"overconfident",3,0.75,0.6,1,3,"ensemble_mean",0.979794520547945,0.898175466599943,0.95,0.748399116148558,0.73875,1
0.01,0.00855263157894737,"overconfident",3,0.75,0.6,1,3,"ensemble_stability",0.863184931506849,0.937744297549796,0.7375,0.724321401890604,0.73875,1
0.01,0.00855263157894737,"overconfident",3,0.75,0.6,1,3,"supported_mean",0.980039138943249,0.870228954387172,0.9625,0.748693524500953,0.73875,1
0.01,0.00855263157894737,"overconfident",3,0.75,0.6,1,3,"supported_stability",0.863160469667319,0.937518656167931,0.7375,0.724252615020871,0.73875,1
0.05,0.0467105263157895,"overconfident",3,0.75,0.6,1,3,"binary",0.918436293436293,0.507101832282077,0.6125,0.681913318728391,0.7475,1
0.05,0.0467105263157895,"overconfident",3,0.75,0.6,1,3,"expected_sign",0.920801158301158,0.483169483706413,0.5625,0.683687846974859,0.7475,1
0.05,0.0467105263157895,"overconfident",3,0.75,0.6,1,3,"ensemble_mean",0.909519787644788,0.429782377185685,0.4875,0.516736995336972,0.7475,1
0.05,0.0467105263157895,"overconfident",3,0.75,0.6,1,3,"ensemble_stability",0.482528957528958,0.241965415703494,0.2125,-0.0251929531609482,0.7475,1
0.05,0.0467105263157895,"overconfident",3,0.75,0.6,1,3,"supported_mean",0.913392857142857,0.437701424015135,0.5,0.521624097786877,0.7475,1
0.05,0.0467105263157895,"overconfident",3,0.75,0.6,1,3,"supported_stability",0.492181467181467,0.257179372448412,0.25,-0.0112597345858642,0.7475,1
0.15,0.142763157894737,"overconfident",3,0.75,0.6,1,3,"binary",0.706553398058252,0.277008619896305,0,0.300320504722811,0.74375,1
0.15,0.142763157894737,"overconfident",3,0.75,0.6,1,3,"expected_sign",0.719514563106796,0.270492159503935,0.075,0.318554280385232,0.74375,1
0.15,0.142763157894737,"overconfident",3,0.75,0.6,1,3,"ensemble_mean",0.714368932038835,0.207616916644168,0,0.261189729736632,0.74375,1
0.15,0.142763157894737,"overconfident",3,0.75,0.6,1,3,"ensemble_stability",0.344660194174757,0.191149500239264,0,-0.235235501183183,0.74375,1
0.15,0.142763157894737,"overconfident",3,0.75,0.6,1,3,"supported_mean",0.707257281553398,0.201978292573545,0,0.252524803946475,0.74375,1
0.15,0.142763157894737,"overconfident",3,0.75,0.6,1,3,"supported_stability",0.344660194174757,0.191149500239264,0,-0.235188418305318,0.74375,1
0.01,0.00855263157894737,"calibrated",8,0.75,0.6,1,3,"binary",0.971024904214559,0.946811975853264,0.95,0.92695823375555,0.7525,1
0.01,0.00855263157894737,"calibrated",8,0.75,0.6,1,3,"expected_sign",0.972198275862069,0.942210785536565,0.95,0.926450044389521,0.7525,1
0.01,0.00855263157894737,"calibrated",8,0.75,0.6,1,3,"ensemble_mean",0.971875,0.915402961938156,0.95,0.645170765120906,0.7525,1
0.01,0.00855263157894737,"calibrated",8,0.75,0.6,1,3,"ensemble_stability",0.852382662835249,0.872236037538892,0.7375,0.606518809122991,0.7525,1
0.01,0.00855263157894737,"calibrated",8,0.75,0.6,1,3,"supported_mean",0.970617816091954,0.912057484968747,0.925,0.643509161778954,0.7525,1
0.01,0.00855263157894737,"calibrated",8,0.75,0.6,1,3,"supported_stability",0.853508141762452,0.87520075725678,0.7375,0.608298060254357,0.7525,1
0.05,0.0526315789473684,"calibrated",8,0.75,0.6,1,3,"binary",0.907314356435644,0.610411557223278,0.7875,0.683980839247493,0.73125,1
0.05,0.0526315789473684,"calibrated",8,0.75,0.6,1,3,"expected_sign",0.910742574257426,0.642119845747618,0.75,0.688459962146546,0.73125,1
0.05,0.0526315789473684,"calibrated",8,0.75,0.6,1,3,"ensemble_mean",0.872722772277228,0.390496160600986,0.4375,0.459155596307542,0.73125,1
0.05,0.0526315789473684,"calibrated",8,0.75,0.6,1,3,"ensemble_stability",0.43075495049505,0.171031451030053,0.0875,-0.0942051069001123,0.73125,1
0.05,0.0526315789473684,"calibrated",8,0.75,0.6,1,3,"supported_mean",0.842512376237624,0.327282564687388,0.275,0.421946745032355,0.73125,1
0.05,0.0526315789473684,"calibrated",8,0.75,0.6,1,3,"supported_stability",0.447623762376238,0.177320429669323,0.1125,-0.0711832041961467,0.73125,1
0.15,0.158552631578947,"calibrated",8,0.75,0.6,1,3,"binary",0.737645348837209,0.311345435314609,0.2,0.336132806809783,0.745,1
0.15,0.158552631578947,"calibrated",8,0.75,0.6,1,3,"expected_sign",0.744985465116279,0.291150333422157,0.2875,0.345794725534157,0.745,1
0.15,0.158552631578947,"calibrated",8,0.75,0.6,1,3,"ensemble_mean",0.606443798449612,0.153298744614343,0,0.127925209979432,0.745,1
0.15,0.158552631578947,"calibrated",8,0.75,0.6,1,3,"ensemble_stability",0.341085271317829,0.187577013321535,0,-0.238510394789814,0.745,1
0.15,0.158552631578947,"calibrated",8,0.75,0.6,1,3,"supported_mean",0.637015503875969,0.163008547209821,0,0.164666587993552,0.745,1
0.15,0.158552631578947,"calibrated",8,0.75,0.6,1,3,"supported_stability",0.341085271317829,0.187577013321535,0,-0.238488800198401,0.745,1
0.01,0.0118421052631579,"overconfident",8,0.75,0.6,1,3,"binary",0.985242718446602,0.99603163493841,0.975,0.91008905736346,0.74375,1
0.01,0.0118421052631579,"overconfident",8,0.75,0.6,1,3,"expected_sign",0.986723300970874,0.993186503175009,0.9625,0.910084592447046,0.74375,1
0.01,0.0118421052631579,"overconfident",8,0.75,0.6,1,3,"ensemble_mean",0.990873786407767,0.987591828681952,0.9625,0.752676082511067,0.74375,1
0.01,0.0118421052631579,"overconfident",8,0.75,0.6,1,3,"ensemble_stability",0.87129854368932,0.958859142382077,0.8375,0.770592010532268,0.74375,1
0.01,0.0118421052631579,"overconfident",8,0.75,0.6,1,3,"supported_mean",0.99123786407767,0.989420748148189,0.9625,0.753234319060703,0.74375,1
0.01,0.0118421052631579,"overconfident",8,0.75,0.6,1,3,"supported_stability",0.87123786407767,0.956128831714509,0.8375,0.770455144843819,0.74375,1
0.05,0.0506578947368421,"overconfident",8,0.75,0.6,1,3,"binary",0.892943159922929,0.571237961419677,0.7375,0.668122358400819,0.74875,1
0.05,0.0506578947368421,"overconfident",8,0.75,0.6,1,3,"expected_sign",0.897591522157996,0.57998012965766,0.7125,0.674702503700702,0.74875,1
0.05,0.0506578947368421,"overconfident",8,0.75,0.6,1,3,"ensemble_mean",0.871327071290944,0.451576990370782,0.5625,0.472652608074815,0.74875,1
0.05,0.0506578947368421,"overconfident",8,0.75,0.6,1,3,"ensemble_stability",0.635525048169557,0.386694046981095,0.425,0.194814624924474,0.74875,1
0.05,0.0506578947368421,"overconfident",8,0.75,0.6,1,3,"supported_mean",0.878191233140655,0.475803267393483,0.6375,0.481414904402665,0.74875,1
0.05,0.0506578947368421,"overconfident",8,0.75,0.6,1,3,"supported_stability",0.639077552986512,0.410946302592551,0.4125,0.199545492311212,0.74875,1
0.15,0.146710526315789,"overconfident",8,0.75,0.6,1,3,"binary",0.698440522243714,0.238811146782817,0,0.278845942199242,0.74625,1
0.15,0.146710526315789,"overconfident",8,0.75,0.6,1,3,"expected_sign",0.703638781431335,0.229634555216873,0,0.285565210208177,0.74625,1
0.15,0.146710526315789,"overconfident",8,0.75,0.6,1,3,"ensemble_mean",0.679098162475822,0.18542281114079,0,0.216538382816665,0.74625,1
0.15,0.146710526315789,"overconfident",8,0.75,0.6,1,3,"ensemble_stability",0.321083172147002,0.170831528890921,0,-0.257812160132609,0.74625,1
0.15,0.146710526315789,"overconfident",8,0.75,0.6,1,3,"supported_mean",0.688225338491296,0.190028188414816,0,0.227573632733592,0.74625,1
0.15,0.146710526315789,"overconfident",8,0.75,0.6,1,3,"supported_stability",0.321083172147002,0.170831528890921,0,-0.257687787122789,0.74625,1
