quiet_threshold,single_threshold,expression_filter,comparison,positives,retained_positives
0.05,0.05,all,AHR+FEV,4,4
0.05,0.05,all,AHR+KLF1,8,8
0.05,0.05,all,BAK1+BCL2L11,0,0
0.05,0.05,all,BAK1+KLF1,0,0
0.05,0.05,all,BAK1+TMSB4X,0,0
0.05,0.05,all,BCL2L11+TGFBR2,0,0
0.05,0.05,all,BPGM+SAMD1,0,0
0.05,0.05,all,BPGM+ZBTB1,5,5
0.05,0.05,all,C19orf26+TGFBR2,0,0
0.05,0.05,all,C3orf72+FOXL2,0,0
0.05,0.05,all,CBFA2T3+FEV,1,1
0.05,0.05,all,CBFA2T3+POU3F2,0,0
0.05,0.05,all,CBFA2T3+PRDM1,1,1
0.05,0.05,all,CBL+CNN1,0,0
0.05,0.05,all,CBL+PTPN12,0,0
0.05,0.05,all,CBL+PTPN9,0,0
0.05,0.05,all,CBL+TGFBR2,0,0
0.05,0.05,all,CBL+UBASH3A,0,0
0.05,0.05,all,CBL+UBASH3B,0,0
0.05,0.05,all,CDKN1A+CDKN1B,0,0
0.05,0.05,all,CDKN1A+CDKN1C,0,0
0.05,0.05,all,CDKN1B+CDKN1C,0,0
0.05,0.05,all,CEBPA+CEBPB,0,0
0.05,0.05,all,CEBPA+CEBPE,0,0
0.05,0.05,all,CEBPA+JUN,0,0
0.05,0.05,all,CEBPA+KLF1,3,3
0.05,0.05,all,CEBPA+ZC3HAV1,0,0
0.05,0.05,all,CEBPB+CEBPE,0,0
0.05,0.05,all,CEBPB+FOSB,0,0
0.05,0.05,all,CEBPB+JUN,0,0
0.05,0.05,all,CEBPB+LYL1,1,1
0.05,0.05,all,CEBPB+MAPK1,4,4
0.05,0.05,all,CEBPB+OSR2,2,2
0.05,0.05,all,CEBPB+PTPN12,4,4
0.05,0.05,all,CEBPE+CNN1,7,7
0.05,0.05,all,CEBPE+ETS2,3,3
0.05,0.05,all,CEBPE+FOSB,0,0
0.05,0.05,all,CEBPE+KLF1,28,28
0.05,0.05,all,CEBPE+PTPN12,8,8
0.05,0.05,all,CEBPE+RUNX1T1,1,1
0.05,0.05,all,CEBPE+SET,15,15
0.05,0.05,all,CEBPE+SPI1,1,1
0.05,0.05,all,CEBPE+ZC3HAV1,11,11
0.05,0.05,all,CLDN6+KLF1,5,5
0.05,0.05,all,CNN1+ETS2,18,18
0.05,0.05,all,CNN1+MAPK1,9,9
0.05,0.05,all,CNN1+UBASH3A,0,0
0.05,0.05,all,CNN1+UBASH3B,0,0
0.05,0.05,all,COL2A1+KLF1,7,7
0.05,0.05,all,DLX2+SNAI1,0,0
0.05,0.05,all,DLX2+ZBTB10,1,1
0.05,0.05,all,DUSP9+ETS2,11,11
0.05,0.05,all,DUSP9+IGDCC3,5,5
0.05,0.05,all,DUSP9+KLF1,5,5
0.05,0.05,all,DUSP9+MAPK1,13,13
0.05,0.05,all,DUSP9+PRTG,7,7
0.05,0.05,all,DUSP9+SNAI1,3,3
0.05,0.05,all,ELMSAN1+LHX1,7,7
0.05,0.05,all,ELMSAN1+MAP2K3,0,0
0.05,0.05,all,ELMSAN1+MAP2K6,0,0
0.05,0.05,all,ELMSAN1+ZBTB10,0,0
0.05,0.05,all,ETS2+IGDCC3,7,7
0.05,0.05,all,ETS2+IKZF3,9,9
0.05,0.05,all,ETS2+MAP7D1,1,1
0.05,0.05,all,ETS2+MAPK1,0,0
0.05,0.05,all,ETS2+PRTG,9,9
0.05,0.05,all,ETS2+TGFBR2,1,1
0.05,0.05,all,FEV+ISL2,1,1
0.05,0.05,all,FEV+MAP7D1,1,1
0.05,0.05,all,FOSB+IKZF3,4,4
0.05,0.05,all,FOSB+OSR2,0,0
0.05,0.05,all,FOSB+PTPN12,4,4
0.05,0.05,all,FOSB+UBASH3B,5,5
0.05,0.05,all,FOXA1+FOXA3,0,0
0.05,0.05,all,FOXA1+FOXF1,0,0
0.05,0.05,all,FOXA1+FOXL2,0,0
0.05,0.05,all,FOXA1+HOXB9,0,0
0.05,0.05,all,FOXA1+KLF1,5,5
0.05,0.05,all,FOXA3+FOXF1,1,1
0.05,0.05,all,FOXA3+FOXL2,0,0
0.05,0.05,all,FOXA3+HOXB9,1,1
0.05,0.05,all,FOXF1+FOXL2,0,0
0.05,0.05,all,FOXF1+HOXB9,0,0
0.05,0.05,all,FOXL2+HOXB9,0,0
0.05,0.05,all,FOXL2+MEIS1,0,0
0.05,0.05,all,FOXL2+POU3F2,0,0
0.05,0.05,all,FOXL2+ZNF318,1,1
0.05,0.05,all,HOXC13+ZC3HAV1,8,8
0.05,0.05,all,IER5L+LYL1,0,0
0.05,0.05,all,IGDCC3+MAPK1,15,15
0.05,0.05,all,IGDCC3+PRTG,0,0
0.05,0.05,all,IGDCC3+TGFBR2,0,0
0.05,0.05,all,IGDCC3+ZBTB25,0,0
0.05,0.05,all,IKZF3+MAP2K3,3,3
0.05,0.05,all,IKZF3+MAP2K6,4,4
0.05,0.05,all,IKZF3+MAPK1,5,5
0.05,0.05,all,IRF1+SET,8,8
0.05,0.05,all,KIF18B+KIF2C,0,0
0.05,0.05,all,KLF1+MAP2K6,0,0
0.05,0.05,all,KLF1+SET,22,22
0.05,0.05,all,KLF1+TGFBR2,1,1
0.05,0.05,all,MAP2K3+MAP2K6,0,0
0.05,0.05,all,MAP2K3+SLC38A2,0,0
0.05,0.05,all,MAP2K6+SPI1,12,12
0.05,0.05,all,MAPK1+PRTG,15,15
0.05,0.05,all,MAPK1+TGFBR2,0,0
0.05,0.05,all,OSR2+PTPN12,13,13
0.05,0.05,all,OSR2+UBASH3B,15,15
0.05,0.05,all,PLK4+STIL,0,0
0.05,0.05,all,PRTG+TGFBR2,0,0
0.05,0.05,all,PTPN12+PTPN9,0,0
0.05,0.05,all,PTPN12+SAMD1,2,2
0.05,0.05,all,PTPN12+SNAI1,5,5
0.05,0.05,all,PTPN12+UBASH3A,0,0
0.05,0.05,all,PTPN12+UBASH3B,0,0
0.05,0.05,all,PTPN12+ZBTB10,4,4
0.05,0.05,all,PTPN12+ZBTB25,0,0
0.05,0.05,all,PTPN9+UBASH3B,0,0
0.05,0.05,all,RHOXF2+SET,4,4
0.05,0.05,all,RHOXF2+ZBTB25,2,2
0.05,0.05,all,S1PR2+SGK1,0,0
0.05,0.05,all,SAMD1+TGFBR2,0,0
0.05,0.05,all,SAMD1+UBASH3B,0,0
0.05,0.05,all,SAMD1+ZBTB1,1,1
0.05,0.05,all,SGK1+TBX2,1,1
0.05,0.05,all,SGK1+TBX3,0,0
0.05,0.05,all,SNAI1+UBASH3B,2,2
0.05,0.05,all,SNAI1+ZBTB10,0,0
0.05,0.05,all,TBX2+TBX3,1,1
0.05,0.05,all,UBASH3A+UBASH3B,0,0
0.05,0.05,all,UBASH3B+ZBTB25,0,0
0.05,0.1,all,AHR+FEV,0,0
0.05,0.1,all,AHR+KLF1,1,1
0.05,0.1,all,BAK1+BCL2L11,0,0
0.05,0.1,all,BAK1+KLF1,0,0
0.05,0.1,all,BAK1+TMSB4X,0,0
0.05,0.1,all,BCL2L11+TGFBR2,0,0
0.05,0.1,all,BPGM+SAMD1,0,0
0.05,0.1,all,BPGM+ZBTB1,0,0
0.05,0.1,all,C19orf26+TGFBR2,0,0
0.05,0.1,all,C3orf72+FOXL2,0,0
0.05,0.1,all,CBFA2T3+FEV,0,0
0.05,0.1,all,CBFA2T3+POU3F2,0,0
0.05,0.1,all,CBFA2T3+PRDM1,0,0
0.05,0.1,all,CBL+CNN1,0,0
0.05,0.1,all,CBL+PTPN12,0,0
0.05,0.1,all,CBL+PTPN9,0,0
0.05,0.1,all,CBL+TGFBR2,0,0
0.05,0.1,all,CBL+UBASH3A,0,0
0.05,0.1,all,CBL+UBASH3B,0,0
0.05,0.1,all,CDKN1A+CDKN1B,0,0
0.05,0.1,all,CDKN1A+CDKN1C,0,0
0.05,0.1,all,CDKN1B+CDKN1C,0,0
0.05,0.1,all,CEBPA+CEBPB,0,0
0.05,0.1,all,CEBPA+CEBPE,0,0
0.05,0.1,all,CEBPA+JUN,0,0
0.05,0.1,all,CEBPA+KLF1,0,0
0.05,0.1,all,CEBPA+ZC3HAV1,0,0
0.05,0.1,all,CEBPB+CEBPE,0,0
0.05,0.1,all,CEBPB+FOSB,0,0
0.05,0.1,all,CEBPB+JUN,0,0
0.05,0.1,all,CEBPB+LYL1,0,0
0.05,0.1,all,CEBPB+MAPK1,0,0
0.05,0.1,all,CEBPB+OSR2,0,0
0.05,0.1,all,CEBPB+PTPN12,0,0
0.05,0.1,all,CEBPE+CNN1,1,1
0.05,0.1,all,CEBPE+ETS2,0,0
0.05,0.1,all,CEBPE+FOSB,0,0
0.05,0.1,all,CEBPE+KLF1,6,6
0.05,0.1,all,CEBPE+PTPN12,2,2
0.05,0.1,all,CEBPE+RUNX1T1,0,0
0.05,0.1,all,CEBPE+SET,4,4
0.05,0.1,all,CEBPE+SPI1,0,0
0.05,0.1,all,CEBPE+ZC3HAV1,2,2
0.05,0.1,all,CLDN6+KLF1,1,1
0.05,0.1,all,CNN1+ETS2,4,4
0.05,0.1,all,CNN1+MAPK1,0,0
0.05,0.1,all,CNN1+UBASH3A,0,0
0.05,0.1,all,CNN1+UBASH3B,0,0
0.05,0.1,all,COL2A1+KLF1,2,2
0.05,0.1,all,DLX2+SNAI1,0,0
0.05,0.1,all,DLX2+ZBTB10,0,0
0.05,0.1,all,DUSP9+ETS2,3,3
0.05,0.1,all,DUSP9+IGDCC3,0,0
0.05,0.1,all,DUSP9+KLF1,0,0
0.05,0.1,all,DUSP9+MAPK1,5,5
0.05,0.1,all,DUSP9+PRTG,1,1
0.05,0.1,all,DUSP9+SNAI1,1,1
0.05,0.1,all,ELMSAN1+LHX1,2,2
0.05,0.1,all,ELMSAN1+MAP2K3,0,0
0.05,0.1,all,ELMSAN1+MAP2K6,0,0
0.05,0.1,all,ELMSAN1+ZBTB10,0,0
0.05,0.1,all,ETS2+IGDCC3,0,0
0.05,0.1,all,ETS2+IKZF3,2,2
0.05,0.1,all,ETS2+MAP7D1,0,0
0.05,0.1,all,ETS2+MAPK1,0,0
0.05,0.1,all,ETS2+PRTG,2,2
0.05,0.1,all,ETS2+TGFBR2,0,0
0.05,0.1,all,FEV+ISL2,0,0
0.05,0.1,all,FEV+MAP7D1,0,0
0.05,0.1,all,FOSB+IKZF3,1,1
0.05,0.1,all,FOSB+OSR2,0,0
0.05,0.1,all,FOSB+PTPN12,0,0
0.05,0.1,all,FOSB+UBASH3B,2,2
0.05,0.1,all,FOXA1+FOXA3,0,0
0.05,0.1,all,FOXA1+FOXF1,0,0
0.05,0.1,all,FOXA1+FOXL2,0,0
0.05,0.1,all,FOXA1+HOXB9,0,0
0.05,0.1,all,FOXA1+KLF1,1,1
0.05,0.1,all,FOXA3+FOXF1,0,0
0.05,0.1,all,FOXA3+FOXL2,0,0
0.05,0.1,all,FOXA3+HOXB9,0,0
0.05,0.1,all,FOXF1+FOXL2,0,0
0.05,0.1,all,FOXF1+HOXB9,0,0
0.05,0.1,all,FOXL2+HOXB9,0,0
0.05,0.1,all,FOXL2+MEIS1,0,0
0.05,0.1,all,FOXL2+POU3F2,0,0
0.05,0.1,all,FOXL2+ZNF318,0,0
0.05,0.1,all,HOXC13+ZC3HAV1,0,0
0.05,0.1,all,IER5L+LYL1,0,0
0.05,0.1,all,IGDCC3+MAPK1,3,3
0.05,0.1,all,IGDCC3+PRTG,0,0
0.05,0.1,all,IGDCC3+TGFBR2,0,0
0.05,0.1,all,IGDCC3+ZBTB25,0,0
0.05,0.1,all,IKZF3+MAP2K3,0,0
0.05,0.1,all,IKZF3+MAP2K6,0,0
0.05,0.1,all,IKZF3+MAPK1,0,0
0.05,0.1,all,IRF1+SET,1,1
0.05,0.1,all,KIF18B+KIF2C,0,0
0.05,0.1,all,KLF1+MAP2K6,0,0
0.05,0.1,all,KLF1+SET,0,0
0.05,0.1,all,KLF1+TGFBR2,0,0
0.05,0.1,all,MAP2K3+MAP2K6,0,0
0.05,0.1,all,MAP2K3+SLC38A2,0,0
0.05,0.1,all,MAP2K6+SPI1,1,1
0.05,0.1,all,MAPK1+PRTG,3,3
0.05,0.1,all,MAPK1+TGFBR2,0,0
0.05,0.1,all,OSR2+PTPN12,2,2
0.05,0.1,all,OSR2+UBASH3B,0,0
0.05,0.1,all,PLK4+STIL,0,0
0.05,0.1,all,PRTG+TGFBR2,0,0
0.05,0.1,all,PTPN12+PTPN9,0,0
0.05,0.1,all,PTPN12+SAMD1,1,1
0.05,0.1,all,PTPN12+SNAI1,1,1
0.05,0.1,all,PTPN12+UBASH3A,0,0
0.05,0.1,all,PTPN12+UBASH3B,0,0
0.05,0.1,all,PTPN12+ZBTB10,0,0
0.05,0.1,all,PTPN12+ZBTB25,0,0
0.05,0.1,all,PTPN9+UBASH3B,0,0
0.05,0.1,all,RHOXF2+SET,1,1
0.05,0.1,all,RHOXF2+ZBTB25,0,0
0.05,0.1,all,S1PR2+SGK1,0,0
0.05,0.1,all,SAMD1+TGFBR2,0,0
0.05,0.1,all,SAMD1+UBASH3B,0,0
0.05,0.1,all,SAMD1+ZBTB1,0,0
0.05,0.1,all,SGK1+TBX2,0,0
0.05,0.1,all,SGK1+TBX3,0,0
0.05,0.1,all,SNAI1+UBASH3B,0,0
0.05,0.1,all,SNAI1+ZBTB10,0,0
0.05,0.1,all,TBX2+TBX3,0,0
0.05,0.1,all,UBASH3A+UBASH3B,0,0
0.05,0.1,all,UBASH3B+ZBTB25,0,0
0.05,0.15,all,AHR+FEV,0,0
0.05,0.15,all,AHR+KLF1,1,1
0.05,0.15,all,BAK1+BCL2L11,0,0
0.05,0.15,all,BAK1+KLF1,0,0
0.05,0.15,all,BAK1+TMSB4X,0,0
0.05,0.15,all,BCL2L11+TGFBR2,0,0
0.05,0.15,all,BPGM+SAMD1,0,0
0.05,0.15,all,BPGM+ZBTB1,0,0
0.05,0.15,all,C19orf26+TGFBR2,0,0
0.05,0.15,all,C3orf72+FOXL2,0,0
0.05,0.15,all,CBFA2T3+FEV,0,0
0.05,0.15,all,CBFA2T3+POU3F2,0,0
0.05,0.15,all,CBFA2T3+PRDM1,0,0
0.05,0.15,all,CBL+CNN1,0,0
0.05,0.15,all,CBL+PTPN12,0,0
0.05,0.15,all,CBL+PTPN9,0,0
0.05,0.15,all,CBL+TGFBR2,0,0
0.05,0.15,all,CBL+UBASH3A,0,0
0.05,0.15,all,CBL+UBASH3B,0,0
0.05,0.15,all,CDKN1A+CDKN1B,0,0
0.05,0.15,all,CDKN1A+CDKN1C,0,0
0.05,0.15,all,CDKN1B+CDKN1C,0,0
0.05,0.15,all,CEBPA+CEBPB,0,0
0.05,0.15,all,CEBPA+CEBPE,0,0
0.05,0.15,all,CEBPA+JUN,0,0
0.05,0.15,all,CEBPA+KLF1,0,0
0.05,0.15,all,CEBPA+ZC3HAV1,0,0
0.05,0.15,all,CEBPB+CEBPE,0,0
0.05,0.15,all,CEBPB+FOSB,0,0
0.05,0.15,all,CEBPB+JUN,0,0
0.05,0.15,all,CEBPB+LYL1,0,0
0.05,0.15,all,CEBPB+MAPK1,0,0
0.05,0.15,all,CEBPB+OSR2,0,0
0.05,0.15,all,CEBPB+PTPN12,0,0
0.05,0.15,all,CEBPE+CNN1,1,1
0.05,0.15,all,CEBPE+ETS2,0,0
0.05,0.15,all,CEBPE+FOSB,0,0
0.05,0.15,all,CEBPE+KLF1,1,1
0.05,0.15,all,CEBPE+PTPN12,0,0
0.05,0.15,all,CEBPE+RUNX1T1,0,0
0.05,0.15,all,CEBPE+SET,1,1
0.05,0.15,all,CEBPE+SPI1,0,0
0.05,0.15,all,CEBPE+ZC3HAV1,1,1
0.05,0.15,all,CLDN6+KLF1,0,0
0.05,0.15,all,CNN1+ETS2,2,2
0.05,0.15,all,CNN1+MAPK1,0,0
0.05,0.15,all,CNN1+UBASH3A,0,0
0.05,0.15,all,CNN1+UBASH3B,0,0
0.05,0.15,all,COL2A1+KLF1,0,0
0.05,0.15,all,DLX2+SNAI1,0,0
0.05,0.15,all,DLX2+ZBTB10,0,0
0.05,0.15,all,DUSP9+ETS2,1,1
0.05,0.15,all,DUSP9+IGDCC3,0,0
0.05,0.15,all,DUSP9+KLF1,0,0
0.05,0.15,all,DUSP9+MAPK1,1,1
0.05,0.15,all,DUSP9+PRTG,0,0
0.05,0.15,all,DUSP9+SNAI1,0,0
0.05,0.15,all,ELMSAN1+LHX1,0,0
0.05,0.15,all,ELMSAN1+MAP2K3,0,0
0.05,0.15,all,ELMSAN1+MAP2K6,0,0
0.05,0.15,all,ELMSAN1+ZBTB10,0,0
0.05,0.15,all,ETS2+IGDCC3,0,0
0.05,0.15,all,ETS2+IKZF3,1,1
0.05,0.15,all,ETS2+MAP7D1,0,0
0.05,0.15,all,ETS2+MAPK1,0,0
0.05,0.15,all,ETS2+PRTG,1,1
0.05,0.15,all,ETS2+TGFBR2,0,0
0.05,0.15,all,FEV+ISL2,0,0
0.05,0.15,all,FEV+MAP7D1,0,0
0.05,0.15,all,FOSB+IKZF3,1,1
0.05,0.15,all,FOSB+OSR2,0,0
0.05,0.15,all,FOSB+PTPN12,0,0
0.05,0.15,all,FOSB+UBASH3B,0,0
0.05,0.15,all,FOXA1+FOXA3,0,0
0.05,0.15,all,FOXA1+FOXF1,0,0
0.05,0.15,all,FOXA1+FOXL2,0,0
0.05,0.15,all,FOXA1+HOXB9,0,0
0.05,0.15,all,FOXA1+KLF1,1,1
0.05,0.15,all,FOXA3+FOXF1,0,0
0.05,0.15,all,FOXA3+FOXL2,0,0
0.05,0.15,all,FOXA3+HOXB9,0,0
0.05,0.15,all,FOXF1+FOXL2,0,0
0.05,0.15,all,FOXF1+HOXB9,0,0
0.05,0.15,all,FOXL2+HOXB9,0,0
0.05,0.15,all,FOXL2+MEIS1,0,0
0.05,0.15,all,FOXL2+POU3F2,0,0
0.05,0.15,all,FOXL2+ZNF318,0,0
0.05,0.15,all,HOXC13+ZC3HAV1,0,0
0.05,0.15,all,IER5L+LYL1,0,0
0.05,0.15,all,IGDCC3+MAPK1,2,2
0.05,0.15,all,IGDCC3+PRTG,0,0
0.05,0.15,all,IGDCC3+TGFBR2,0,0
0.05,0.15,all,IGDCC3+ZBTB25,0,0
0.05,0.15,all,IKZF3+MAP2K3,0,0
0.05,0.15,all,IKZF3+MAP2K6,0,0
0.05,0.15,all,IKZF3+MAPK1,0,0
0.05,0.15,all,IRF1+SET,1,1
0.05,0.15,all,KIF18B+KIF2C,0,0
0.05,0.15,all,KLF1+MAP2K6,0,0
0.05,0.15,all,KLF1+SET,0,0
0.05,0.15,all,KLF1+TGFBR2,0,0
0.05,0.15,all,MAP2K3+MAP2K6,0,0
0.05,0.15,all,MAP2K3+SLC38A2,0,0
0.05,0.15,all,MAP2K6+SPI1,0,0
0.05,0.15,all,MAPK1+PRTG,1,1
0.05,0.15,all,MAPK1+TGFBR2,0,0
0.05,0.15,all,OSR2+PTPN12,0,0
0.05,0.15,all,OSR2+UBASH3B,0,0
0.05,0.15,all,PLK4+STIL,0,0
0.05,0.15,all,PRTG+TGFBR2,0,0
0.05,0.15,all,PTPN12+PTPN9,0,0
0.05,0.15,all,PTPN12+SAMD1,0,0
0.05,0.15,all,PTPN12+SNAI1,0,0
0.05,0.15,all,PTPN12+UBASH3A,0,0
0.05,0.15,all,PTPN12+UBASH3B,0,0
0.05,0.15,all,PTPN12+ZBTB10,0,0
0.05,0.15,all,PTPN12+ZBTB25,0,0
0.05,0.15,all,PTPN9+UBASH3B,0,0
0.05,0.15,all,RHOXF2+SET,0,0
0.05,0.15,all,RHOXF2+ZBTB25,0,0
0.05,0.15,all,S1PR2+SGK1,0,0
0.05,0.15,all,SAMD1+TGFBR2,0,0
0.05,0.15,all,SAMD1+UBASH3B,0,0
0.05,0.15,all,SAMD1+ZBTB1,0,0
0.05,0.15,all,SGK1+TBX2,0,0
0.05,0.15,all,SGK1+TBX3,0,0
0.05,0.15,all,SNAI1+UBASH3B,0,0
0.05,0.15,all,SNAI1+ZBTB10,0,0
0.05,0.15,all,TBX2+TBX3,0,0
0.05,0.15,all,UBASH3A+UBASH3B,0,0
0.05,0.15,all,UBASH3B+ZBTB25,0,0
0.05,0.2,all,AHR+FEV,0,0
0.05,0.2,all,AHR+KLF1,0,0
0.05,0.2,all,BAK1+BCL2L11,0,0
0.05,0.2,all,BAK1+KLF1,0,0
0.05,0.2,all,BAK1+TMSB4X,0,0
0.05,0.2,all,BCL2L11+TGFBR2,0,0
0.05,0.2,all,BPGM+SAMD1,0,0
0.05,0.2,all,BPGM+ZBTB1,0,0
0.05,0.2,all,C19orf26+TGFBR2,0,0
0.05,0.2,all,C3orf72+FOXL2,0,0
0.05,0.2,all,CBFA2T3+FEV,0,0
0.05,0.2,all,CBFA2T3+POU3F2,0,0
0.05,0.2,all,CBFA2T3+PRDM1,0,0
0.05,0.2,all,CBL+CNN1,0,0
0.05,0.2,all,CBL+PTPN12,0,0
0.05,0.2,all,CBL+PTPN9,0,0
0.05,0.2,all,CBL+TGFBR2,0,0
0.05,0.2,all,CBL+UBASH3A,0,0
0.05,0.2,all,CBL+UBASH3B,0,0
0.05,0.2,all,CDKN1A+CDKN1B,0,0
0.05,0.2,all,CDKN1A+CDKN1C,0,0
0.05,0.2,all,CDKN1B+CDKN1C,0,0
0.05,0.2,all,CEBPA+CEBPB,0,0
0.05,0.2,all,CEBPA+CEBPE,0,0
0.05,0.2,all,CEBPA+JUN,0,0
0.05,0.2,all,CEBPA+KLF1,0,0
0.05,0.2,all,CEBPA+ZC3HAV1,0,0
0.05,0.2,all,CEBPB+CEBPE,0,0
0.05,0.2,all,CEBPB+FOSB,0,0
0.05,0.2,all,CEBPB+JUN,0,0
0.05,0.2,all,CEBPB+LYL1,0,0
0.05,0.2,all,CEBPB+MAPK1,0,0
0.05,0.2,all,CEBPB+OSR2,0,0
0.05,0.2,all,CEBPB+PTPN12,0,0
0.05,0.2,all,CEBPE+CNN1,1,1
0.05,0.2,all,CEBPE+ETS2,0,0
0.05,0.2,all,CEBPE+FOSB,0,0
0.05,0.2,all,CEBPE+KLF1,0,0
0.05,0.2,all,CEBPE+PTPN12,0,0
0.05,0.2,all,CEBPE+RUNX1T1,0,0
0.05,0.2,all,CEBPE+SET,1,1
0.05,0.2,all,CEBPE+SPI1,0,0
0.05,0.2,all,CEBPE+ZC3HAV1,0,0
0.05,0.2,all,CLDN6+KLF1,0,0
0.05,0.2,all,CNN1+ETS2,1,1
0.05,0.2,all,CNN1+MAPK1,0,0
0.05,0.2,all,CNN1+UBASH3A,0,0
0.05,0.2,all,CNN1+UBASH3B,0,0
0.05,0.2,all,COL2A1+KLF1,0,0
0.05,0.2,all,DLX2+SNAI1,0,0
0.05,0.2,all,DLX2+ZBTB10,0,0
0.05,0.2,all,DUSP9+ETS2,0,0
0.05,0.2,all,DUSP9+IGDCC3,0,0
0.05,0.2,all,DUSP9+KLF1,0,0
0.05,0.2,all,DUSP9+MAPK1,1,1
0.05,0.2,all,DUSP9+PRTG,0,0
0.05,0.2,all,DUSP9+SNAI1,0,0
0.05,0.2,all,ELMSAN1+LHX1,0,0
0.05,0.2,all,ELMSAN1+MAP2K3,0,0
0.05,0.2,all,ELMSAN1+MAP2K6,0,0
0.05,0.2,all,ELMSAN1+ZBTB10,0,0
0.05,0.2,all,ETS2+IGDCC3,0,0
0.05,0.2,all,ETS2+IKZF3,1,1
0.05,0.2,all,ETS2+MAP7D1,0,0
0.05,0.2,all,ETS2+MAPK1,0,0
0.05,0.2,all,ETS2+PRTG,0,0
0.05,0.2,all,ETS2+TGFBR2,0,0
0.05,0.2,all,FEV+ISL2,0,0
0.05,0.2,all,FEV+MAP7D1,0,0
0.05,0.2,all,FOSB+IKZF3,0,0
0.05,0.2,all,FOSB+OSR2,0,0
0.05,0.2,all,FOSB+PTPN12,0,0
0.05,0.2,all,FOSB+UBASH3B,0,0
0.05,0.2,all,FOXA1+FOXA3,0,0
0.05,0.2,all,FOXA1+FOXF1,0,0
0.05,0.2,all,FOXA1+FOXL2,0,0
0.05,0.2,all,FOXA1+HOXB9,0,0
0.05,0.2,all,FOXA1+KLF1,1,1
0.05,0.2,all,FOXA3+FOXF1,0,0
0.05,0.2,all,FOXA3+FOXL2,0,0
0.05,0.2,all,FOXA3+HOXB9,0,0
0.05,0.2,all,FOXF1+FOXL2,0,0
0.05,0.2,all,FOXF1+HOXB9,0,0
0.05,0.2,all,FOXL2+HOXB9,0,0
0.05,0.2,all,FOXL2+MEIS1,0,0
0.05,0.2,all,FOXL2+POU3F2,0,0
0.05,0.2,all,FOXL2+ZNF318,0,0
0.05,0.2,all,HOXC13+ZC3HAV1,0,0
0.05,0.2,all,IER5L+LYL1,0,0
0.05,0.2,all,IGDCC3+MAPK1,1,1
0.05,0.2,all,IGDCC3+PRTG,0,0
0.05,0.2,all,IGDCC3+TGFBR2,0,0
0.05,0.2,all,IGDCC3+ZBTB25,0,0
0.05,0.2,all,IKZF3+MAP2K3,0,0
0.05,0.2,all,IKZF3+MAP2K6,0,0
0.05,0.2,all,IKZF3+MAPK1,0,0
0.05,0.2,all,IRF1+SET,1,1
0.05,0.2,all,KIF18B+KIF2C,0,0
0.05,0.2,all,KLF1+MAP2K6,0,0
0.05,0.2,all,KLF1+SET,0,0
0.05,0.2,all,KLF1+TGFBR2,0,0
0.05,0.2,all,MAP2K3+MAP2K6,0,0
0.05,0.2,all,MAP2K3+SLC38A2,0,0
0.05,0.2,all,MAP2K6+SPI1,0,0
0.05,0.2,all,MAPK1+PRTG,0,0
0.05,0.2,all,MAPK1+TGFBR2,0,0
0.05,0.2,all,OSR2+PTPN12,0,0
0.05,0.2,all,OSR2+UBASH3B,0,0
0.05,0.2,all,PLK4+STIL,0,0
0.05,0.2,all,PRTG+TGFBR2,0,0
0.05,0.2,all,PTPN12+PTPN9,0,0
0.05,0.2,all,PTPN12+SAMD1,0,0
0.05,0.2,all,PTPN12+SNAI1,0,0
0.05,0.2,all,PTPN12+UBASH3A,0,0
0.05,0.2,all,PTPN12+UBASH3B,0,0
0.05,0.2,all,PTPN12+ZBTB10,0,0
0.05,0.2,all,PTPN12+ZBTB25,0,0
0.05,0.2,all,PTPN9+UBASH3B,0,0
0.05,0.2,all,RHOXF2+SET,0,0
0.05,0.2,all,RHOXF2+ZBTB25,0,0
0.05,0.2,all,S1PR2+SGK1,0,0
0.05,0.2,all,SAMD1+TGFBR2,0,0
0.05,0.2,all,SAMD1+UBASH3B,0,0
0.05,0.2,all,SAMD1+ZBTB1,0,0
0.05,0.2,all,SGK1+TBX2,0,0
0.05,0.2,all,SGK1+TBX3,0,0
0.05,0.2,all,SNAI1+UBASH3B,0,0
0.05,0.2,all,SNAI1+ZBTB10,0,0
0.05,0.2,all,TBX2+TBX3,0,0
0.05,0.2,all,UBASH3A+UBASH3B,0,0
0.05,0.2,all,UBASH3B+ZBTB25,0,0
0.075,0.05,all,AHR+FEV,8,8
0.075,0.05,all,AHR+KLF1,23,23
0.075,0.05,all,BAK1+BCL2L11,0,0
0.075,0.05,all,BAK1+KLF1,2,2
0.075,0.05,all,BAK1+TMSB4X,1,1
0.075,0.05,all,BCL2L11+TGFBR2,0,0
0.075,0.05,all,BPGM+SAMD1,3,3
0.075,0.05,all,BPGM+ZBTB1,10,10
0.075,0.05,all,C19orf26+TGFBR2,0,0
0.075,0.05,all,C3orf72+FOXL2,0,0
0.075,0.05,all,CBFA2T3+FEV,2,2
0.075,0.05,all,CBFA2T3+POU3F2,1,1
0.075,0.05,all,CBFA2T3+PRDM1,7,7
0.075,0.05,all,CBL+CNN1,0,0
0.075,0.05,all,CBL+PTPN12,0,0
0.075,0.05,all,CBL+PTPN9,0,0
0.075,0.05,all,CBL+TGFBR2,0,0
0.075,0.05,all,CBL+UBASH3A,0,0
0.075,0.05,all,CBL+UBASH3B,0,0
0.075,0.05,all,CDKN1A+CDKN1B,0,0
0.075,0.05,all,CDKN1A+CDKN1C,0,0
0.075,0.05,all,CDKN1B+CDKN1C,0,0
0.075,0.05,all,CEBPA+CEBPB,0,0
0.075,0.05,all,CEBPA+CEBPE,0,0
0.075,0.05,all,CEBPA+JUN,1,1
0.075,0.05,all,CEBPA+KLF1,7,7
0.075,0.05,all,CEBPA+ZC3HAV1,0,0
0.075,0.05,all,CEBPB+CEBPE,0,0
0.075,0.05,all,CEBPB+FOSB,0,0
0.075,0.05,all,CEBPB+JUN,0,0
0.075,0.05,all,CEBPB+LYL1,2,2
0.075,0.05,all,CEBPB+MAPK1,9,9
0.075,0.05,all,CEBPB+OSR2,2,2
0.075,0.05,all,CEBPB+PTPN12,11,11
0.075,0.05,all,CEBPE+CNN1,13,13
0.075,0.05,all,CEBPE+ETS2,12,12
0.075,0.05,all,CEBPE+FOSB,0,0
0.075,0.05,all,CEBPE+KLF1,60,60
0.075,0.05,all,CEBPE+PTPN12,20,20
0.075,0.05,all,CEBPE+RUNX1T1,2,2
0.075,0.05,all,CEBPE+SET,26,26
0.075,0.05,all,CEBPE+SPI1,2,2
0.075,0.05,all,CEBPE+ZC3HAV1,27,27
0.075,0.05,all,CLDN6+KLF1,12,12
0.075,0.05,all,CNN1+ETS2,34,34
0.075,0.05,all,CNN1+MAPK1,23,23
0.075,0.05,all,CNN1+UBASH3A,0,0
0.075,0.05,all,CNN1+UBASH3B,0,0
0.075,0.05,all,COL2A1+KLF1,17,17
0.075,0.05,all,DLX2+SNAI1,0,0
0.075,0.05,all,DLX2+ZBTB10,3,3
0.075,0.05,all,DUSP9+ETS2,24,24
0.075,0.05,all,DUSP9+IGDCC3,14,14
0.075,0.05,all,DUSP9+KLF1,17,17
0.075,0.05,all,DUSP9+MAPK1,37,37
0.075,0.05,all,DUSP9+PRTG,13,13
0.075,0.05,all,DUSP9+SNAI1,8,8
0.075,0.05,all,ELMSAN1+LHX1,17,17
0.075,0.05,all,ELMSAN1+MAP2K3,0,0
0.075,0.05,all,ELMSAN1+MAP2K6,0,0
0.075,0.05,all,ELMSAN1+ZBTB10,2,2
0.075,0.05,all,ETS2+IGDCC3,17,17
0.075,0.05,all,ETS2+IKZF3,13,13
0.075,0.05,all,ETS2+MAP7D1,4,4
0.075,0.05,all,ETS2+MAPK1,0,0
0.075,0.05,all,ETS2+PRTG,23,23
0.075,0.05,all,ETS2+TGFBR2,1,1
0.075,0.05,all,FEV+ISL2,2,2
0.075,0.05,all,FEV+MAP7D1,2,2
0.075,0.05,all,FOSB+IKZF3,5,5
0.075,0.05,all,FOSB+OSR2,1,1
0.075,0.05,all,FOSB+PTPN12,12,12
0.075,0.05,all,FOSB+UBASH3B,13,13
0.075,0.05,all,FOXA1+FOXA3,0,0
0.075,0.05,all,FOXA1+FOXF1,0,0
0.075,0.05,all,FOXA1+FOXL2,1,1
0.075,0.05,all,FOXA1+HOXB9,1,1
0.075,0.05,all,FOXA1+KLF1,14,14
0.075,0.05,all,FOXA3+FOXF1,1,1
0.075,0.05,all,FOXA3+FOXL2,1,1
0.075,0.05,all,FOXA3+HOXB9,3,3
0.075,0.05,all,FOXF1+FOXL2,0,0
0.075,0.05,all,FOXF1+HOXB9,1,1
0.075,0.05,all,FOXL2+HOXB9,0,0
0.075,0.05,all,FOXL2+MEIS1,1,1
0.075,0.05,all,FOXL2+POU3F2,0,0
0.075,0.05,all,FOXL2+ZNF318,1,1
0.075,0.05,all,HOXC13+ZC3HAV1,16,16
0.075,0.05,all,IER5L+LYL1,0,0
0.075,0.05,all,IGDCC3+MAPK1,25,25
0.075,0.05,all,IGDCC3+PRTG,0,0
0.075,0.05,all,IGDCC3+TGFBR2,0,0
0.075,0.05,all,IGDCC3+ZBTB25,0,0
0.075,0.05,all,IKZF3+MAP2K3,15,15
0.075,0.05,all,IKZF3+MAP2K6,15,15
0.075,0.05,all,IKZF3+MAPK1,16,16
0.075,0.05,all,IRF1+SET,16,16
0.075,0.05,all,KIF18B+KIF2C,0,0
0.075,0.05,all,KLF1+MAP2K6,1,1
0.075,0.05,all,KLF1+SET,42,42
0.075,0.05,all,KLF1+TGFBR2,1,1
0.075,0.05,all,MAP2K3+MAP2K6,0,0
0.075,0.05,all,MAP2K3+SLC38A2,2,2
0.075,0.05,all,MAP2K6+SPI1,33,33
0.075,0.05,all,MAPK1+PRTG,38,38
0.075,0.05,all,MAPK1+TGFBR2,1,1
0.075,0.05,all,OSR2+PTPN12,32,32
0.075,0.05,all,OSR2+UBASH3B,31,31
0.075,0.05,all,PLK4+STIL,1,1
0.075,0.05,all,PRTG+TGFBR2,0,0
0.075,0.05,all,PTPN12+PTPN9,2,2
0.075,0.05,all,PTPN12+SAMD1,4,4
0.075,0.05,all,PTPN12+SNAI1,12,12
0.075,0.05,all,PTPN12+UBASH3A,0,0
0.075,0.05,all,PTPN12+UBASH3B,0,0
0.075,0.05,all,PTPN12+ZBTB10,13,13
0.075,0.05,all,PTPN12+ZBTB25,2,2
0.075,0.05,all,PTPN9+UBASH3B,0,0
0.075,0.05,all,RHOXF2+SET,9,9
0.075,0.05,all,RHOXF2+ZBTB25,7,7
0.075,0.05,all,S1PR2+SGK1,3,3
0.075,0.05,all,SAMD1+TGFBR2,0,0
0.075,0.05,all,SAMD1+UBASH3B,1,1
0.075,0.05,all,SAMD1+ZBTB1,2,2
0.075,0.05,all,SGK1+TBX2,4,4
0.075,0.05,all,SGK1+TBX3,1,1
0.075,0.05,all,SNAI1+UBASH3B,9,9
0.075,0.05,all,SNAI1+ZBTB10,0,0
0.075,0.05,all,TBX2+TBX3,3,3
0.075,0.05,all,UBASH3A+UBASH3B,0,0
0.075,0.05,all,UBASH3B+ZBTB25,0,0
0.075,0.1,all,AHR+FEV,0,0
0.075,0.1,all,AHR+KLF1,3,3
0.075,0.1,all,BAK1+BCL2L11,0,0
0.075,0.1,all,BAK1+KLF1,0,0
0.075,0.1,all,BAK1+TMSB4X,0,0
0.075,0.1,all,BCL2L11+TGFBR2,0,0
0.075,0.1,all,BPGM+SAMD1,1,1
0.075,0.1,all,BPGM+ZBTB1,0,0
0.075,0.1,all,C19orf26+TGFBR2,0,0
0.075,0.1,all,C3orf72+FOXL2,0,0
0.075,0.1,all,CBFA2T3+FEV,0,0
0.075,0.1,all,CBFA2T3+POU3F2,0,0
0.075,0.1,all,CBFA2T3+PRDM1,0,0
0.075,0.1,all,CBL+CNN1,0,0
0.075,0.1,all,CBL+PTPN12,0,0
0.075,0.1,all,CBL+PTPN9,0,0
0.075,0.1,all,CBL+TGFBR2,0,0
0.075,0.1,all,CBL+UBASH3A,0,0
0.075,0.1,all,CBL+UBASH3B,0,0
0.075,0.1,all,CDKN1A+CDKN1B,0,0
0.075,0.1,all,CDKN1A+CDKN1C,0,0
0.075,0.1,all,CDKN1B+CDKN1C,0,0
0.075,0.1,all,CEBPA+CEBPB,0,0
0.075,0.1,all,CEBPA+CEBPE,0,0
0.075,0.1,all,CEBPA+JUN,1,1
0.075,0.1,all,CEBPA+KLF1,1,1
0.075,0.1,all,CEBPA+ZC3HAV1,0,0
0.075,0.1,all,CEBPB+CEBPE,0,0
0.075,0.1,all,CEBPB+FOSB,0,0
0.075,0.1,all,CEBPB+JUN,0,0
0.075,0.1,all,CEBPB+LYL1,0,0
0.075,0.1,all,CEBPB+MAPK1,0,0
0.075,0.1,all,CEBPB+OSR2,0,0
0.075,0.1,all,CEBPB+PTPN12,1,1
0.075,0.1,all,CEBPE+CNN1,2,2
0.075,0.1,all,CEBPE+ETS2,1,1
0.075,0.1,all,CEBPE+FOSB,0,0
0.075,0.1,all,CEBPE+KLF1,11,11
0.075,0.1,all,CEBPE+PTPN12,6,6
0.075,0.1,all,CEBPE+RUNX1T1,0,0
0.075,0.1,all,CEBPE+SET,6,6
0.075,0.1,all,CEBPE+SPI1,1,1
0.075,0.1,all,CEBPE+ZC3HAV1,2,2
0.075,0.1,all,CLDN6+KLF1,4,4
0.075,0.1,all,CNN1+ETS2,8,8
0.075,0.1,all,CNN1+MAPK1,3,3
0.075,0.1,all,CNN1+UBASH3A,0,0
0.075,0.1,all,CNN1+UBASH3B,0,0
0.075,0.1,all,COL2A1+KLF1,4,4
0.075,0.1,all,DLX2+SNAI1,0,0
0.075,0.1,all,DLX2+ZBTB10,0,0
0.075,0.1,all,DUSP9+ETS2,6,6
0.075,0.1,all,DUSP9+IGDCC3,0,0
0.075,0.1,all,DUSP9+KLF1,3,3
0.075,0.1,all,DUSP9+MAPK1,13,13
0.075,0.1,all,DUSP9+PRTG,2,2
0.075,0.1,all,DUSP9+SNAI1,2,2
0.075,0.1,all,ELMSAN1+LHX1,3,3
0.075,0.1,all,ELMSAN1+MAP2K3,0,0
0.075,0.1,all,ELMSAN1+MAP2K6,0,0
0.075,0.1,all,ELMSAN1+ZBTB10,1,1
0.075,0.1,all,ETS2+IGDCC3,3,3
0.075,0.1,all,ETS2+IKZF3,2,2
0.075,0.1,all,ETS2+MAP7D1,1,1
0.075,0.1,all,ETS2+MAPK1,0,0
0.075,0.1,all,ETS2+PRTG,6,6
0.075,0.1,all,ETS2+TGFBR2,0,0
0.075,0.1,all,FEV+ISL2,0,0
0.075,0.1,all,FEV+MAP7D1,0,0
0.075,0.1,all,FOSB+IKZF3,1,1
0.075,0.1,all,FOSB+OSR2,0,0
0.075,0.1,all,FOSB+PTPN12,0,0
0.075,0.1,all,FOSB+UBASH3B,5,5
0.075,0.1,all,FOXA1+FOXA3,0,0
0.075,0.1,all,FOXA1+FOXF1,0,0
0.075,0.1,all,FOXA1+FOXL2,0,0
0.075,0.1,all,FOXA1+HOXB9,0,0
0.075,0.1,all,FOXA1+KLF1,3,3
0.075,0.1,all,FOXA3+FOXF1,0,0
0.075,0.1,all,FOXA3+FOXL2,1,1
0.075,0.1,all,FOXA3+HOXB9,0,0
0.075,0.1,all,FOXF1+FOXL2,0,0
0.075,0.1,all,FOXF1+HOXB9,0,0
0.075,0.1,all,FOXL2+HOXB9,0,0
0.075,0.1,all,FOXL2+MEIS1,0,0
0.075,0.1,all,FOXL2+POU3F2,0,0
0.075,0.1,all,FOXL2+ZNF318,0,0
0.075,0.1,all,HOXC13+ZC3HAV1,2,2
0.075,0.1,all,IER5L+LYL1,0,0
0.075,0.1,all,IGDCC3+MAPK1,5,5
0.075,0.1,all,IGDCC3+PRTG,0,0
0.075,0.1,all,IGDCC3+TGFBR2,0,0
0.075,0.1,all,IGDCC3+ZBTB25,0,0
0.075,0.1,all,IKZF3+MAP2K3,2,2
0.075,0.1,all,IKZF3+MAP2K6,0,0
0.075,0.1,all,IKZF3+MAPK1,2,2
0.075,0.1,all,IRF1+SET,1,1
0.075,0.1,all,KIF18B+KIF2C,0,0
0.075,0.1,all,KLF1+MAP2K6,0,0
0.075,0.1,all,KLF1+SET,2,2
0.075,0.1,all,KLF1+TGFBR2,0,0
0.075,0.1,all,MAP2K3+MAP2K6,0,0
0.075,0.1,all,MAP2K3+SLC38A2,0,0
0.075,0.1,all,MAP2K6+SPI1,4,4
0.075,0.1,all,MAPK1+PRTG,6,6
0.075,0.1,all,MAPK1+TGFBR2,0,0
0.075,0.1,all,OSR2+PTPN12,5,5
0.075,0.1,all,OSR2+UBASH3B,2,2
0.075,0.1,all,PLK4+STIL,0,0
0.075,0.1,all,PRTG+TGFBR2,0,0
0.075,0.1,all,PTPN12+PTPN9,0,0
0.075,0.1,all,PTPN12+SAMD1,2,2
0.075,0.1,all,PTPN12+SNAI1,3,3
0.075,0.1,all,PTPN12+UBASH3A,0,0
0.075,0.1,all,PTPN12+UBASH3B,0,0
0.075,0.1,all,PTPN12+ZBTB10,1,1
0.075,0.1,all,PTPN12+ZBTB25,0,0
0.075,0.1,all,PTPN9+UBASH3B,0,0
0.075,0.1,all,RHOXF2+SET,4,4
0.075,0.1,all,RHOXF2+ZBTB25,0,0
0.075,0.1,all,S1PR2+SGK1,0,0
0.075,0.1,all,SAMD1+TGFBR2,0,0
0.075,0.1,all,SAMD1+UBASH3B,0,0
0.075,0.1,all,SAMD1+ZBTB1,0,0
0.075,0.1,all,SGK1+TBX2,1,1
0.075,0.1,all,SGK1+TBX3,0,0
0.075,0.1,all,SNAI1+UBASH3B,4,4
0.075,0.1,all,SNAI1+ZBTB10,0,0
0.075,0.1,all,TBX2+TBX3,0,0
0.075,0.1,all,UBASH3A+UBASH3B,0,0
0.075,0.1,all,UBASH3B+ZBTB25,0,0
0.075,0.15,all,AHR+FEV,0,0
0.075,0.15,all,AHR+KLF1,1,1
0.075,0.15,all,BAK1+BCL2L11,0,0
0.075,0.15,all,BAK1+KLF1,0,0
0.075,0.15,all,BAK1+TMSB4X,0,0
0.075,0.15,all,BCL2L11+TGFBR2,0,0
0.075,0.15,all,BPGM+SAMD1,0,0
0.075,0.15,all,BPGM+ZBTB1,0,0
0.075,0.15,all,C19orf26+TGFBR2,0,0
0.075,0.15,all,C3orf72+FOXL2,0,0
0.075,0.15,all,CBFA2T3+FEV,0,0
0.075,0.15,all,CBFA2T3+POU3F2,0,0
0.075,0.15,all,CBFA2T3+PRDM1,0,0
0.075,0.15,all,CBL+CNN1,0,0
0.075,0.15,all,CBL+PTPN12,0,0
0.075,0.15,all,CBL+PTPN9,0,0
0.075,0.15,all,CBL+TGFBR2,0,0
0.075,0.15,all,CBL+UBASH3A,0,0
0.075,0.15,all,CBL+UBASH3B,0,0
0.075,0.15,all,CDKN1A+CDKN1B,0,0
0.075,0.15,all,CDKN1A+CDKN1C,0,0
0.075,0.15,all,CDKN1B+CDKN1C,0,0
0.075,0.15,all,CEBPA+CEBPB,0,0
0.075,0.15,all,CEBPA+CEBPE,0,0
0.075,0.15,all,CEBPA+JUN,0,0
0.075,0.15,all,CEBPA+KLF1,0,0
0.075,0.15,all,CEBPA+ZC3HAV1,0,0
0.075,0.15,all,CEBPB+CEBPE,0,0
0.075,0.15,all,CEBPB+FOSB,0,0
0.075,0.15,all,CEBPB+JUN,0,0
0.075,0.15,all,CEBPB+LYL1,0,0
0.075,0.15,all,CEBPB+MAPK1,0,0
0.075,0.15,all,CEBPB+OSR2,0,0
0.075,0.15,all,CEBPB+PTPN12,1,1
0.075,0.15,all,CEBPE+CNN1,2,2
0.075,0.15,all,CEBPE+ETS2,0,0
0.075,0.15,all,CEBPE+FOSB,0,0
0.075,0.15,all,CEBPE+KLF1,3,3
0.075,0.15,all,CEBPE+PTPN12,4,4
0.075,0.15,all,CEBPE+RUNX1T1,0,0
0.075,0.15,all,CEBPE+SET,1,1
0.075,0.15,all,CEBPE+SPI1,0,0
0.075,0.15,all,CEBPE+ZC3HAV1,1,1
0.075,0.15,all,CLDN6+KLF1,1,1
0.075,0.15,all,CNN1+ETS2,5,5
0.075,0.15,all,CNN1+MAPK1,0,0
0.075,0.15,all,CNN1+UBASH3A,0,0
0.075,0.15,all,CNN1+UBASH3B,0,0
0.075,0.15,all,COL2A1+KLF1,0,0
0.075,0.15,all,DLX2+SNAI1,0,0
0.075,0.15,all,DLX2+ZBTB10,0,0
0.075,0.15,all,DUSP9+ETS2,3,3
0.075,0.15,all,DUSP9+IGDCC3,0,0
0.075,0.15,all,DUSP9+KLF1,2,2
0.075,0.15,all,DUSP9+MAPK1,5,5
0.075,0.15,all,DUSP9+PRTG,0,0
0.075,0.15,all,DUSP9+SNAI1,1,1
0.075,0.15,all,ELMSAN1+LHX1,0,0
0.075,0.15,all,ELMSAN1+MAP2K3,0,0
0.075,0.15,all,ELMSAN1+MAP2K6,0,0
0.075,0.15,all,ELMSAN1+ZBTB10,1,1
0.075,0.15,all,ETS2+IGDCC3,2,2
0.075,0.15,all,ETS2+IKZF3,1,1
0.075,0.15,all,ETS2+MAP7D1,0,0
0.075,0.15,all,ETS2+MAPK1,0,0
0.075,0.15,all,ETS2+PRTG,2,2
0.075,0.15,all,ETS2+TGFBR2,0,0
0.075,0.15,all,FEV+ISL2,0,0
0.075,0.15,all,FEV+MAP7D1,0,0
0.075,0.15,all,FOSB+IKZF3,1,1
0.075,0.15,all,FOSB+OSR2,0,0
0.075,0.15,all,FOSB+PTPN12,0,0
0.075,0.15,all,FOSB+UBASH3B,1,1
0.075,0.15,all,FOXA1+FOXA3,0,0
0.075,0.15,all,FOXA1+FOXF1,0,0
0.075,0.15,all,FOXA1+FOXL2,0,0
0.075,0.15,all,FOXA1+HOXB9,0,0
0.075,0.15,all,FOXA1+KLF1,1,1
0.075,0.15,all,FOXA3+FOXF1,0,0
0.075,0.15,all,FOXA3+FOXL2,0,0
0.075,0.15,all,FOXA3+HOXB9,0,0
0.075,0.15,all,FOXF1+FOXL2,0,0
0.075,0.15,all,FOXF1+HOXB9,0,0
0.075,0.15,all,FOXL2+HOXB9,0,0
0.075,0.15,all,FOXL2+MEIS1,0,0
0.075,0.15,all,FOXL2+POU3F2,0,0
0.075,0.15,all,FOXL2+ZNF318,0,0
0.075,0.15,all,HOXC13+ZC3HAV1,0,0
0.075,0.15,all,IER5L+LYL1,0,0
0.075,0.15,all,IGDCC3+MAPK1,2,2
0.075,0.15,all,IGDCC3+PRTG,0,0
0.075,0.15,all,IGDCC3+TGFBR2,0,0
0.075,0.15,all,IGDCC3+ZBTB25,0,0
0.075,0.15,all,IKZF3+MAP2K3,0,0
0.075,0.15,all,IKZF3+MAP2K6,0,0
0.075,0.15,all,IKZF3+MAPK1,1,1
0.075,0.15,all,IRF1+SET,1,1
0.075,0.15,all,KIF18B+KIF2C,0,0
0.075,0.15,all,KLF1+MAP2K6,0,0
0.075,0.15,all,KLF1+SET,0,0
0.075,0.15,all,KLF1+TGFBR2,0,0
0.075,0.15,all,MAP2K3+MAP2K6,0,0
0.075,0.15,all,MAP2K3+SLC38A2,0,0
0.075,0.15,all,MAP2K6+SPI1,1,1
0.075,0.15,all,MAPK1+PRTG,2,2
0.075,0.15,all,MAPK1+TGFBR2,0,0
0.075,0.15,all,OSR2+PTPN12,2,2
0.075,0.15,all,OSR2+UBASH3B,0,0
0.075,0.15,all,PLK4+STIL,0,0
0.075,0.15,all,PRTG+TGFBR2,0,0
0.075,0.15,all,PTPN12+PTPN9,0,0
0.075,0.15,all,PTPN12+SAMD1,0,0
0.075,0.15,all,PTPN12+SNAI1,2,2
0.075,0.15,all,PTPN12+UBASH3A,0,0
0.075,0.15,all,PTPN12+UBASH3B,0,0
0.075,0.15,all,PTPN12+ZBTB10,1,1
0.075,0.15,all,PTPN12+ZBTB25,0,0
0.075,0.15,all,PTPN9+UBASH3B,0,0
0.075,0.15,all,RHOXF2+SET,0,0
0.075,0.15,all,RHOXF2+ZBTB25,0,0
0.075,0.15,all,S1PR2+SGK1,0,0
0.075,0.15,all,SAMD1+TGFBR2,0,0
0.075,0.15,all,SAMD1+UBASH3B,0,0
0.075,0.15,all,SAMD1+ZBTB1,0,0
0.075,0.15,all,SGK1+TBX2,0,0
0.075,0.15,all,SGK1+TBX3,0,0
0.075,0.15,all,SNAI1+UBASH3B,1,1
0.075,0.15,all,SNAI1+ZBTB10,0,0
0.075,0.15,all,TBX2+TBX3,0,0
0.075,0.15,all,UBASH3A+UBASH3B,0,0
0.075,0.15,all,UBASH3B+ZBTB25,0,0
0.075,0.2,all,AHR+FEV,0,0
0.075,0.2,all,AHR+KLF1,0,0
0.075,0.2,all,BAK1+BCL2L11,0,0
0.075,0.2,all,BAK1+KLF1,0,0
0.075,0.2,all,BAK1+TMSB4X,0,0
0.075,0.2,all,BCL2L11+TGFBR2,0,0
0.075,0.2,all,BPGM+SAMD1,0,0
0.075,0.2,all,BPGM+ZBTB1,0,0
0.075,0.2,all,C19orf26+TGFBR2,0,0
0.075,0.2,all,C3orf72+FOXL2,0,0
0.075,0.2,all,CBFA2T3+FEV,0,0
0.075,0.2,all,CBFA2T3+POU3F2,0,0
0.075,0.2,all,CBFA2T3+PRDM1,0,0
0.075,0.2,all,CBL+CNN1,0,0
0.075,0.2,all,CBL+PTPN12,0,0
0.075,0.2,all,CBL+PTPN9,0,0
0.075,0.2,all,CBL+TGFBR2,0,0
0.075,0.2,all,CBL+UBASH3A,0,0
0.075,0.2,all,CBL+UBASH3B,0,0
0.075,0.2,all,CDKN1A+CDKN1B,0,0
0.075,0.2,all,CDKN1A+CDKN1C,0,0
0.075,0.2,all,CDKN1B+CDKN1C,0,0
0.075,0.2,all,CEBPA+CEBPB,0,0
0.075,0.2,all,CEBPA+CEBPE,0,0
0.075,0.2,all,CEBPA+JUN,0,0
0.075,0.2,all,CEBPA+KLF1,0,0
0.075,0.2,all,CEBPA+ZC3HAV1,0,0
0.075,0.2,all,CEBPB+CEBPE,0,0
0.075,0.2,all,CEBPB+FOSB,0,0
0.075,0.2,all,CEBPB+JUN,0,0
0.075,0.2,all,CEBPB+LYL1,0,0
0.075,0.2,all,CEBPB+MAPK1,0,0
0.075,0.2,all,CEBPB+OSR2,0,0
0.075,0.2,all,CEBPB+PTPN12,0,0
0.075,0.2,all,CEBPE+CNN1,2,2
0.075,0.2,all,CEBPE+ETS2,0,0
0.075,0.2,all,CEBPE+FOSB,0,0
0.075,0.2,all,CEBPE+KLF1,0,0
0.075,0.2,all,CEBPE+PTPN12,0,0
0.075,0.2,all,CEBPE+RUNX1T1,0,0
0.075,0.2,all,CEBPE+SET,1,1
0.075,0.2,all,CEBPE+SPI1,0,0
0.075,0.2,all,CEBPE+ZC3HAV1,0,0
0.075,0.2,all,CLDN6+KLF1,0,0
0.075,0.2,all,CNN1+ETS2,1,1
0.075,0.2,all,CNN1+MAPK1,0,0
0.075,0.2,all,CNN1+UBASH3A,0,0
0.075,0.2,all,CNN1+UBASH3B,0,0
0.075,0.2,all,COL2A1+KLF1,0,0
0.075,0.2,all,DLX2+SNAI1,0,0
0.075,0.2,all,DLX2+ZBTB10,0,0
0.075,0.2,all,DUSP9+ETS2,0,0
0.075,0.2,all,DUSP9+IGDCC3,0,0
0.075,0.2,all,DUSP9+KLF1,2,2
0.075,0.2,all,DUSP9+MAPK1,5,5
0.075,0.2,all,DUSP9+PRTG,0,0
0.075,0.2,all,DUSP9+SNAI1,0,0
0.075,0.2,all,ELMSAN1+LHX1,0,0
0.075,0.2,all,ELMSAN1+MAP2K3,0,0
0.075,0.2,all,ELMSAN1+MAP2K6,0,0
0.075,0.2,all,ELMSAN1+ZBTB10,0,0
0.075,0.2,all,ETS2+IGDCC3,1,1
0.075,0.2,all,ETS2+IKZF3,1,1
0.075,0.2,all,ETS2+MAP7D1,0,0
0.075,0.2,all,ETS2+MAPK1,0,0
0.075,0.2,all,ETS2+PRTG,0,0
0.075,0.2,all,ETS2+TGFBR2,0,0
0.075,0.2,all,FEV+ISL2,0,0
0.075,0.2,all,FEV+MAP7D1,0,0
0.075,0.2,all,FOSB+IKZF3,0,0
0.075,0.2,all,FOSB+OSR2,0,0
0.075,0.2,all,FOSB+PTPN12,0,0
0.075,0.2,all,FOSB+UBASH3B,0,0
0.075,0.2,all,FOXA1+FOXA3,0,0
0.075,0.2,all,FOXA1+FOXF1,0,0
0.075,0.2,all,FOXA1+FOXL2,0,0
0.075,0.2,all,FOXA1+HOXB9,0,0
0.075,0.2,all,FOXA1+KLF1,1,1
0.075,0.2,all,FOXA3+FOXF1,0,0
0.075,0.2,all,FOXA3+FOXL2,0,0
0.075,0.2,all,FOXA3+HOXB9,0,0
0.075,0.2,all,FOXF1+FOXL2,0,0
0.075,0.2,all,FOXF1+HOXB9,0,0
0.075,0.2,all,FOXL2+HOXB9,0,0
0.075,0.2,all,FOXL2+MEIS1,0,0
0.075,0.2,all,FOXL2+POU3F2,0,0
0.075,0.2,all,FOXL2+ZNF318,0,0
0.075,0.2,all,HOXC13+ZC3HAV1,0,0
0.075,0.2,all,IER5L+LYL1,0,0
0.075,0.2,all,IGDCC3+MAPK1,1,1
0.075,0.2,all,IGDCC3+PRTG,0,0
0.075,0.2,all,IGDCC3+TGFBR2,0,0
0.075,0.2,all,IGDCC3+ZBTB25,0,0
0.075,0.2,all,IKZF3+MAP2K3,0,0
0.075,0.2,all,IKZF3+MAP2K6,0,0
0.075,0.2,all,IKZF3+MAPK1,0,0
0.075,0.2,all,IRF1+SET,1,1
0.075,0.2,all,KIF18B+KIF2C,0,0
0.075,0.2,all,KLF1+MAP2K6,0,0
0.075,0.2,all,KLF1+SET,0,0
0.075,0.2,all,KLF1+TGFBR2,0,0
0.075,0.2,all,MAP2K3+MAP2K6,0,0
0.075,0.2,all,MAP2K3+SLC38A2,0,0
0.075,0.2,all,MAP2K6+SPI1,0,0
0.075,0.2,all,MAPK1+PRTG,0,0
0.075,0.2,all,MAPK1+TGFBR2,0,0
0.075,0.2,all,OSR2+PTPN12,1,1
0.075,0.2,all,OSR2+UBASH3B,0,0
0.075,0.2,all,PLK4+STIL,0,0
0.075,0.2,all,PRTG+TGFBR2,0,0
0.075,0.2,all,PTPN12+PTPN9,0,0
0.075,0.2,all,PTPN12+SAMD1,0,0
0.075,0.2,all,PTPN12+SNAI1,1,1
0.075,0.2,all,PTPN12+UBASH3A,0,0
0.075,0.2,all,PTPN12+UBASH3B,0,0
0.075,0.2,all,PTPN12+ZBTB10,0,0
0.075,0.2,all,PTPN12+ZBTB25,0,0
0.075,0.2,all,PTPN9+UBASH3B,0,0
0.075,0.2,all,RHOXF2+SET,0,0
0.075,0.2,all,RHOXF2+ZBTB25,0,0
0.075,0.2,all,S1PR2+SGK1,0,0
0.075,0.2,all,SAMD1+TGFBR2,0,0
0.075,0.2,all,SAMD1+UBASH3B,0,0
0.075,0.2,all,SAMD1+ZBTB1,0,0
0.075,0.2,all,SGK1+TBX2,0,0
0.075,0.2,all,SGK1+TBX3,0,0
0.075,0.2,all,SNAI1+UBASH3B,1,1
0.075,0.2,all,SNAI1+ZBTB10,0,0
0.075,0.2,all,TBX2+TBX3,0,0
0.075,0.2,all,UBASH3A+UBASH3B,0,0
0.075,0.2,all,UBASH3B+ZBTB25,0,0
0.1,0.05,all,AHR+FEV,11,11
0.1,0.05,all,AHR+KLF1,36,36
0.1,0.05,all,BAK1+BCL2L11,1,1
0.1,0.05,all,BAK1+KLF1,2,2
0.1,0.05,all,BAK1+TMSB4X,1,1
0.1,0.05,all,BCL2L11+TGFBR2,0,0
0.1,0.05,all,BPGM+SAMD1,6,6
0.1,0.05,all,BPGM+ZBTB1,12,12
0.1,0.05,all,C19orf26+TGFBR2,0,0
0.1,0.05,all,C3orf72+FOXL2,0,0
0.1,0.05,all,CBFA2T3+FEV,6,6
0.1,0.05,all,CBFA2T3+POU3F2,2,2
0.1,0.05,all,CBFA2T3+PRDM1,8,8
0.1,0.05,all,CBL+CNN1,0,0
0.1,0.05,all,CBL+PTPN12,0,0
0.1,0.05,all,CBL+PTPN9,0,0
0.1,0.05,all,CBL+TGFBR2,0,0
0.1,0.05,all,CBL+UBASH3A,0,0
0.1,0.05,all,CBL+UBASH3B,0,0
0.1,0.05,all,CDKN1A+CDKN1B,0,0
0.1,0.05,all,CDKN1A+CDKN1C,0,0
0.1,0.05,all,CDKN1B+CDKN1C,0,0
0.1,0.05,all,CEBPA+CEBPB,0,0
0.1,0.05,all,CEBPA+CEBPE,0,0
0.1,0.05,all,CEBPA+JUN,2,2
0.1,0.05,all,CEBPA+KLF1,15,15
0.1,0.05,all,CEBPA+ZC3HAV1,1,1
0.1,0.05,all,CEBPB+CEBPE,0,0
0.1,0.05,all,CEBPB+FOSB,0,0
0.1,0.05,all,CEBPB+JUN,2,2
0.1,0.05,all,CEBPB+LYL1,2,2
0.1,0.05,all,CEBPB+MAPK1,16,16
0.1,0.05,all,CEBPB+OSR2,5,5
0.1,0.05,all,CEBPB+PTPN12,13,13
0.1,0.05,all,CEBPE+CNN1,27,27
0.1,0.05,all,CEBPE+ETS2,17,17
0.1,0.05,all,CEBPE+FOSB,0,0
0.1,0.05,all,CEBPE+KLF1,90,90
0.1,0.05,all,CEBPE+PTPN12,37,37
0.1,0.05,all,CEBPE+RUNX1T1,3,3
0.1,0.05,all,CEBPE+SET,37,37
0.1,0.05,all,CEBPE+SPI1,4,4
0.1,0.05,all,CEBPE+ZC3HAV1,44,44
0.1,0.05,all,CLDN6+KLF1,25,25
0.1,0.05,all,CNN1+ETS2,44,44
0.1,0.05,all,CNN1+MAPK1,33,33
0.1,0.05,all,CNN1+UBASH3A,0,0
0.1,0.05,all,CNN1+UBASH3B,1,1
0.1,0.05,all,COL2A1+KLF1,28,28
0.1,0.05,all,DLX2+SNAI1,1,1
0.1,0.05,all,DLX2+ZBTB10,5,5
0.1,0.05,all,DUSP9+ETS2,35,35
0.1,0.05,all,DUSP9+IGDCC3,21,21
0.1,0.05,all,DUSP9+KLF1,28,28
0.1,0.05,all,DUSP9+MAPK1,57,57
0.1,0.05,all,DUSP9+PRTG,18,18
0.1,0.05,all,DUSP9+SNAI1,12,12
0.1,0.05,all,ELMSAN1+LHX1,27,27
0.1,0.05,all,ELMSAN1+MAP2K3,0,0
0.1,0.05,all,ELMSAN1+MAP2K6,0,0
0.1,0.05,all,ELMSAN1+ZBTB10,5,5
0.1,0.05,all,ETS2+IGDCC3,30,30
0.1,0.05,all,ETS2+IKZF3,15,15
0.1,0.05,all,ETS2+MAP7D1,6,6
0.1,0.05,all,ETS2+MAPK1,0,0
0.1,0.05,all,ETS2+PRTG,29,29
0.1,0.05,all,ETS2+TGFBR2,2,2
0.1,0.05,all,FEV+ISL2,3,3
0.1,0.05,all,FEV+MAP7D1,5,5
0.1,0.05,all,FOSB+IKZF3,14,14
0.1,0.05,all,FOSB+OSR2,3,3
0.1,0.05,all,FOSB+PTPN12,16,16
0.1,0.05,all,FOSB+UBASH3B,18,18
0.1,0.05,all,FOXA1+FOXA3,0,0
0.1,0.05,all,FOXA1+FOXF1,0,0
0.1,0.05,all,FOXA1+FOXL2,1,1
0.1,0.05,all,FOXA1+HOXB9,4,4
0.1,0.05,all,FOXA1+KLF1,25,25
0.1,0.05,all,FOXA3+FOXF1,2,2
0.1,0.05,all,FOXA3+FOXL2,1,1
0.1,0.05,all,FOXA3+HOXB9,5,5
0.1,0.05,all,FOXF1+FOXL2,1,1
0.1,0.05,all,FOXF1+HOXB9,1,1
0.1,0.05,all,FOXL2+HOXB9,0,0
0.1,0.05,all,FOXL2+MEIS1,2,2
0.1,0.05,all,FOXL2+POU3F2,0,0
0.1,0.05,all,FOXL2+ZNF318,3,3
0.1,0.05,all,HOXC13+ZC3HAV1,22,22
0.1,0.05,all,IER5L+LYL1,0,0
0.1,0.05,all,IGDCC3+MAPK1,33,33
0.1,0.05,all,IGDCC3+PRTG,0,0
0.1,0.05,all,IGDCC3+TGFBR2,0,0
0.1,0.05,all,IGDCC3+ZBTB25,0,0
0.1,0.05,all,IKZF3+MAP2K3,27,27
0.1,0.05,all,IKZF3+MAP2K6,25,25
0.1,0.05,all,IKZF3+MAPK1,25,25
0.1,0.05,all,IRF1+SET,19,19
0.1,0.05,all,KIF18B+KIF2C,0,0
0.1,0.05,all,KLF1+MAP2K6,2,2
0.1,0.05,all,KLF1+SET,59,59
0.1,0.05,all,KLF1+TGFBR2,1,1
0.1,0.05,all,MAP2K3+MAP2K6,0,0
0.1,0.05,all,MAP2K3+SLC38A2,5,5
0.1,0.05,all,MAP2K6+SPI1,58,58
0.1,0.05,all,MAPK1+PRTG,54,54
0.1,0.05,all,MAPK1+TGFBR2,3,3
0.1,0.05,all,OSR2+PTPN12,48,48
0.1,0.05,all,OSR2+UBASH3B,50,50
0.1,0.05,all,PLK4+STIL,2,2
0.1,0.05,all,PRTG+TGFBR2,0,0
0.1,0.05,all,PTPN12+PTPN9,2,2
0.1,0.05,all,PTPN12+SAMD1,7,7
0.1,0.05,all,PTPN12+SNAI1,16,16
0.1,0.05,all,PTPN12+UBASH3A,0,0
0.1,0.05,all,PTPN12+UBASH3B,0,0
0.1,0.05,all,PTPN12+ZBTB10,20,20
0.1,0.05,all,PTPN12+ZBTB25,3,3
0.1,0.05,all,PTPN9+UBASH3B,0,0
0.1,0.05,all,RHOXF2+SET,15,15
0.1,0.05,all,RHOXF2+ZBTB25,14,14
0.1,0.05,all,S1PR2+SGK1,6,6
0.1,0.05,all,SAMD1+TGFBR2,0,0
0.1,0.05,all,SAMD1+UBASH3B,2,2
0.1,0.05,all,SAMD1+ZBTB1,4,4
0.1,0.05,all,SGK1+TBX2,6,6
0.1,0.05,all,SGK1+TBX3,1,1
0.1,0.05,all,SNAI1+UBASH3B,11,11
0.1,0.05,all,SNAI1+ZBTB10,1,1
0.1,0.05,all,TBX2+TBX3,3,3
0.1,0.05,all,UBASH3A+UBASH3B,0,0
0.1,0.05,all,UBASH3B+ZBTB25,0,0
0.1,0.1,all,AHR+FEV,0,0
0.1,0.1,all,AHR+KLF1,4,4
0.1,0.1,all,BAK1+BCL2L11,0,0
0.1,0.1,all,BAK1+KLF1,0,0
0.1,0.1,all,BAK1+TMSB4X,0,0
0.1,0.1,all,BCL2L11+TGFBR2,0,0
0.1,0.1,all,BPGM+SAMD1,1,1
0.1,0.1,all,BPGM+ZBTB1,0,0
0.1,0.1,all,C19orf26+TGFBR2,0,0
0.1,0.1,all,C3orf72+FOXL2,0,0
0.1,0.1,all,CBFA2T3+FEV,1,1
0.1,0.1,all,CBFA2T3+POU3F2,0,0
0.1,0.1,all,CBFA2T3+PRDM1,1,1
0.1,0.1,all,CBL+CNN1,0,0
0.1,0.1,all,CBL+PTPN12,0,0
0.1,0.1,all,CBL+PTPN9,0,0
0.1,0.1,all,CBL+TGFBR2,0,0
0.1,0.1,all,CBL+UBASH3A,0,0
0.1,0.1,all,CBL+UBASH3B,0,0
0.1,0.1,all,CDKN1A+CDKN1B,0,0
0.1,0.1,all,CDKN1A+CDKN1C,0,0
0.1,0.1,all,CDKN1B+CDKN1C,0,0
0.1,0.1,all,CEBPA+CEBPB,0,0
0.1,0.1,all,CEBPA+CEBPE,0,0
0.1,0.1,all,CEBPA+JUN,1,1
0.1,0.1,all,CEBPA+KLF1,4,4
0.1,0.1,all,CEBPA+ZC3HAV1,0,0
0.1,0.1,all,CEBPB+CEBPE,0,0
0.1,0.1,all,CEBPB+FOSB,0,0
0.1,0.1,all,CEBPB+JUN,0,0
0.1,0.1,all,CEBPB+LYL1,0,0
0.1,0.1,all,CEBPB+MAPK1,1,1
0.1,0.1,all,CEBPB+OSR2,0,0
0.1,0.1,all,CEBPB+PTPN12,2,2
0.1,0.1,all,CEBPE+CNN1,6,6
0.1,0.1,all,CEBPE+ETS2,2,2
0.1,0.1,all,CEBPE+FOSB,0,0
0.1,0.1,all,CEBPE+KLF1,15,15
0.1,0.1,all,CEBPE+PTPN12,11,11
0.1,0.1,all,CEBPE+RUNX1T1,0,0
0.1,0.1,all,CEBPE+SET,10,10
0.1,0.1,all,CEBPE+SPI1,2,2
0.1,0.1,all,CEBPE+ZC3HAV1,3,3
0.1,0.1,all,CLDN6+KLF1,4,4
0.1,0.1,all,CNN1+ETS2,9,9
0.1,0.1,all,CNN1+MAPK1,6,6
0.1,0.1,all,CNN1+UBASH3A,0,0
0.1,0.1,all,CNN1+UBASH3B,0,0
0.1,0.1,all,COL2A1+KLF1,4,4
0.1,0.1,all,DLX2+SNAI1,0,0
0.1,0.1,all,DLX2+ZBTB10,0,0
0.1,0.1,all,DUSP9+ETS2,8,8
0.1,0.1,all,DUSP9+IGDCC3,0,0
0.1,0.1,all,DUSP9+KLF1,5,5
0.1,0.1,all,DUSP9+MAPK1,16,16
0.1,0.1,all,DUSP9+PRTG,2,2
0.1,0.1,all,DUSP9+SNAI1,2,2
0.1,0.1,all,ELMSAN1+LHX1,3,3
0.1,0.1,all,ELMSAN1+MAP2K3,0,0
0.1,0.1,all,ELMSAN1+MAP2K6,0,0
0.1,0.1,all,ELMSAN1+ZBTB10,1,1
0.1,0.1,all,ETS2+IGDCC3,7,7
0.1,0.1,all,ETS2+IKZF3,2,2
0.1,0.1,all,ETS2+MAP7D1,1,1
0.1,0.1,all,ETS2+MAPK1,0,0
0.1,0.1,all,ETS2+PRTG,8,8
0.1,0.1,all,ETS2+TGFBR2,0,0
0.1,0.1,all,FEV+ISL2,0,0
0.1,0.1,all,FEV+MAP7D1,2,2
0.1,0.1,all,FOSB+IKZF3,2,2
0.1,0.1,all,FOSB+OSR2,0,0
0.1,0.1,all,FOSB+PTPN12,6,6
0.1,0.1,all,FOSB+UBASH3B,7,7
0.1,0.1,all,FOXA1+FOXA3,0,0
0.1,0.1,all,FOXA1+FOXF1,0,0
0.1,0.1,all,FOXA1+FOXL2,0,0
0.1,0.1,all,FOXA1+HOXB9,0,0
0.1,0.1,all,FOXA1+KLF1,3,3
0.1,0.1,all,FOXA3+FOXF1,0,0
0.1,0.1,all,FOXA3+FOXL2,1,1
0.1,0.1,all,FOXA3+HOXB9,1,1
0.1,0.1,all,FOXF1+FOXL2,0,0
0.1,0.1,all,FOXF1+HOXB9,0,0
0.1,0.1,all,FOXL2+HOXB9,0,0
0.1,0.1,all,FOXL2+MEIS1,0,0
0.1,0.1,all,FOXL2+POU3F2,0,0
0.1,0.1,all,FOXL2+ZNF318,1,1
0.1,0.1,all,HOXC13+ZC3HAV1,3,3
0.1,0.1,all,IER5L+LYL1,0,0
0.1,0.1,all,IGDCC3+MAPK1,7,7
0.1,0.1,all,IGDCC3+PRTG,0,0
0.1,0.1,all,IGDCC3+TGFBR2,0,0
0.1,0.1,all,IGDCC3+ZBTB25,0,0
0.1,0.1,all,IKZF3+MAP2K3,4,4
0.1,0.1,all,IKZF3+MAP2K6,0,0
0.1,0.1,all,IKZF3+MAPK1,6,6
0.1,0.1,all,IRF1+SET,4,4
0.1,0.1,all,KIF18B+KIF2C,0,0
0.1,0.1,all,KLF1+MAP2K6,0,0
0.1,0.1,all,KLF1+SET,3,3
0.1,0.1,all,KLF1+TGFBR2,0,0
0.1,0.1,all,MAP2K3+MAP2K6,0,0
0.1,0.1,all,MAP2K3+SLC38A2,0,0
0.1,0.1,all,MAP2K6+SPI1,7,7
0.1,0.1,all,MAPK1+PRTG,11,11
0.1,0.1,all,MAPK1+TGFBR2,0,0
0.1,0.1,all,OSR2+PTPN12,11,11
0.1,0.1,all,OSR2+UBASH3B,7,7
0.1,0.1,all,PLK4+STIL,0,0
0.1,0.1,all,PRTG+TGFBR2,0,0
0.1,0.1,all,PTPN12+PTPN9,0,0
0.1,0.1,all,PTPN12+SAMD1,2,2
0.1,0.1,all,PTPN12+SNAI1,3,3
0.1,0.1,all,PTPN12+UBASH3A,0,0
0.1,0.1,all,PTPN12+UBASH3B,0,0
0.1,0.1,all,PTPN12+ZBTB10,4,4
0.1,0.1,all,PTPN12+ZBTB25,0,0
0.1,0.1,all,PTPN9+UBASH3B,0,0
0.1,0.1,all,RHOXF2+SET,7,7
0.1,0.1,all,RHOXF2+ZBTB25,1,1
0.1,0.1,all,S1PR2+SGK1,0,0
0.1,0.1,all,SAMD1+TGFBR2,0,0
0.1,0.1,all,SAMD1+UBASH3B,0,0
0.1,0.1,all,SAMD1+ZBTB1,1,1
0.1,0.1,all,SGK1+TBX2,1,1
0.1,0.1,all,SGK1+TBX3,0,0
0.1,0.1,all,SNAI1+UBASH3B,4,4
0.1,0.1,all,SNAI1+ZBTB10,0,0
0.1,0.1,all,TBX2+TBX3,0,0
0.1,0.1,all,UBASH3A+UBASH3B,0,0
0.1,0.1,all,UBASH3B+ZBTB25,0,0
0.1,0.15,all,AHR+FEV,0,0
0.1,0.15,all,AHR+KLF1,1,1
0.1,0.15,all,BAK1+BCL2L11,0,0
0.1,0.15,all,BAK1+KLF1,0,0
0.1,0.15,all,BAK1+TMSB4X,0,0
0.1,0.15,all,BCL2L11+TGFBR2,0,0
0.1,0.15,all,BPGM+SAMD1,0,0
0.1,0.15,all,BPGM+ZBTB1,0,0
0.1,0.15,all,C19orf26+TGFBR2,0,0
0.1,0.15,all,C3orf72+FOXL2,0,0
0.1,0.15,all,CBFA2T3+FEV,0,0
0.1,0.15,all,CBFA2T3+POU3F2,0,0
0.1,0.15,all,CBFA2T3+PRDM1,0,0
0.1,0.15,all,CBL+CNN1,0,0
0.1,0.15,all,CBL+PTPN12,0,0
0.1,0.15,all,CBL+PTPN9,0,0
0.1,0.15,all,CBL+TGFBR2,0,0
0.1,0.15,all,CBL+UBASH3A,0,0
0.1,0.15,all,CBL+UBASH3B,0,0
0.1,0.15,all,CDKN1A+CDKN1B,0,0
0.1,0.15,all,CDKN1A+CDKN1C,0,0
0.1,0.15,all,CDKN1B+CDKN1C,0,0
0.1,0.15,all,CEBPA+CEBPB,0,0
0.1,0.15,all,CEBPA+CEBPE,0,0
0.1,0.15,all,CEBPA+JUN,0,0
0.1,0.15,all,CEBPA+KLF1,0,0
0.1,0.15,all,CEBPA+ZC3HAV1,0,0
0.1,0.15,all,CEBPB+CEBPE,0,0
0.1,0.15,all,CEBPB+FOSB,0,0
0.1,0.15,all,CEBPB+JUN,0,0
0.1,0.15,all,CEBPB+LYL1,0,0
0.1,0.15,all,CEBPB+MAPK1,0,0
0.1,0.15,all,CEBPB+OSR2,0,0
0.1,0.15,all,CEBPB+PTPN12,1,1
0.1,0.15,all,CEBPE+CNN1,4,4
0.1,0.15,all,CEBPE+ETS2,1,1
0.1,0.15,all,CEBPE+FOSB,0,0
0.1,0.15,all,CEBPE+KLF1,4,4
0.1,0.15,all,CEBPE+PTPN12,5,5
0.1,0.15,all,CEBPE+RUNX1T1,0,0
0.1,0.15,all,CEBPE+SET,2,2
0.1,0.15,all,CEBPE+SPI1,0,0
0.1,0.15,all,CEBPE+ZC3HAV1,1,1
0.1,0.15,all,CLDN6+KLF1,1,1
0.1,0.15,all,CNN1+ETS2,5,5
0.1,0.15,all,CNN1+MAPK1,3,3
0.1,0.15,all,CNN1+UBASH3A,0,0
0.1,0.15,all,CNN1+UBASH3B,0,0
0.1,0.15,all,COL2A1+KLF1,0,0
0.1,0.15,all,DLX2+SNAI1,0,0
0.1,0.15,all,DLX2+ZBTB10,0,0
0.1,0.15,all,DUSP9+ETS2,4,4
0.1,0.15,all,DUSP9+IGDCC3,0,0
0.1,0.15,all,DUSP9+KLF1,3,3
0.1,0.15,all,DUSP9+MAPK1,6,6
0.1,0.15,all,DUSP9+PRTG,0,0
0.1,0.15,all,DUSP9+SNAI1,1,1
0.1,0.15,all,ELMSAN1+LHX1,0,0
0.1,0.15,all,ELMSAN1+MAP2K3,0,0
0.1,0.15,all,ELMSAN1+MAP2K6,0,0
0.1,0.15,all,ELMSAN1+ZBTB10,1,1
0.1,0.15,all,ETS2+IGDCC3,3,3
0.1,0.15,all,ETS2+IKZF3,1,1
0.1,0.15,all,ETS2+MAP7D1,0,0
0.1,0.15,all,ETS2+MAPK1,0,0
0.1,0.15,all,ETS2+PRTG,3,3
0.1,0.15,all,ETS2+TGFBR2,0,0
0.1,0.15,all,FEV+ISL2,0,0
0.1,0.15,all,FEV+MAP7D1,0,0
0.1,0.15,all,FOSB+IKZF3,1,1
0.1,0.15,all,FOSB+OSR2,0,0
0.1,0.15,all,FOSB+PTPN12,2,2
0.1,0.15,all,FOSB+UBASH3B,1,1
0.1,0.15,all,FOXA1+FOXA3,0,0
0.1,0.15,all,FOXA1+FOXF1,0,0
0.1,0.15,all,FOXA1+FOXL2,0,0
0.1,0.15,all,FOXA1+HOXB9,0,0
0.1,0.15,all,FOXA1+KLF1,1,1
0.1,0.15,all,FOXA3+FOXF1,0,0
0.1,0.15,all,FOXA3+FOXL2,0,0
0.1,0.15,all,FOXA3+HOXB9,0,0
0.1,0.15,all,FOXF1+FOXL2,0,0
0.1,0.15,all,FOXF1+HOXB9,0,0
0.1,0.15,all,FOXL2+HOXB9,0,0
0.1,0.15,all,FOXL2+MEIS1,0,0
0.1,0.15,all,FOXL2+POU3F2,0,0
0.1,0.15,all,FOXL2+ZNF318,1,1
0.1,0.15,all,HOXC13+ZC3HAV1,0,0
0.1,0.15,all,IER5L+LYL1,0,0
0.1,0.15,all,IGDCC3+MAPK1,2,2
0.1,0.15,all,IGDCC3+PRTG,0,0
0.1,0.15,all,IGDCC3+TGFBR2,0,0
0.1,0.15,all,IGDCC3+ZBTB25,0,0
0.1,0.15,all,IKZF3+MAP2K3,0,0
0.1,0.15,all,IKZF3+MAP2K6,0,0
0.1,0.15,all,IKZF3+MAPK1,2,2
0.1,0.15,all,IRF1+SET,1,1
0.1,0.15,all,KIF18B+KIF2C,0,0
0.1,0.15,all,KLF1+MAP2K6,0,0
0.1,0.15,all,KLF1+SET,0,0
0.1,0.15,all,KLF1+TGFBR2,0,0
0.1,0.15,all,MAP2K3+MAP2K6,0,0
0.1,0.15,all,MAP2K3+SLC38A2,0,0
0.1,0.15,all,MAP2K6+SPI1,1,1
0.1,0.15,all,MAPK1+PRTG,5,5
0.1,0.15,all,MAPK1+TGFBR2,0,0
0.1,0.15,all,OSR2+PTPN12,5,5
0.1,0.15,all,OSR2+UBASH3B,0,0
0.1,0.15,all,PLK4+STIL,0,0
0.1,0.15,all,PRTG+TGFBR2,0,0
0.1,0.15,all,PTPN12+PTPN9,0,0
0.1,0.15,all,PTPN12+SAMD1,0,0
0.1,0.15,all,PTPN12+SNAI1,2,2
0.1,0.15,all,PTPN12+UBASH3A,0,0
0.1,0.15,all,PTPN12+UBASH3B,0,0
0.1,0.15,all,PTPN12+ZBTB10,2,2
0.1,0.15,all,PTPN12+ZBTB25,0,0
0.1,0.15,all,PTPN9+UBASH3B,0,0
0.1,0.15,all,RHOXF2+SET,0,0
0.1,0.15,all,RHOXF2+ZBTB25,0,0
0.1,0.15,all,S1PR2+SGK1,0,0
0.1,0.15,all,SAMD1+TGFBR2,0,0
0.1,0.15,all,SAMD1+UBASH3B,0,0
0.1,0.15,all,SAMD1+ZBTB1,0,0
0.1,0.15,all,SGK1+TBX2,1,1
0.1,0.15,all,SGK1+TBX3,0,0
0.1,0.15,all,SNAI1+UBASH3B,1,1
0.1,0.15,all,SNAI1+ZBTB10,0,0
0.1,0.15,all,TBX2+TBX3,0,0
0.1,0.15,all,UBASH3A+UBASH3B,0,0
0.1,0.15,all,UBASH3B+ZBTB25,0,0
0.1,0.2,all,AHR+FEV,0,0
0.1,0.2,all,AHR+KLF1,0,0
0.1,0.2,all,BAK1+BCL2L11,0,0
0.1,0.2,all,BAK1+KLF1,0,0
0.1,0.2,all,BAK1+TMSB4X,0,0
0.1,0.2,all,BCL2L11+TGFBR2,0,0
0.1,0.2,all,BPGM+SAMD1,0,0
0.1,0.2,all,BPGM+ZBTB1,0,0
0.1,0.2,all,C19orf26+TGFBR2,0,0
0.1,0.2,all,C3orf72+FOXL2,0,0
0.1,0.2,all,CBFA2T3+FEV,0,0
0.1,0.2,all,CBFA2T3+POU3F2,0,0
0.1,0.2,all,CBFA2T3+PRDM1,0,0
0.1,0.2,all,CBL+CNN1,0,0
0.1,0.2,all,CBL+PTPN12,0,0
0.1,0.2,all,CBL+PTPN9,0,0
0.1,0.2,all,CBL+TGFBR2,0,0
0.1,0.2,all,CBL+UBASH3A,0,0
0.1,0.2,all,CBL+UBASH3B,0,0
0.1,0.2,all,CDKN1A+CDKN1B,0,0
0.1,0.2,all,CDKN1A+CDKN1C,0,0
0.1,0.2,all,CDKN1B+CDKN1C,0,0
0.1,0.2,all,CEBPA+CEBPB,0,0
0.1,0.2,all,CEBPA+CEBPE,0,0
0.1,0.2,all,CEBPA+JUN,0,0
0.1,0.2,all,CEBPA+KLF1,0,0
0.1,0.2,all,CEBPA+ZC3HAV1,0,0
0.1,0.2,all,CEBPB+CEBPE,0,0
0.1,0.2,all,CEBPB+FOSB,0,0
0.1,0.2,all,CEBPB+JUN,0,0
0.1,0.2,all,CEBPB+LYL1,0,0
0.1,0.2,all,CEBPB+MAPK1,0,0
0.1,0.2,all,CEBPB+OSR2,0,0
0.1,0.2,all,CEBPB+PTPN12,0,0
0.1,0.2,all,CEBPE+CNN1,4,4
0.1,0.2,all,CEBPE+ETS2,0,0
0.1,0.2,all,CEBPE+FOSB,0,0
0.1,0.2,all,CEBPE+KLF1,2,2
0.1,0.2,all,CEBPE+PTPN12,0,0
0.1,0.2,all,CEBPE+RUNX1T1,0,0
0.1,0.2,all,CEBPE+SET,2,2
0.1,0.2,all,CEBPE+SPI1,0,0
0.1,0.2,all,CEBPE+ZC3HAV1,0,0
0.1,0.2,all,CLDN6+KLF1,0,0
0.1,0.2,all,CNN1+ETS2,1,1
0.1,0.2,all,CNN1+MAPK1,1,1
0.1,0.2,all,CNN1+UBASH3A,0,0
0.1,0.2,all,CNN1+UBASH3B,0,0
0.1,0.2,all,COL2A1+KLF1,0,0
0.1,0.2,all,DLX2+SNAI1,0,0
0.1,0.2,all,DLX2+ZBTB10,0,0
0.1,0.2,all,DUSP9+ETS2,1,1
0.1,0.2,all,DUSP9+IGDCC3,0,0
0.1,0.2,all,DUSP9+KLF1,2,2
0.1,0.2,all,DUSP9+MAPK1,5,5
0.1,0.2,all,DUSP9+PRTG,0,0
0.1,0.2,all,DUSP9+SNAI1,0,0
0.1,0.2,all,ELMSAN1+LHX1,0,0
0.1,0.2,all,ELMSAN1+MAP2K3,0,0
0.1,0.2,all,ELMSAN1+MAP2K6,0,0
0.1,0.2,all,ELMSAN1+ZBTB10,0,0
0.1,0.2,all,ETS2+IGDCC3,2,2
0.1,0.2,all,ETS2+IKZF3,1,1
0.1,0.2,all,ETS2+MAP7D1,0,0
0.1,0.2,all,ETS2+MAPK1,0,0
0.1,0.2,all,ETS2+PRTG,0,0
0.1,0.2,all,ETS2+TGFBR2,0,0
0.1,0.2,all,FEV+ISL2,0,0
0.1,0.2,all,FEV+MAP7D1,0,0
0.1,0.2,all,FOSB+IKZF3,0,0
0.1,0.2,all,FOSB+OSR2,0,0
0.1,0.2,all,FOSB+PTPN12,0,0
0.1,0.2,all,FOSB+UBASH3B,0,0
0.1,0.2,all,FOXA1+FOXA3,0,0
0.1,0.2,all,FOXA1+FOXF1,0,0
0.1,0.2,all,FOXA1+FOXL2,0,0
0.1,0.2,all,FOXA1+HOXB9,0,0
0.1,0.2,all,FOXA1+KLF1,1,1
0.1,0.2,all,FOXA3+FOXF1,0,0
0.1,0.2,all,FOXA3+FOXL2,0,0
0.1,0.2,all,FOXA3+HOXB9,0,0
0.1,0.2,all,FOXF1+FOXL2,0,0
0.1,0.2,all,FOXF1+HOXB9,0,0
0.1,0.2,all,FOXL2+HOXB9,0,0
0.1,0.2,all,FOXL2+MEIS1,0,0
0.1,0.2,all,FOXL2+POU3F2,0,0
0.1,0.2,all,FOXL2+ZNF318,0,0
0.1,0.2,all,HOXC13+ZC3HAV1,0,0
0.1,0.2,all,IER5L+LYL1,0,0
0.1,0.2,all,IGDCC3+MAPK1,1,1
0.1,0.2,all,IGDCC3+PRTG,0,0
0.1,0.2,all,IGDCC3+TGFBR2,0,0
0.1,0.2,all,IGDCC3+ZBTB25,0,0
0.1,0.2,all,IKZF3+MAP2K3,0,0
0.1,0.2,all,IKZF3+MAP2K6,0,0
0.1,0.2,all,IKZF3+MAPK1,1,1
0.1,0.2,all,IRF1+SET,1,1
0.1,0.2,all,KIF18B+KIF2C,0,0
0.1,0.2,all,KLF1+MAP2K6,0,0
0.1,0.2,all,KLF1+SET,0,0
0.1,0.2,all,KLF1+TGFBR2,0,0
0.1,0.2,all,MAP2K3+MAP2K6,0,0
0.1,0.2,all,MAP2K3+SLC38A2,0,0
0.1,0.2,all,MAP2K6+SPI1,0,0
0.1,0.2,all,MAPK1+PRTG,2,2
0.1,0.2,all,MAPK1+TGFBR2,0,0
0.1,0.2,all,OSR2+PTPN12,1,1
0.1,0.2,all,OSR2+UBASH3B,0,0
0.1,0.2,all,PLK4+STIL,0,0
0.1,0.2,all,PRTG+TGFBR2,0,0
0.1,0.2,all,PTPN12+PTPN9,0,0
0.1,0.2,all,PTPN12+SAMD1,0,0
0.1,0.2,all,PTPN12+SNAI1,1,1
0.1,0.2,all,PTPN12+UBASH3A,0,0
0.1,0.2,all,PTPN12+UBASH3B,0,0
0.1,0.2,all,PTPN12+ZBTB10,0,0
0.1,0.2,all,PTPN12+ZBTB25,0,0
0.1,0.2,all,PTPN9+UBASH3B,0,0
0.1,0.2,all,RHOXF2+SET,0,0
0.1,0.2,all,RHOXF2+ZBTB25,0,0
0.1,0.2,all,S1PR2+SGK1,0,0
0.1,0.2,all,SAMD1+TGFBR2,0,0
0.1,0.2,all,SAMD1+UBASH3B,0,0
0.1,0.2,all,SAMD1+ZBTB1,0,0
0.1,0.2,all,SGK1+TBX2,1,1
0.1,0.2,all,SGK1+TBX3,0,0
0.1,0.2,all,SNAI1+UBASH3B,1,1
0.1,0.2,all,SNAI1+ZBTB10,0,0
0.1,0.2,all,TBX2+TBX3,0,0
0.1,0.2,all,UBASH3A+UBASH3B,0,0
0.1,0.2,all,UBASH3B+ZBTB25,0,0
0.15,0.05,all,AHR+FEV,18,18
0.15,0.05,all,AHR+KLF1,56,56
0.15,0.05,all,BAK1+BCL2L11,1,1
0.15,0.05,all,BAK1+KLF1,2,2
0.15,0.05,all,BAK1+TMSB4X,1,1
0.15,0.05,all,BCL2L11+TGFBR2,0,0
0.15,0.05,all,BPGM+SAMD1,8,8
0.15,0.05,all,BPGM+ZBTB1,20,20
0.15,0.05,all,C19orf26+TGFBR2,0,0
0.15,0.05,all,C3orf72+FOXL2,0,0
0.15,0.05,all,CBFA2T3+FEV,14,14
0.15,0.05,all,CBFA2T3+POU3F2,9,9
0.15,0.05,all,CBFA2T3+PRDM1,14,14
0.15,0.05,all,CBL+CNN1,1,1
0.15,0.05,all,CBL+PTPN12,0,0
0.15,0.05,all,CBL+PTPN9,0,0
0.15,0.05,all,CBL+TGFBR2,0,0
0.15,0.05,all,CBL+UBASH3A,0,0
0.15,0.05,all,CBL+UBASH3B,0,0
0.15,0.05,all,CDKN1A+CDKN1B,0,0
0.15,0.05,all,CDKN1A+CDKN1C,0,0
0.15,0.05,all,CDKN1B+CDKN1C,0,0
0.15,0.05,all,CEBPA+CEBPB,0,0
0.15,0.05,all,CEBPA+CEBPE,0,0
0.15,0.05,all,CEBPA+JUN,6,6
0.15,0.05,all,CEBPA+KLF1,35,35
0.15,0.05,all,CEBPA+ZC3HAV1,11,11
0.15,0.05,all,CEBPB+CEBPE,0,0
0.15,0.05,all,CEBPB+FOSB,1,1
0.15,0.05,all,CEBPB+JUN,4,4
0.15,0.05,all,CEBPB+LYL1,5,5
0.15,0.05,all,CEBPB+MAPK1,22,22
0.15,0.05,all,CEBPB+OSR2,6,6
0.15,0.05,all,CEBPB+PTPN12,25,25
0.15,0.05,all,CEBPE+CNN1,46,46
0.15,0.05,all,CEBPE+ETS2,19,19
0.15,0.05,all,CEBPE+FOSB,0,0
0.15,0.05,all,CEBPE+KLF1,113,113
0.15,0.05,all,CEBPE+PTPN12,44,44
0.15,0.05,all,CEBPE+RUNX1T1,3,3
0.15,0.05,all,CEBPE+SET,52,52
0.15,0.05,all,CEBPE+SPI1,7,7
0.15,0.05,all,CEBPE+ZC3HAV1,54,54
0.15,0.05,all,CLDN6+KLF1,47,47
0.15,0.05,all,CNN1+ETS2,53,53
0.15,0.05,all,CNN1+MAPK1,46,46
0.15,0.05,all,CNN1+UBASH3A,0,0
0.15,0.05,all,CNN1+UBASH3B,2,2
0.15,0.05,all,COL2A1+KLF1,47,47
0.15,0.05,all,DLX2+SNAI1,2,2
0.15,0.05,all,DLX2+ZBTB10,8,8
0.15,0.05,all,DUSP9+ETS2,56,56
0.15,0.05,all,DUSP9+IGDCC3,27,27
0.15,0.05,all,DUSP9+KLF1,48,48
0.15,0.05,all,DUSP9+MAPK1,88,88
0.15,0.05,all,DUSP9+PRTG,25,25
0.15,0.05,all,DUSP9+SNAI1,23,23
0.15,0.05,all,ELMSAN1+LHX1,37,37
0.15,0.05,all,ELMSAN1+MAP2K3,0,0
0.15,0.05,all,ELMSAN1+MAP2K6,2,2
0.15,0.05,all,ELMSAN1+ZBTB10,12,12
0.15,0.05,all,ETS2+IGDCC3,43,43
0.15,0.05,all,ETS2+IKZF3,22,22
0.15,0.05,all,ETS2+MAP7D1,13,13
0.15,0.05,all,ETS2+MAPK1,0,0
0.15,0.05,all,ETS2+PRTG,47,47
0.15,0.05,all,ETS2+TGFBR2,7,7
0.15,0.05,all,FEV+ISL2,5,5
0.15,0.05,all,FEV+MAP7D1,9,9
0.15,0.05,all,FOSB+IKZF3,26,26
0.15,0.05,all,FOSB+OSR2,5,5
0.15,0.05,all,FOSB+PTPN12,34,34
0.15,0.05,all,FOSB+UBASH3B,21,21
0.15,0.05,all,FOXA1+FOXA3,1,1
0.15,0.05,all,FOXA1+FOXF1,0,0
0.15,0.05,all,FOXA1+FOXL2,3,3
0.15,0.05,all,FOXA1+HOXB9,6,6
0.15,0.05,all,FOXA1+KLF1,46,46
0.15,0.05,all,FOXA3+FOXF1,2,2
0.15,0.05,all,FOXA3+FOXL2,1,1
0.15,0.05,all,FOXA3+HOXB9,7,7
0.15,0.05,all,FOXF1+FOXL2,1,1
0.15,0.05,all,FOXF1+HOXB9,1,1
0.15,0.05,all,FOXL2+HOXB9,0,0
0.15,0.05,all,FOXL2+MEIS1,5,5
0.15,0.05,all,FOXL2+POU3F2,5,5
0.15,0.05,all,FOXL2+ZNF318,6,6
0.15,0.05,all,HOXC13+ZC3HAV1,46,46
0.15,0.05,all,IER5L+LYL1,1,1
0.15,0.05,all,IGDCC3+MAPK1,47,47
0.15,0.05,all,IGDCC3+PRTG,0,0
0.15,0.05,all,IGDCC3+TGFBR2,1,1
0.15,0.05,all,IGDCC3+ZBTB25,1,1
0.15,0.05,all,IKZF3+MAP2K3,73,73
0.15,0.05,all,IKZF3+MAP2K6,43,43
0.15,0.05,all,IKZF3+MAPK1,43,43
0.15,0.05,all,IRF1+SET,26,26
0.15,0.05,all,KIF18B+KIF2C,0,0
0.15,0.05,all,KLF1+MAP2K6,4,4
0.15,0.05,all,KLF1+SET,92,92
0.15,0.05,all,KLF1+TGFBR2,1,1
0.15,0.05,all,MAP2K3+MAP2K6,0,0
0.15,0.05,all,MAP2K3+SLC38A2,7,7
0.15,0.05,all,MAP2K6+SPI1,93,93
0.15,0.05,all,MAPK1+PRTG,67,67
0.15,0.05,all,MAPK1+TGFBR2,7,7
0.15,0.05,all,OSR2+PTPN12,72,72
0.15,0.05,all,OSR2+UBASH3B,67,67
0.15,0.05,all,PLK4+STIL,7,7
0.15,0.05,all,PRTG+TGFBR2,1,1
0.15,0.05,all,PTPN12+PTPN9,2,2
0.15,0.05,all,PTPN12+SAMD1,11,11
0.15,0.05,all,PTPN12+SNAI1,19,19
0.15,0.05,all,PTPN12+UBASH3A,0,0
0.15,0.05,all,PTPN12+UBASH3B,0,0
0.15,0.05,all,PTPN12+ZBTB10,30,30
0.15,0.05,all,PTPN12+ZBTB25,3,3
0.15,0.05,all,PTPN9+UBASH3B,0,0
0.15,0.05,all,RHOXF2+SET,22,22
0.15,0.05,all,RHOXF2+ZBTB25,18,18
0.15,0.05,all,S1PR2+SGK1,9,9
0.15,0.05,all,SAMD1+TGFBR2,3,3
0.15,0.05,all,SAMD1+UBASH3B,5,5
0.15,0.05,all,SAMD1+ZBTB1,7,7
0.15,0.05,all,SGK1+TBX2,8,8
0.15,0.05,all,SGK1+TBX3,5,5
0.15,0.05,all,SNAI1+UBASH3B,20,20
0.15,0.05,all,SNAI1+ZBTB10,4,4
0.15,0.05,all,TBX2+TBX3,4,4
0.15,0.05,all,UBASH3A+UBASH3B,0,0
0.15,0.05,all,UBASH3B+ZBTB25,0,0
0.15,0.1,all,AHR+FEV,1,1
0.15,0.1,all,AHR+KLF1,6,6
0.15,0.1,all,BAK1+BCL2L11,0,0
0.15,0.1,all,BAK1+KLF1,0,0
0.15,0.1,all,BAK1+TMSB4X,0,0
0.15,0.1,all,BCL2L11+TGFBR2,0,0
0.15,0.1,all,BPGM+SAMD1,1,1
0.15,0.1,all,BPGM+ZBTB1,0,0
0.15,0.1,all,C19orf26+TGFBR2,0,0
0.15,0.1,all,C3orf72+FOXL2,0,0
0.15,0.1,all,CBFA2T3+FEV,3,3
0.15,0.1,all,CBFA2T3+POU3F2,2,2
0.15,0.1,all,CBFA2T3+PRDM1,3,3
0.15,0.1,all,CBL+CNN1,0,0
0.15,0.1,all,CBL+PTPN12,0,0
0.15,0.1,all,CBL+PTPN9,0,0
0.15,0.1,all,CBL+TGFBR2,0,0
0.15,0.1,all,CBL+UBASH3A,0,0
0.15,0.1,all,CBL+UBASH3B,0,0
0.15,0.1,all,CDKN1A+CDKN1B,0,0
0.15,0.1,all,CDKN1A+CDKN1C,0,0
0.15,0.1,all,CDKN1B+CDKN1C,0,0
0.15,0.1,all,CEBPA+CEBPB,0,0
0.15,0.1,all,CEBPA+CEBPE,0,0
0.15,0.1,all,CEBPA+JUN,2,2
0.15,0.1,all,CEBPA+KLF1,7,7
0.15,0.1,all,CEBPA+ZC3HAV1,0,0
0.15,0.1,all,CEBPB+CEBPE,0,0
0.15,0.1,all,CEBPB+FOSB,0,0
0.15,0.1,all,CEBPB+JUN,0,0
0.15,0.1,all,CEBPB+LYL1,0,0
0.15,0.1,all,CEBPB+MAPK1,3,3
0.15,0.1,all,CEBPB+OSR2,0,0
0.15,0.1,all,CEBPB+PTPN12,5,5
0.15,0.1,all,CEBPE+CNN1,9,9
0.15,0.1,all,CEBPE+ETS2,2,2
0.15,0.1,all,CEBPE+FOSB,0,0
0.15,0.1,all,CEBPE+KLF1,20,20
0.15,0.1,all,CEBPE+PTPN12,16,16
0.15,0.1,all,CEBPE+RUNX1T1,0,0
0.15,0.1,all,CEBPE+SET,20,20
0.15,0.1,all,CEBPE+SPI1,3,3
0.15,0.1,all,CEBPE+ZC3HAV1,6,6
0.15,0.1,all,CLDN6+KLF1,9,9
0.15,0.1,all,CNN1+ETS2,11,11
0.15,0.1,all,CNN1+MAPK1,9,9
0.15,0.1,all,CNN1+UBASH3A,0,0
0.15,0.1,all,CNN1+UBASH3B,0,0
0.15,0.1,all,COL2A1+KLF1,6,6
0.15,0.1,all,DLX2+SNAI1,1,1
0.15,0.1,all,DLX2+ZBTB10,0,0
0.15,0.1,all,DUSP9+ETS2,14,14
0.15,0.1,all,DUSP9+IGDCC3,1,1
0.15,0.1,all,DUSP9+KLF1,7,7
0.15,0.1,all,DUSP9+MAPK1,26,26
0.15,0.1,all,DUSP9+PRTG,4,4
0.15,0.1,all,DUSP9+SNAI1,2,2
0.15,0.1,all,ELMSAN1+LHX1,5,5
0.15,0.1,all,ELMSAN1+MAP2K3,0,0
0.15,0.1,all,ELMSAN1+MAP2K6,0,0
0.15,0.1,all,ELMSAN1+ZBTB10,2,2
0.15,0.1,all,ETS2+IGDCC3,8,8
0.15,0.1,all,ETS2+IKZF3,4,4
0.15,0.1,all,ETS2+MAP7D1,1,1
0.15,0.1,all,ETS2+MAPK1,0,0
0.15,0.1,all,ETS2+PRTG,12,12
0.15,0.1,all,ETS2+TGFBR2,1,1
0.15,0.1,all,FEV+ISL2,1,1
0.15,0.1,all,FEV+MAP7D1,3,3
0.15,0.1,all,FOSB+IKZF3,6,6
0.15,0.1,all,FOSB+OSR2,0,0
0.15,0.1,all,FOSB+PTPN12,11,11
0.15,0.1,all,FOSB+UBASH3B,9,9
0.15,0.1,all,FOXA1+FOXA3,0,0
0.15,0.1,all,FOXA1+FOXF1,0,0
0.15,0.1,all,FOXA1+FOXL2,1,1
0.15,0.1,all,FOXA1+HOXB9,0,0
0.15,0.1,all,FOXA1+KLF1,4,4
0.15,0.1,all,FOXA3+FOXF1,0,0
0.15,0.1,all,FOXA3+FOXL2,1,1
0.15,0.1,all,FOXA3+HOXB9,1,1
0.15,0.1,all,FOXF1+FOXL2,0,0
0.15,0.1,all,FOXF1+HOXB9,0,0
0.15,0.1,all,FOXL2+HOXB9,0,0
0.15,0.1,all,FOXL2+MEIS1,0,0
0.15,0.1,all,FOXL2+POU3F2,1,1
0.15,0.1,all,FOXL2+ZNF318,2,2
0.15,0.1,all,HOXC13+ZC3HAV1,5,5
0.15,0.1,all,IER5L+LYL1,0,0
0.15,0.1,all,IGDCC3+MAPK1,10,10
0.15,0.1,all,IGDCC3+PRTG,0,0
0.15,0.1,all,IGDCC3+TGFBR2,0,0
0.15,0.1,all,IGDCC3+ZBTB25,0,0
0.15,0.1,all,IKZF3+MAP2K3,8,8
0.15,0.1,all,IKZF3+MAP2K6,0,0
0.15,0.1,all,IKZF3+MAPK1,12,12
0.15,0.1,all,IRF1+SET,6,6
0.15,0.1,all,KIF18B+KIF2C,0,0
0.15,0.1,all,KLF1+MAP2K6,0,0
0.15,0.1,all,KLF1+SET,14,14
0.15,0.1,all,KLF1+TGFBR2,0,0
0.15,0.1,all,MAP2K3+MAP2K6,0,0
0.15,0.1,all,MAP2K3+SLC38A2,0,0
0.15,0.1,all,MAP2K6+SPI1,15,15
0.15,0.1,all,MAPK1+PRTG,16,16
0.15,0.1,all,MAPK1+TGFBR2,0,0
0.15,0.1,all,OSR2+PTPN12,20,20
0.15,0.1,all,OSR2+UBASH3B,12,12
0.15,0.1,all,PLK4+STIL,0,0
0.15,0.1,all,PRTG+TGFBR2,0,0
0.15,0.1,all,PTPN12+PTPN9,0,0
0.15,0.1,all,PTPN12+SAMD1,2,2
0.15,0.1,all,PTPN12+SNAI1,4,4
0.15,0.1,all,PTPN12+UBASH3A,0,0
0.15,0.1,all,PTPN12+UBASH3B,0,0
0.15,0.1,all,PTPN12+ZBTB10,6,6
0.15,0.1,all,PTPN12+ZBTB25,0,0
0.15,0.1,all,PTPN9+UBASH3B,0,0
0.15,0.1,all,RHOXF2+SET,7,7
0.15,0.1,all,RHOXF2+ZBTB25,1,1
0.15,0.1,all,S1PR2+SGK1,0,0
0.15,0.1,all,SAMD1+TGFBR2,0,0
0.15,0.1,all,SAMD1+UBASH3B,0,0
0.15,0.1,all,SAMD1+ZBTB1,1,1
0.15,0.1,all,SGK1+TBX2,2,2
0.15,0.1,all,SGK1+TBX3,2,2
0.15,0.1,all,SNAI1+UBASH3B,5,5
0.15,0.1,all,SNAI1+ZBTB10,0,0
0.15,0.1,all,TBX2+TBX3,0,0
0.15,0.1,all,UBASH3A+UBASH3B,0,0
0.15,0.1,all,UBASH3B+ZBTB25,0,0
0.15,0.15,all,AHR+FEV,1,1
0.15,0.15,all,AHR+KLF1,3,3
0.15,0.15,all,BAK1+BCL2L11,0,0
0.15,0.15,all,BAK1+KLF1,0,0
0.15,0.15,all,BAK1+TMSB4X,0,0
0.15,0.15,all,BCL2L11+TGFBR2,0,0
0.15,0.15,all,BPGM+SAMD1,0,0
0.15,0.15,all,BPGM+ZBTB1,0,0
0.15,0.15,all,C19orf26+TGFBR2,0,0
0.15,0.15,all,C3orf72+FOXL2,0,0
0.15,0.15,all,CBFA2T3+FEV,0,0
0.15,0.15,all,CBFA2T3+POU3F2,1,1
0.15,0.15,all,CBFA2T3+PRDM1,1,1
0.15,0.15,all,CBL+CNN1,0,0
0.15,0.15,all,CBL+PTPN12,0,0
0.15,0.15,all,CBL+PTPN9,0,0
0.15,0.15,all,CBL+TGFBR2,0,0
0.15,0.15,all,CBL+UBASH3A,0,0
0.15,0.15,all,CBL+UBASH3B,0,0
0.15,0.15,all,CDKN1A+CDKN1B,0,0
0.15,0.15,all,CDKN1A+CDKN1C,0,0
0.15,0.15,all,CDKN1B+CDKN1C,0,0
0.15,0.15,all,CEBPA+CEBPB,0,0
0.15,0.15,all,CEBPA+CEBPE,0,0
0.15,0.15,all,CEBPA+JUN,0,0
0.15,0.15,all,CEBPA+KLF1,1,1
0.15,0.15,all,CEBPA+ZC3HAV1,0,0
0.15,0.15,all,CEBPB+CEBPE,0,0
0.15,0.15,all,CEBPB+FOSB,0,0
0.15,0.15,all,CEBPB+JUN,0,0
0.15,0.15,all,CEBPB+LYL1,0,0
0.15,0.15,all,CEBPB+MAPK1,0,0
0.15,0.15,all,CEBPB+OSR2,0,0
0.15,0.15,all,CEBPB+PTPN12,2,2
0.15,0.15,all,CEBPE+CNN1,7,7
0.15,0.15,all,CEBPE+ETS2,1,1
0.15,0.15,all,CEBPE+FOSB,0,0
0.15,0.15,all,CEBPE+KLF1,4,4
0.15,0.15,all,CEBPE+PTPN12,7,7
0.15,0.15,all,CEBPE+RUNX1T1,0,0
0.15,0.15,all,CEBPE+SET,5,5
0.15,0.15,all,CEBPE+SPI1,0,0
0.15,0.15,all,CEBPE+ZC3HAV1,1,1
0.15,0.15,all,CLDN6+KLF1,1,1
0.15,0.15,all,CNN1+ETS2,7,7
0.15,0.15,all,CNN1+MAPK1,5,5
0.15,0.15,all,CNN1+UBASH3A,0,0
0.15,0.15,all,CNN1+UBASH3B,0,0
0.15,0.15,all,COL2A1+KLF1,0,0
0.15,0.15,all,DLX2+SNAI1,1,1
0.15,0.15,all,DLX2+ZBTB10,0,0
0.15,0.15,all,DUSP9+ETS2,8,8
0.15,0.15,all,DUSP9+IGDCC3,0,0
0.15,0.15,all,DUSP9+KLF1,3,3
0.15,0.15,all,DUSP9+MAPK1,11,11
0.15,0.15,all,DUSP9+PRTG,0,0
0.15,0.15,all,DUSP9+SNAI1,1,1
0.15,0.15,all,ELMSAN1+LHX1,0,0
0.15,0.15,all,ELMSAN1+MAP2K3,0,0
0.15,0.15,all,ELMSAN1+MAP2K6,0,0
0.15,0.15,all,ELMSAN1+ZBTB10,2,2
0.15,0.15,all,ETS2+IGDCC3,3,3
0.15,0.15,all,ETS2+IKZF3,2,2
0.15,0.15,all,ETS2+MAP7D1,0,0
0.15,0.15,all,ETS2+MAPK1,0,0
0.15,0.15,all,ETS2+PRTG,4,4
0.15,0.15,all,ETS2+TGFBR2,0,0
0.15,0.15,all,FEV+ISL2,1,1
0.15,0.15,all,FEV+MAP7D1,0,0
0.15,0.15,all,FOSB+IKZF3,3,3
0.15,0.15,all,FOSB+OSR2,0,0
0.15,0.15,all,FOSB+PTPN12,4,4
0.15,0.15,all,FOSB+UBASH3B,1,1
0.15,0.15,all,FOXA1+FOXA3,0,0
0.15,0.15,all,FOXA1+FOXF1,0,0
0.15,0.15,all,FOXA1+FOXL2,0,0
0.15,0.15,all,FOXA1+HOXB9,0,0
0.15,0.15,all,FOXA1+KLF1,1,1
0.15,0.15,all,FOXA3+FOXF1,0,0
0.15,0.15,all,FOXA3+FOXL2,0,0
0.15,0.15,all,FOXA3+HOXB9,0,0
0.15,0.15,all,FOXF1+FOXL2,0,0
0.15,0.15,all,FOXF1+HOXB9,0,0
0.15,0.15,all,FOXL2+HOXB9,0,0
0.15,0.15,all,FOXL2+MEIS1,0,0
0.15,0.15,all,FOXL2+POU3F2,0,0
0.15,0.15,all,FOXL2+ZNF318,1,1
0.15,0.15,all,HOXC13+ZC3HAV1,0,0
0.15,0.15,all,IER5L+LYL1,0,0
0.15,0.15,all,IGDCC3+MAPK1,3,3
0.15,0.15,all,IGDCC3+PRTG,0,0
0.15,0.15,all,IGDCC3+TGFBR2,0,0
0.15,0.15,all,IGDCC3+ZBTB25,0,0
0.15,0.15,all,IKZF3+MAP2K3,1,1
0.15,0.15,all,IKZF3+MAP2K6,0,0
0.15,0.15,all,IKZF3+MAPK1,5,5
0.15,0.15,all,IRF1+SET,2,2
0.15,0.15,all,KIF18B+KIF2C,0,0
0.15,0.15,all,KLF1+MAP2K6,0,0
0.15,0.15,all,KLF1+SET,2,2
0.15,0.15,all,KLF1+TGFBR2,0,0
0.15,0.15,all,MAP2K3+MAP2K6,0,0
0.15,0.15,all,MAP2K3+SLC38A2,0,0
0.15,0.15,all,MAP2K6+SPI1,1,1
0.15,0.15,all,MAPK1+PRTG,6,6
0.15,0.15,all,MAPK1+TGFBR2,0,0
0.15,0.15,all,OSR2+PTPN12,9,9
0.15,0.15,all,OSR2+UBASH3B,4,4
0.15,0.15,all,PLK4+STIL,0,0
0.15,0.15,all,PRTG+TGFBR2,0,0
0.15,0.15,all,PTPN12+PTPN9,0,0
0.15,0.15,all,PTPN12+SAMD1,0,0
0.15,0.15,all,PTPN12+SNAI1,2,2
0.15,0.15,all,PTPN12+UBASH3A,0,0
0.15,0.15,all,PTPN12+UBASH3B,0,0
0.15,0.15,all,PTPN12+ZBTB10,3,3
0.15,0.15,all,PTPN12+ZBTB25,0,0
0.15,0.15,all,PTPN9+UBASH3B,0,0
0.15,0.15,all,RHOXF2+SET,1,1
0.15,0.15,all,RHOXF2+ZBTB25,0,0
0.15,0.15,all,S1PR2+SGK1,0,0
0.15,0.15,all,SAMD1+TGFBR2,0,0
0.15,0.15,all,SAMD1+UBASH3B,0,0
0.15,0.15,all,SAMD1+ZBTB1,0,0
0.15,0.15,all,SGK1+TBX2,1,1
0.15,0.15,all,SGK1+TBX3,1,1
0.15,0.15,all,SNAI1+UBASH3B,1,1
0.15,0.15,all,SNAI1+ZBTB10,0,0
0.15,0.15,all,TBX2+TBX3,0,0
0.15,0.15,all,UBASH3A+UBASH3B,0,0
0.15,0.15,all,UBASH3B+ZBTB25,0,0
0.15,0.2,all,AHR+FEV,0,0
0.15,0.2,all,AHR+KLF1,0,0
0.15,0.2,all,BAK1+BCL2L11,0,0
0.15,0.2,all,BAK1+KLF1,0,0
0.15,0.2,all,BAK1+TMSB4X,0,0
0.15,0.2,all,BCL2L11+TGFBR2,0,0
0.15,0.2,all,BPGM+SAMD1,0,0
0.15,0.2,all,BPGM+ZBTB1,0,0
0.15,0.2,all,C19orf26+TGFBR2,0,0
0.15,0.2,all,C3orf72+FOXL2,0,0
0.15,0.2,all,CBFA2T3+FEV,0,0
0.15,0.2,all,CBFA2T3+POU3F2,0,0
0.15,0.2,all,CBFA2T3+PRDM1,1,1
0.15,0.2,all,CBL+CNN1,0,0
0.15,0.2,all,CBL+PTPN12,0,0
0.15,0.2,all,CBL+PTPN9,0,0
0.15,0.2,all,CBL+TGFBR2,0,0
0.15,0.2,all,CBL+UBASH3A,0,0
0.15,0.2,all,CBL+UBASH3B,0,0
0.15,0.2,all,CDKN1A+CDKN1B,0,0
0.15,0.2,all,CDKN1A+CDKN1C,0,0
0.15,0.2,all,CDKN1B+CDKN1C,0,0
0.15,0.2,all,CEBPA+CEBPB,0,0
0.15,0.2,all,CEBPA+CEBPE,0,0
0.15,0.2,all,CEBPA+JUN,0,0
0.15,0.2,all,CEBPA+KLF1,0,0
0.15,0.2,all,CEBPA+ZC3HAV1,0,0
0.15,0.2,all,CEBPB+CEBPE,0,0
0.15,0.2,all,CEBPB+FOSB,0,0
0.15,0.2,all,CEBPB+JUN,0,0
0.15,0.2,all,CEBPB+LYL1,0,0
0.15,0.2,all,CEBPB+MAPK1,0,0
0.15,0.2,all,CEBPB+OSR2,0,0
0.15,0.2,all,CEBPB+PTPN12,1,1
0.15,0.2,all,CEBPE+CNN1,4,4
0.15,0.2,all,CEBPE+ETS2,0,0
0.15,0.2,all,CEBPE+FOSB,0,0
0.15,0.2,all,CEBPE+KLF1,2,2
0.15,0.2,all,CEBPE+PTPN12,0,0
0.15,0.2,all,CEBPE+RUNX1T1,0,0
0.15,0.2,all,CEBPE+SET,3,3
0.15,0.2,all,CEBPE+SPI1,0,0
0.15,0.2,all,CEBPE+ZC3HAV1,0,0
0.15,0.2,all,CLDN6+KLF1,0,0
0.15,0.2,all,CNN1+ETS2,1,1
0.15,0.2,all,CNN1+MAPK1,2,2
0.15,0.2,all,CNN1+UBASH3A,0,0
0.15,0.2,all,CNN1+UBASH3B,0,0
0.15,0.2,all,COL2A1+KLF1,0,0
0.15,0.2,all,DLX2+SNAI1,0,0
0.15,0.2,all,DLX2+ZBTB10,0,0
0.15,0.2,all,DUSP9+ETS2,4,4
0.15,0.2,all,DUSP9+IGDCC3,0,0
0.15,0.2,all,DUSP9+KLF1,2,2
0.15,0.2,all,DUSP9+MAPK1,6,6
0.15,0.2,all,DUSP9+PRTG,0,0
0.15,0.2,all,DUSP9+SNAI1,0,0
0.15,0.2,all,ELMSAN1+LHX1,0,0
0.15,0.2,all,ELMSAN1+MAP2K3,0,0
0.15,0.2,all,ELMSAN1+MAP2K6,0,0
0.15,0.2,all,ELMSAN1+ZBTB10,0,0
0.15,0.2,all,ETS2+IGDCC3,2,2
0.15,0.2,all,ETS2+IKZF3,1,1
0.15,0.2,all,ETS2+MAP7D1,0,0
0.15,0.2,all,ETS2+MAPK1,0,0
0.15,0.2,all,ETS2+PRTG,1,1
0.15,0.2,all,ETS2+TGFBR2,0,0
0.15,0.2,all,FEV+ISL2,1,1
0.15,0.2,all,FEV+MAP7D1,0,0
0.15,0.2,all,FOSB+IKZF3,1,1
0.15,0.2,all,FOSB+OSR2,0,0
0.15,0.2,all,FOSB+PTPN12,0,0
0.15,0.2,all,FOSB+UBASH3B,0,0
0.15,0.2,all,FOXA1+FOXA3,0,0
0.15,0.2,all,FOXA1+FOXF1,0,0
0.15,0.2,all,FOXA1+FOXL2,0,0
0.15,0.2,all,FOXA1+HOXB9,0,0
0.15,0.2,all,FOXA1+KLF1,1,1
0.15,0.2,all,FOXA3+FOXF1,0,0
0.15,0.2,all,FOXA3+FOXL2,0,0
0.15,0.2,all,FOXA3+HOXB9,0,0
0.15,0.2,all,FOXF1+FOXL2,0,0
0.15,0.2,all,FOXF1+HOXB9,0,0
0.15,0.2,all,FOXL2+HOXB9,0,0
0.15,0.2,all,FOXL2+MEIS1,0,0
0.15,0.2,all,FOXL2+POU3F2,0,0
0.15,0.2,all,FOXL2+ZNF318,0,0
0.15,0.2,all,HOXC13+ZC3HAV1,0,0
0.15,0.2,all,IER5L+LYL1,0,0
0.15,0.2,all,IGDCC3+MAPK1,1,1
0.15,0.2,all,IGDCC3+PRTG,0,0
0.15,0.2,all,IGDCC3+TGFBR2,0,0
0.15,0.2,all,IGDCC3+ZBTB25,0,0
0.15,0.2,all,IKZF3+MAP2K3,0,0
0.15,0.2,all,IKZF3+MAP2K6,0,0
0.15,0.2,all,IKZF3+MAPK1,3,3
0.15,0.2,all,IRF1+SET,1,1
0.15,0.2,all,KIF18B+KIF2C,0,0
0.15,0.2,all,KLF1+MAP2K6,0,0
0.15,0.2,all,KLF1+SET,0,0
0.15,0.2,all,KLF1+TGFBR2,0,0
0.15,0.2,all,MAP2K3+MAP2K6,0,0
0.15,0.2,all,MAP2K3+SLC38A2,0,0
0.15,0.2,all,MAP2K6+SPI1,0,0
0.15,0.2,all,MAPK1+PRTG,3,3
0.15,0.2,all,MAPK1+TGFBR2,0,0
0.15,0.2,all,OSR2+PTPN12,1,1
0.15,0.2,all,OSR2+UBASH3B,2,2
0.15,0.2,all,PLK4+STIL,0,0
0.15,0.2,all,PRTG+TGFBR2,0,0
0.15,0.2,all,PTPN12+PTPN9,0,0
0.15,0.2,all,PTPN12+SAMD1,0,0
0.15,0.2,all,PTPN12+SNAI1,1,1
0.15,0.2,all,PTPN12+UBASH3A,0,0
0.15,0.2,all,PTPN12+UBASH3B,0,0
0.15,0.2,all,PTPN12+ZBTB10,0,0
0.15,0.2,all,PTPN12+ZBTB25,0,0
0.15,0.2,all,PTPN9+UBASH3B,0,0
0.15,0.2,all,RHOXF2+SET,0,0
0.15,0.2,all,RHOXF2+ZBTB25,0,0
0.15,0.2,all,S1PR2+SGK1,0,0
0.15,0.2,all,SAMD1+TGFBR2,0,0
0.15,0.2,all,SAMD1+UBASH3B,0,0
0.15,0.2,all,SAMD1+ZBTB1,0,0
0.15,0.2,all,SGK1+TBX2,1,1
0.15,0.2,all,SGK1+TBX3,1,1
0.15,0.2,all,SNAI1+UBASH3B,1,1
0.15,0.2,all,SNAI1+ZBTB10,0,0
0.15,0.2,all,TBX2+TBX3,0,0
0.15,0.2,all,UBASH3A+UBASH3B,0,0
0.15,0.2,all,UBASH3B+ZBTB25,0,0
0.2,0.05,all,AHR+FEV,21,21
0.2,0.05,all,AHR+KLF1,66,66
0.2,0.05,all,BAK1+BCL2L11,1,1
0.2,0.05,all,BAK1+KLF1,2,2
0.2,0.05,all,BAK1+TMSB4X,1,1
0.2,0.05,all,BCL2L11+TGFBR2,0,0
0.2,0.05,all,BPGM+SAMD1,9,9
0.2,0.05,all,BPGM+ZBTB1,22,22
0.2,0.05,all,C19orf26+TGFBR2,1,1
0.2,0.05,all,C3orf72+FOXL2,0,0
0.2,0.05,all,CBFA2T3+FEV,24,24
0.2,0.05,all,CBFA2T3+POU3F2,10,10
0.2,0.05,all,CBFA2T3+PRDM1,21,21
0.2,0.05,all,CBL+CNN1,3,3
0.2,0.05,all,CBL+PTPN12,0,0
0.2,0.05,all,CBL+PTPN9,1,1
0.2,0.05,all,CBL+TGFBR2,1,1
0.2,0.05,all,CBL+UBASH3A,0,0
0.2,0.05,all,CBL+UBASH3B,0,0
0.2,0.05,all,CDKN1A+CDKN1B,0,0
0.2,0.05,all,CDKN1A+CDKN1C,0,0
0.2,0.05,all,CDKN1B+CDKN1C,1,1
0.2,0.05,all,CEBPA+CEBPB,1,1
0.2,0.05,all,CEBPA+CEBPE,1,1
0.2,0.05,all,CEBPA+JUN,13,13
0.2,0.05,all,CEBPA+KLF1,58,58
0.2,0.05,all,CEBPA+ZC3HAV1,21,21
0.2,0.05,all,CEBPB+CEBPE,0,0
0.2,0.05,all,CEBPB+FOSB,1,1
0.2,0.05,all,CEBPB+JUN,13,13
0.2,0.05,all,CEBPB+LYL1,8,8
0.2,0.05,all,CEBPB+MAPK1,25,25
0.2,0.05,all,CEBPB+OSR2,11,11
0.2,0.05,all,CEBPB+PTPN12,37,37
0.2,0.05,all,CEBPE+CNN1,65,65
0.2,0.05,all,CEBPE+ETS2,23,23
0.2,0.05,all,CEBPE+FOSB,0,0
0.2,0.05,all,CEBPE+KLF1,126,126
0.2,0.05,all,CEBPE+PTPN12,50,50
0.2,0.05,all,CEBPE+RUNX1T1,5,5
0.2,0.05,all,CEBPE+SET,61,61
0.2,0.05,all,CEBPE+SPI1,9,9
0.2,0.05,all,CEBPE+ZC3HAV1,62,62
0.2,0.05,all,CLDN6+KLF1,71,71
0.2,0.05,all,CNN1+ETS2,61,61
0.2,0.05,all,CNN1+MAPK1,59,59
0.2,0.05,all,CNN1+UBASH3A,0,0
0.2,0.05,all,CNN1+UBASH3B,2,2
0.2,0.05,all,COL2A1+KLF1,61,61
0.2,0.05,all,DLX2+SNAI1,3,3
0.2,0.05,all,DLX2+ZBTB10,15,15
0.2,0.05,all,DUSP9+ETS2,62,62
0.2,0.05,all,DUSP9+IGDCC3,31,31
0.2,0.05,all,DUSP9+KLF1,57,57
0.2,0.05,all,DUSP9+MAPK1,99,99
0.2,0.05,all,DUSP9+PRTG,28,28
0.2,0.05,all,DUSP9+SNAI1,30,30
0.2,0.05,all,ELMSAN1+LHX1,46,46
0.2,0.05,all,ELMSAN1+MAP2K3,0,0
0.2,0.05,all,ELMSAN1+MAP2K6,2,2
0.2,0.05,all,ELMSAN1+ZBTB10,19,19
0.2,0.05,all,ETS2+IGDCC3,49,49
0.2,0.05,all,ETS2+IKZF3,36,36
0.2,0.05,all,ETS2+MAP7D1,18,18
0.2,0.05,all,ETS2+MAPK1,0,0
0.2,0.05,all,ETS2+PRTG,54,54
0.2,0.05,all,ETS2+TGFBR2,9,9
0.2,0.05,all,FEV+ISL2,8,8
0.2,0.05,all,FEV+MAP7D1,12,12
0.2,0.05,all,FOSB+IKZF3,30,30
0.2,0.05,all,FOSB+OSR2,9,9
0.2,0.05,all,FOSB+PTPN12,40,40
0.2,0.05,all,FOSB+UBASH3B,24,24
0.2,0.05,all,FOXA1+FOXA3,1,1
0.2,0.05,all,FOXA1+FOXF1,0,0
0.2,0.05,all,FOXA1+FOXL2,6,6
0.2,0.05,all,FOXA1+HOXB9,9,9
0.2,0.05,all,FOXA1+KLF1,58,58
0.2,0.05,all,FOXA3+FOXF1,2,2
0.2,0.05,all,FOXA3+FOXL2,3,3
0.2,0.05,all,FOXA3+HOXB9,8,8
0.2,0.05,all,FOXF1+FOXL2,1,1
0.2,0.05,all,FOXF1+HOXB9,2,2
0.2,0.05,all,FOXL2+HOXB9,3,3
0.2,0.05,all,FOXL2+MEIS1,8,8
0.2,0.05,all,FOXL2+POU3F2,7,7
0.2,0.05,all,FOXL2+ZNF318,8,8
0.2,0.05,all,HOXC13+ZC3HAV1,58,58
0.2,0.05,all,IER5L+LYL1,1,1
0.2,0.05,all,IGDCC3+MAPK1,53,53
0.2,0.05,all,IGDCC3+PRTG,0,0
0.2,0.05,all,IGDCC3+TGFBR2,3,3
0.2,0.05,all,IGDCC3+ZBTB25,1,1
0.2,0.05,all,IKZF3+MAP2K3,103,103
0.2,0.05,all,IKZF3+MAP2K6,67,67
0.2,0.05,all,IKZF3+MAPK1,55,55
0.2,0.05,all,IRF1+SET,32,32
0.2,0.05,all,KIF18B+KIF2C,0,0
0.2,0.05,all,KLF1+MAP2K6,4,4
0.2,0.05,all,KLF1+SET,103,103
0.2,0.05,all,KLF1+TGFBR2,1,1
0.2,0.05,all,MAP2K3+MAP2K6,0,0
0.2,0.05,all,MAP2K3+SLC38A2,10,10
0.2,0.05,all,MAP2K6+SPI1,117,117
0.2,0.05,all,MAPK1+PRTG,72,72
0.2,0.05,all,MAPK1+TGFBR2,10,10
0.2,0.05,all,OSR2+PTPN12,80,80
0.2,0.05,all,OSR2+UBASH3B,73,73
0.2,0.05,all,PLK4+STIL,9,9
0.2,0.05,all,PRTG+TGFBR2,2,2
0.2,0.05,all,PTPN12+PTPN9,2,2
0.2,0.05,all,PTPN12+SAMD1,12,12
0.2,0.05,all,PTPN12+SNAI1,26,26
0.2,0.05,all,PTPN12+UBASH3A,0,0
0.2,0.05,all,PTPN12+UBASH3B,0,0
0.2,0.05,all,PTPN12+ZBTB10,32,32
0.2,0.05,all,PTPN12+ZBTB25,3,3
0.2,0.05,all,PTPN9+UBASH3B,0,0
0.2,0.05,all,RHOXF2+SET,31,31
0.2,0.05,all,RHOXF2+ZBTB25,21,21
0.2,0.05,all,S1PR2+SGK1,11,11
0.2,0.05,all,SAMD1+TGFBR2,4,4
0.2,0.05,all,SAMD1+UBASH3B,6,6
0.2,0.05,all,SAMD1+ZBTB1,10,10
0.2,0.05,all,SGK1+TBX2,9,9
0.2,0.05,all,SGK1+TBX3,5,5
0.2,0.05,all,SNAI1+UBASH3B,22,22
0.2,0.05,all,SNAI1+ZBTB10,5,5
0.2,0.05,all,TBX2+TBX3,4,4
0.2,0.05,all,UBASH3A+UBASH3B,0,0
0.2,0.05,all,UBASH3B+ZBTB25,0,0
0.2,0.1,all,AHR+FEV,1,1
0.2,0.1,all,AHR+KLF1,11,11
0.2,0.1,all,BAK1+BCL2L11,0,0
0.2,0.1,all,BAK1+KLF1,0,0
0.2,0.1,all,BAK1+TMSB4X,0,0
0.2,0.1,all,BCL2L11+TGFBR2,0,0
0.2,0.1,all,BPGM+SAMD1,1,1
0.2,0.1,all,BPGM+ZBTB1,0,0
0.2,0.1,all,C19orf26+TGFBR2,0,0
0.2,0.1,all,C3orf72+FOXL2,0,0
0.2,0.1,all,CBFA2T3+FEV,5,5
0.2,0.1,all,CBFA2T3+POU3F2,2,2
0.2,0.1,all,CBFA2T3+PRDM1,4,4
0.2,0.1,all,CBL+CNN1,1,1
0.2,0.1,all,CBL+PTPN12,0,0
0.2,0.1,all,CBL+PTPN9,0,0
0.2,0.1,all,CBL+TGFBR2,0,0
0.2,0.1,all,CBL+UBASH3A,0,0
0.2,0.1,all,CBL+UBASH3B,0,0
0.2,0.1,all,CDKN1A+CDKN1B,0,0
0.2,0.1,all,CDKN1A+CDKN1C,0,0
0.2,0.1,all,CDKN1B+CDKN1C,0,0
0.2,0.1,all,CEBPA+CEBPB,0,0
0.2,0.1,all,CEBPA+CEBPE,0,0
0.2,0.1,all,CEBPA+JUN,3,3
0.2,0.1,all,CEBPA+KLF1,9,9
0.2,0.1,all,CEBPA+ZC3HAV1,1,1
0.2,0.1,all,CEBPB+CEBPE,0,0
0.2,0.1,all,CEBPB+FOSB,0,0
0.2,0.1,all,CEBPB+JUN,1,1
0.2,0.1,all,CEBPB+LYL1,1,1
0.2,0.1,all,CEBPB+MAPK1,4,4
0.2,0.1,all,CEBPB+OSR2,0,0
0.2,0.1,all,CEBPB+PTPN12,12,12
0.2,0.1,all,CEBPE+CNN1,16,16
0.2,0.1,all,CEBPE+ETS2,4,4
0.2,0.1,all,CEBPE+FOSB,0,0
0.2,0.1,all,CEBPE+KLF1,21,21
0.2,0.1,all,CEBPE+PTPN12,17,17
0.2,0.1,all,CEBPE+RUNX1T1,1,1
0.2,0.1,all,CEBPE+SET,21,21
0.2,0.1,all,CEBPE+SPI1,3,3
0.2,0.1,all,CEBPE+ZC3HAV1,7,7
0.2,0.1,all,CLDN6+KLF1,15,15
0.2,0.1,all,CNN1+ETS2,15,15
0.2,0.1,all,CNN1+MAPK1,11,11
0.2,0.1,all,CNN1+UBASH3A,0,0
0.2,0.1,all,CNN1+UBASH3B,0,0
0.2,0.1,all,COL2A1+KLF1,10,10
0.2,0.1,all,DLX2+SNAI1,1,1
0.2,0.1,all,DLX2+ZBTB10,0,0
0.2,0.1,all,DUSP9+ETS2,16,16
0.2,0.1,all,DUSP9+IGDCC3,2,2
0.2,0.1,all,DUSP9+KLF1,10,10
0.2,0.1,all,DUSP9+MAPK1,32,32
0.2,0.1,all,DUSP9+PRTG,5,5
0.2,0.1,all,DUSP9+SNAI1,3,3
0.2,0.1,all,ELMSAN1+LHX1,6,6
0.2,0.1,all,ELMSAN1+MAP2K3,0,0
0.2,0.1,all,ELMSAN1+MAP2K6,0,0
0.2,0.1,all,ELMSAN1+ZBTB10,3,3
0.2,0.1,all,ETS2+IGDCC3,9,9
0.2,0.1,all,ETS2+IKZF3,9,9
0.2,0.1,all,ETS2+MAP7D1,1,1
0.2,0.1,all,ETS2+MAPK1,0,0
0.2,0.1,all,ETS2+PRTG,14,14
0.2,0.1,all,ETS2+TGFBR2,2,2
0.2,0.1,all,FEV+ISL2,1,1
0.2,0.1,all,FEV+MAP7D1,3,3
0.2,0.1,all,FOSB+IKZF3,9,9
0.2,0.1,all,FOSB+OSR2,1,1
0.2,0.1,all,FOSB+PTPN12,13,13
0.2,0.1,all,FOSB+UBASH3B,10,10
0.2,0.1,all,FOXA1+FOXA3,0,0
0.2,0.1,all,FOXA1+FOXF1,0,0
0.2,0.1,all,FOXA1+FOXL2,1,1
0.2,0.1,all,FOXA1+HOXB9,0,0
0.2,0.1,all,FOXA1+KLF1,5,5
0.2,0.1,all,FOXA3+FOXF1,0,0
0.2,0.1,all,FOXA3+FOXL2,1,1
0.2,0.1,all,FOXA3+HOXB9,1,1
0.2,0.1,all,FOXF1+FOXL2,0,0
0.2,0.1,all,FOXF1+HOXB9,0,0
0.2,0.1,all,FOXL2+HOXB9,0,0
0.2,0.1,all,FOXL2+MEIS1,0,0
0.2,0.1,all,FOXL2+POU3F2,2,2
0.2,0.1,all,FOXL2+ZNF318,2,2
0.2,0.1,all,HOXC13+ZC3HAV1,11,11
0.2,0.1,all,IER5L+LYL1,0,0
0.2,0.1,all,IGDCC3+MAPK1,11,11
0.2,0.1,all,IGDCC3+PRTG,0,0
0.2,0.1,all,IGDCC3+TGFBR2,0,0
0.2,0.1,all,IGDCC3+ZBTB25,0,0
0.2,0.1,all,IKZF3+MAP2K3,21,21
0.2,0.1,all,IKZF3+MAP2K6,9,9
0.2,0.1,all,IKZF3+MAPK1,12,12
0.2,0.1,all,IRF1+SET,7,7
0.2,0.1,all,KIF18B+KIF2C,0,0
0.2,0.1,all,KLF1+MAP2K6,0,0
0.2,0.1,all,KLF1+SET,18,18
0.2,0.1,all,KLF1+TGFBR2,0,0
0.2,0.1,all,MAP2K3+MAP2K6,0,0
0.2,0.1,all,MAP2K3+SLC38A2,0,0
0.2,0.1,all,MAP2K6+SPI1,22,22
0.2,0.1,all,MAPK1+PRTG,17,17
0.2,0.1,all,MAPK1+TGFBR2,0,0
0.2,0.1,all,OSR2+PTPN12,25,25
0.2,0.1,all,OSR2+UBASH3B,14,14
0.2,0.1,all,PLK4+STIL,0,0
0.2,0.1,all,PRTG+TGFBR2,0,0
0.2,0.1,all,PTPN12+PTPN9,0,0
0.2,0.1,all,PTPN12+SAMD1,2,2
0.2,0.1,all,PTPN12+SNAI1,7,7
0.2,0.1,all,PTPN12+UBASH3A,0,0
0.2,0.1,all,PTPN12+UBASH3B,0,0
0.2,0.1,all,PTPN12+ZBTB10,8,8
0.2,0.1,all,PTPN12+ZBTB25,0,0
0.2,0.1,all,PTPN9+UBASH3B,0,0
0.2,0.1,all,RHOXF2+SET,9,9
0.2,0.1,all,RHOXF2+ZBTB25,1,1
0.2,0.1,all,S1PR2+SGK1,0,0
0.2,0.1,all,SAMD1+TGFBR2,0,0
0.2,0.1,all,SAMD1+UBASH3B,0,0
0.2,0.1,all,SAMD1+ZBTB1,2,2
0.2,0.1,all,SGK1+TBX2,2,2
0.2,0.1,all,SGK1+TBX3,2,2
0.2,0.1,all,SNAI1+UBASH3B,6,6
0.2,0.1,all,SNAI1+ZBTB10,1,1
0.2,0.1,all,TBX2+TBX3,0,0
0.2,0.1,all,UBASH3A+UBASH3B,0,0
0.2,0.1,all,UBASH3B+ZBTB25,0,0
0.2,0.15,all,AHR+FEV,1,1
0.2,0.15,all,AHR+KLF1,3,3
0.2,0.15,all,BAK1+BCL2L11,0,0
0.2,0.15,all,BAK1+KLF1,0,0
0.2,0.15,all,BAK1+TMSB4X,0,0
0.2,0.15,all,BCL2L11+TGFBR2,0,0
0.2,0.15,all,BPGM+SAMD1,0,0
0.2,0.15,all,BPGM+ZBTB1,0,0
0.2,0.15,all,C19orf26+TGFBR2,0,0
0.2,0.15,all,C3orf72+FOXL2,0,0
0.2,0.15,all,CBFA2T3+FEV,1,1
0.2,0.15,all,CBFA2T3+POU3F2,1,1
0.2,0.15,all,CBFA2T3+PRDM1,1,1
0.2,0.15,all,CBL+CNN1,0,0
0.2,0.15,all,CBL+PTPN12,0,0
0.2,0.15,all,CBL+PTPN9,0,0
0.2,0.15,all,CBL+TGFBR2,0,0
0.2,0.15,all,CBL+UBASH3A,0,0
0.2,0.15,all,CBL+UBASH3B,0,0
0.2,0.15,all,CDKN1A+CDKN1B,0,0
0.2,0.15,all,CDKN1A+CDKN1C,0,0
0.2,0.15,all,CDKN1B+CDKN1C,0,0
0.2,0.15,all,CEBPA+CEBPB,0,0
0.2,0.15,all,CEBPA+CEBPE,0,0
0.2,0.15,all,CEBPA+JUN,0,0
0.2,0.15,all,CEBPA+KLF1,2,2
0.2,0.15,all,CEBPA+ZC3HAV1,0,0
0.2,0.15,all,CEBPB+CEBPE,0,0
0.2,0.15,all,CEBPB+FOSB,0,0
0.2,0.15,all,CEBPB+JUN,1,1
0.2,0.15,all,CEBPB+LYL1,1,1
0.2,0.15,all,CEBPB+MAPK1,1,1
0.2,0.15,all,CEBPB+OSR2,0,0
0.2,0.15,all,CEBPB+PTPN12,6,6
0.2,0.15,all,CEBPE+CNN1,10,10
0.2,0.15,all,CEBPE+ETS2,1,1
0.2,0.15,all,CEBPE+FOSB,0,0
0.2,0.15,all,CEBPE+KLF1,4,4
0.2,0.15,all,CEBPE+PTPN12,9,9
0.2,0.15,all,CEBPE+RUNX1T1,1,1
0.2,0.15,all,CEBPE+SET,6,6
0.2,0.15,all,CEBPE+SPI1,0,0
0.2,0.15,all,CEBPE+ZC3HAV1,1,1
0.2,0.15,all,CLDN6+KLF1,2,2
0.2,0.15,all,CNN1+ETS2,10,10
0.2,0.15,all,CNN1+MAPK1,7,7
0.2,0.15,all,CNN1+UBASH3A,0,0
0.2,0.15,all,CNN1+UBASH3B,0,0
0.2,0.15,all,COL2A1+KLF1,1,1
0.2,0.15,all,DLX2+SNAI1,1,1
0.2,0.15,all,DLX2+ZBTB10,0,0
0.2,0.15,all,DUSP9+ETS2,8,8
0.2,0.15,all,DUSP9+IGDCC3,0,0
0.2,0.15,all,DUSP9+KLF1,4,4
0.2,0.15,all,DUSP9+MAPK1,13,13
0.2,0.15,all,DUSP9+PRTG,1,1
0.2,0.15,all,DUSP9+SNAI1,1,1
0.2,0.15,all,ELMSAN1+LHX1,0,0
0.2,0.15,all,ELMSAN1+MAP2K3,0,0
0.2,0.15,all,ELMSAN1+MAP2K6,0,0
0.2,0.15,all,ELMSAN1+ZBTB10,3,3
0.2,0.15,all,ETS2+IGDCC3,3,3
0.2,0.15,all,ETS2+IKZF3,2,2
0.2,0.15,all,ETS2+MAP7D1,0,0
0.2,0.15,all,ETS2+MAPK1,0,0
0.2,0.15,all,ETS2+PRTG,6,6
0.2,0.15,all,ETS2+TGFBR2,0,0
0.2,0.15,all,FEV+ISL2,1,1
0.2,0.15,all,FEV+MAP7D1,0,0
0.2,0.15,all,FOSB+IKZF3,5,5
0.2,0.15,all,FOSB+OSR2,0,0
0.2,0.15,all,FOSB+PTPN12,5,5
0.2,0.15,all,FOSB+UBASH3B,2,2
0.2,0.15,all,FOXA1+FOXA3,0,0
0.2,0.15,all,FOXA1+FOXF1,0,0
0.2,0.15,all,FOXA1+FOXL2,0,0
0.2,0.15,all,FOXA1+HOXB9,0,0
0.2,0.15,all,FOXA1+KLF1,1,1
0.2,0.15,all,FOXA3+FOXF1,0,0
0.2,0.15,all,FOXA3+FOXL2,0,0
0.2,0.15,all,FOXA3+HOXB9,0,0
0.2,0.15,all,FOXF1+FOXL2,0,0
0.2,0.15,all,FOXF1+HOXB9,0,0
0.2,0.15,all,FOXL2+HOXB9,0,0
0.2,0.15,all,FOXL2+MEIS1,0,0
0.2,0.15,all,FOXL2+POU3F2,1,1
0.2,0.15,all,FOXL2+ZNF318,1,1
0.2,0.15,all,HOXC13+ZC3HAV1,1,1
0.2,0.15,all,IER5L+LYL1,0,0
0.2,0.15,all,IGDCC3+MAPK1,4,4
0.2,0.15,all,IGDCC3+PRTG,0,0
0.2,0.15,all,IGDCC3+TGFBR2,0,0
0.2,0.15,all,IGDCC3+ZBTB25,0,0
0.2,0.15,all,IKZF3+MAP2K3,4,4
0.2,0.15,all,IKZF3+MAP2K6,0,0
0.2,0.15,all,IKZF3+MAPK1,6,6
0.2,0.15,all,IRF1+SET,2,2
0.2,0.15,all,KIF18B+KIF2C,0,0
0.2,0.15,all,KLF1+MAP2K6,0,0
0.2,0.15,all,KLF1+SET,3,3
0.2,0.15,all,KLF1+TGFBR2,0,0
0.2,0.15,all,MAP2K3+MAP2K6,0,0
0.2,0.15,all,MAP2K3+SLC38A2,0,0
0.2,0.15,all,MAP2K6+SPI1,1,1
0.2,0.15,all,MAPK1+PRTG,7,7
0.2,0.15,all,MAPK1+TGFBR2,0,0
0.2,0.15,all,OSR2+PTPN12,10,10
0.2,0.15,all,OSR2+UBASH3B,4,4
0.2,0.15,all,PLK4+STIL,0,0
0.2,0.15,all,PRTG+TGFBR2,0,0
0.2,0.15,all,PTPN12+PTPN9,0,0
0.2,0.15,all,PTPN12+SAMD1,0,0
0.2,0.15,all,PTPN12+SNAI1,2,2
0.2,0.15,all,PTPN12+UBASH3A,0,0
0.2,0.15,all,PTPN12+UBASH3B,0,0
0.2,0.15,all,PTPN12+ZBTB10,5,5
0.2,0.15,all,PTPN12+ZBTB25,0,0
0.2,0.15,all,PTPN9+UBASH3B,0,0
0.2,0.15,all,RHOXF2+SET,4,4
0.2,0.15,all,RHOXF2+ZBTB25,0,0
0.2,0.15,all,S1PR2+SGK1,0,0
0.2,0.15,all,SAMD1+TGFBR2,0,0
0.2,0.15,all,SAMD1+UBASH3B,0,0
0.2,0.15,all,SAMD1+ZBTB1,0,0
0.2,0.15,all,SGK1+TBX2,1,1
0.2,0.15,all,SGK1+TBX3,1,1
0.2,0.15,all,SNAI1+UBASH3B,2,2
0.2,0.15,all,SNAI1+ZBTB10,0,0
0.2,0.15,all,TBX2+TBX3,0,0
0.2,0.15,all,UBASH3A+UBASH3B,0,0
0.2,0.15,all,UBASH3B+ZBTB25,0,0
0.2,0.2,all,AHR+FEV,0,0
0.2,0.2,all,AHR+KLF1,0,0
0.2,0.2,all,BAK1+BCL2L11,0,0
0.2,0.2,all,BAK1+KLF1,0,0
0.2,0.2,all,BAK1+TMSB4X,0,0
0.2,0.2,all,BCL2L11+TGFBR2,0,0
0.2,0.2,all,BPGM+SAMD1,0,0
0.2,0.2,all,BPGM+ZBTB1,0,0
0.2,0.2,all,C19orf26+TGFBR2,0,0
0.2,0.2,all,C3orf72+FOXL2,0,0
0.2,0.2,all,CBFA2T3+FEV,0,0
0.2,0.2,all,CBFA2T3+POU3F2,0,0
0.2,0.2,all,CBFA2T3+PRDM1,1,1
0.2,0.2,all,CBL+CNN1,0,0
0.2,0.2,all,CBL+PTPN12,0,0
0.2,0.2,all,CBL+PTPN9,0,0
0.2,0.2,all,CBL+TGFBR2,0,0
0.2,0.2,all,CBL+UBASH3A,0,0
0.2,0.2,all,CBL+UBASH3B,0,0
0.2,0.2,all,CDKN1A+CDKN1B,0,0
0.2,0.2,all,CDKN1A+CDKN1C,0,0
0.2,0.2,all,CDKN1B+CDKN1C,0,0
0.2,0.2,all,CEBPA+CEBPB,0,0
0.2,0.2,all,CEBPA+CEBPE,0,0
0.2,0.2,all,CEBPA+JUN,0,0
0.2,0.2,all,CEBPA+KLF1,1,1
0.2,0.2,all,CEBPA+ZC3HAV1,0,0
0.2,0.2,all,CEBPB+CEBPE,0,0
0.2,0.2,all,CEBPB+FOSB,0,0
0.2,0.2,all,CEBPB+JUN,1,1
0.2,0.2,all,CEBPB+LYL1,0,0
0.2,0.2,all,CEBPB+MAPK1,0,0
0.2,0.2,all,CEBPB+OSR2,0,0
0.2,0.2,all,CEBPB+PTPN12,1,1
0.2,0.2,all,CEBPE+CNN1,5,5
0.2,0.2,all,CEBPE+ETS2,0,0
0.2,0.2,all,CEBPE+FOSB,0,0
0.2,0.2,all,CEBPE+KLF1,2,2
0.2,0.2,all,CEBPE+PTPN12,2,2
0.2,0.2,all,CEBPE+RUNX1T1,0,0
0.2,0.2,all,CEBPE+SET,3,3
0.2,0.2,all,CEBPE+SPI1,0,0
0.2,0.2,all,CEBPE+ZC3HAV1,0,0
0.2,0.2,all,CLDN6+KLF1,0,0
0.2,0.2,all,CNN1+ETS2,2,2
0.2,0.2,all,CNN1+MAPK1,3,3
0.2,0.2,all,CNN1+UBASH3A,0,0
0.2,0.2,all,CNN1+UBASH3B,0,0
0.2,0.2,all,COL2A1+KLF1,1,1
0.2,0.2,all,DLX2+SNAI1,0,0
0.2,0.2,all,DLX2+ZBTB10,0,0
0.2,0.2,all,DUSP9+ETS2,4,4
0.2,0.2,all,DUSP9+IGDCC3,0,0
0.2,0.2,all,DUSP9+KLF1,3,3
0.2,0.2,all,DUSP9+MAPK1,7,7
0.2,0.2,all,DUSP9+PRTG,0,0
0.2,0.2,all,DUSP9+SNAI1,0,0
0.2,0.2,all,ELMSAN1+LHX1,0,0
0.2,0.2,all,ELMSAN1+MAP2K3,0,0
0.2,0.2,all,ELMSAN1+MAP2K6,0,0
0.2,0.2,all,ELMSAN1+ZBTB10,0,0
0.2,0.2,all,ETS2+IGDCC3,2,2
0.2,0.2,all,ETS2+IKZF3,1,1
0.2,0.2,all,ETS2+MAP7D1,0,0
0.2,0.2,all,ETS2+MAPK1,0,0
0.2,0.2,all,ETS2+PRTG,2,2
0.2,0.2,all,ETS2+TGFBR2,0,0
0.2,0.2,all,FEV+ISL2,1,1
0.2,0.2,all,FEV+MAP7D1,0,0
0.2,0.2,all,FOSB+IKZF3,2,2
0.2,0.2,all,FOSB+OSR2,0,0
0.2,0.2,all,FOSB+PTPN12,0,0
0.2,0.2,all,FOSB+UBASH3B,1,1
0.2,0.2,all,FOXA1+FOXA3,0,0
0.2,0.2,all,FOXA1+FOXF1,0,0
0.2,0.2,all,FOXA1+FOXL2,0,0
0.2,0.2,all,FOXA1+HOXB9,0,0
0.2,0.2,all,FOXA1+KLF1,1,1
0.2,0.2,all,FOXA3+FOXF1,0,0
0.2,0.2,all,FOXA3+FOXL2,0,0
0.2,0.2,all,FOXA3+HOXB9,0,0
0.2,0.2,all,FOXF1+FOXL2,0,0
0.2,0.2,all,FOXF1+HOXB9,0,0
0.2,0.2,all,FOXL2+HOXB9,0,0
0.2,0.2,all,FOXL2+MEIS1,0,0
0.2,0.2,all,FOXL2+POU3F2,0,0
0.2,0.2,all,FOXL2+ZNF318,0,0
0.2,0.2,all,HOXC13+ZC3HAV1,0,0
0.2,0.2,all,IER5L+LYL1,0,0
0.2,0.2,all,IGDCC3+MAPK1,2,2
0.2,0.2,all,IGDCC3+PRTG,0,0
0.2,0.2,all,IGDCC3+TGFBR2,0,0
0.2,0.2,all,IGDCC3+ZBTB25,0,0
0.2,0.2,all,IKZF3+MAP2K3,1,1
0.2,0.2,all,IKZF3+MAP2K6,0,0
0.2,0.2,all,IKZF3+MAPK1,3,3
0.2,0.2,all,IRF1+SET,1,1
0.2,0.2,all,KIF18B+KIF2C,0,0
0.2,0.2,all,KLF1+MAP2K6,0,0
0.2,0.2,all,KLF1+SET,0,0
0.2,0.2,all,KLF1+TGFBR2,0,0
0.2,0.2,all,MAP2K3+MAP2K6,0,0
0.2,0.2,all,MAP2K3+SLC38A2,0,0
0.2,0.2,all,MAP2K6+SPI1,0,0
0.2,0.2,all,MAPK1+PRTG,3,3
0.2,0.2,all,MAPK1+TGFBR2,0,0
0.2,0.2,all,OSR2+PTPN12,1,1
0.2,0.2,all,OSR2+UBASH3B,2,2
0.2,0.2,all,PLK4+STIL,0,0
0.2,0.2,all,PRTG+TGFBR2,0,0
0.2,0.2,all,PTPN12+PTPN9,0,0
0.2,0.2,all,PTPN12+SAMD1,0,0
0.2,0.2,all,PTPN12+SNAI1,1,1
0.2,0.2,all,PTPN12+UBASH3A,0,0
0.2,0.2,all,PTPN12+UBASH3B,0,0
0.2,0.2,all,PTPN12+ZBTB10,1,1
0.2,0.2,all,PTPN12+ZBTB25,0,0
0.2,0.2,all,PTPN9+UBASH3B,0,0
0.2,0.2,all,RHOXF2+SET,0,0
0.2,0.2,all,RHOXF2+ZBTB25,0,0
0.2,0.2,all,S1PR2+SGK1,0,0
0.2,0.2,all,SAMD1+TGFBR2,0,0
0.2,0.2,all,SAMD1+UBASH3B,0,0
0.2,0.2,all,SAMD1+ZBTB1,0,0
0.2,0.2,all,SGK1+TBX2,1,1
0.2,0.2,all,SGK1+TBX3,1,1
0.2,0.2,all,SNAI1+UBASH3B,2,2
0.2,0.2,all,SNAI1+ZBTB10,0,0
0.2,0.2,all,TBX2+TBX3,0,0
0.2,0.2,all,UBASH3A+UBASH3B,0,0
0.2,0.2,all,UBASH3B+ZBTB25,0,0
0.1,0.1,detection_ge_0.05,AHR+FEV,0,0
0.1,0.1,detection_ge_0.05,AHR+KLF1,4,4
0.1,0.1,detection_ge_0.05,BAK1+BCL2L11,0,0
0.1,0.1,detection_ge_0.05,BAK1+KLF1,0,0
0.1,0.1,detection_ge_0.05,BAK1+TMSB4X,0,0
0.1,0.1,detection_ge_0.05,BCL2L11+TGFBR2,0,0
0.1,0.1,detection_ge_0.05,BPGM+SAMD1,1,1
0.1,0.1,detection_ge_0.05,BPGM+ZBTB1,0,0
0.1,0.1,detection_ge_0.05,C19orf26+TGFBR2,0,0
0.1,0.1,detection_ge_0.05,C3orf72+FOXL2,0,0
0.1,0.1,detection_ge_0.05,CBFA2T3+FEV,1,1
0.1,0.1,detection_ge_0.05,CBFA2T3+POU3F2,0,0
0.1,0.1,detection_ge_0.05,CBFA2T3+PRDM1,1,1
0.1,0.1,detection_ge_0.05,CBL+CNN1,0,0
0.1,0.1,detection_ge_0.05,CBL+PTPN12,0,0
0.1,0.1,detection_ge_0.05,CBL+PTPN9,0,0
0.1,0.1,detection_ge_0.05,CBL+TGFBR2,0,0
0.1,0.1,detection_ge_0.05,CBL+UBASH3A,0,0
0.1,0.1,detection_ge_0.05,CBL+UBASH3B,0,0
0.1,0.1,detection_ge_0.05,CDKN1A+CDKN1B,0,0
0.1,0.1,detection_ge_0.05,CDKN1A+CDKN1C,0,0
0.1,0.1,detection_ge_0.05,CDKN1B+CDKN1C,0,0
0.1,0.1,detection_ge_0.05,CEBPA+CEBPB,0,0
0.1,0.1,detection_ge_0.05,CEBPA+CEBPE,0,0
0.1,0.1,detection_ge_0.05,CEBPA+JUN,1,1
0.1,0.1,detection_ge_0.05,CEBPA+KLF1,4,4
0.1,0.1,detection_ge_0.05,CEBPA+ZC3HAV1,0,0
0.1,0.1,detection_ge_0.05,CEBPB+CEBPE,0,0
0.1,0.1,detection_ge_0.05,CEBPB+FOSB,0,0
0.1,0.1,detection_ge_0.05,CEBPB+JUN,0,0
0.1,0.1,detection_ge_0.05,CEBPB+LYL1,0,0
0.1,0.1,detection_ge_0.05,CEBPB+MAPK1,1,1
0.1,0.1,detection_ge_0.05,CEBPB+OSR2,0,0
0.1,0.1,detection_ge_0.05,CEBPB+PTPN12,2,2
0.1,0.1,detection_ge_0.05,CEBPE+CNN1,6,6
0.1,0.1,detection_ge_0.05,CEBPE+ETS2,2,2
0.1,0.1,detection_ge_0.05,CEBPE+FOSB,0,0
0.1,0.1,detection_ge_0.05,CEBPE+KLF1,15,15
0.1,0.1,detection_ge_0.05,CEBPE+PTPN12,11,11
0.1,0.1,detection_ge_0.05,CEBPE+RUNX1T1,0,0
0.1,0.1,detection_ge_0.05,CEBPE+SET,10,10
0.1,0.1,detection_ge_0.05,CEBPE+SPI1,2,2
0.1,0.1,detection_ge_0.05,CEBPE+ZC3HAV1,3,3
0.1,0.1,detection_ge_0.05,CLDN6+KLF1,4,4
0.1,0.1,detection_ge_0.05,CNN1+ETS2,9,9
0.1,0.1,detection_ge_0.05,CNN1+MAPK1,6,6
0.1,0.1,detection_ge_0.05,CNN1+UBASH3A,0,0
0.1,0.1,detection_ge_0.05,CNN1+UBASH3B,0,0
0.1,0.1,detection_ge_0.05,COL2A1+KLF1,4,4
0.1,0.1,detection_ge_0.05,DLX2+SNAI1,0,0
0.1,0.1,detection_ge_0.05,DLX2+ZBTB10,0,0
0.1,0.1,detection_ge_0.05,DUSP9+ETS2,8,8
0.1,0.1,detection_ge_0.05,DUSP9+IGDCC3,0,0
0.1,0.1,detection_ge_0.05,DUSP9+KLF1,5,5
0.1,0.1,detection_ge_0.05,DUSP9+MAPK1,16,16
0.1,0.1,detection_ge_0.05,DUSP9+PRTG,2,2
0.1,0.1,detection_ge_0.05,DUSP9+SNAI1,2,2
0.1,0.1,detection_ge_0.05,ELMSAN1+LHX1,3,3
0.1,0.1,detection_ge_0.05,ELMSAN1+MAP2K3,0,0
0.1,0.1,detection_ge_0.05,ELMSAN1+MAP2K6,0,0
0.1,0.1,detection_ge_0.05,ELMSAN1+ZBTB10,1,1
0.1,0.1,detection_ge_0.05,ETS2+IGDCC3,7,7
0.1,0.1,detection_ge_0.05,ETS2+IKZF3,2,2
0.1,0.1,detection_ge_0.05,ETS2+MAP7D1,1,1
0.1,0.1,detection_ge_0.05,ETS2+MAPK1,0,0
0.1,0.1,detection_ge_0.05,ETS2+PRTG,8,8
0.1,0.1,detection_ge_0.05,ETS2+TGFBR2,0,0
0.1,0.1,detection_ge_0.05,FEV+ISL2,0,0
0.1,0.1,detection_ge_0.05,FEV+MAP7D1,2,2
0.1,0.1,detection_ge_0.05,FOSB+IKZF3,2,2
0.1,0.1,detection_ge_0.05,FOSB+OSR2,0,0
0.1,0.1,detection_ge_0.05,FOSB+PTPN12,6,6
0.1,0.1,detection_ge_0.05,FOSB+UBASH3B,7,7
0.1,0.1,detection_ge_0.05,FOXA1+FOXA3,0,0
0.1,0.1,detection_ge_0.05,FOXA1+FOXF1,0,0
0.1,0.1,detection_ge_0.05,FOXA1+FOXL2,0,0
0.1,0.1,detection_ge_0.05,FOXA1+HOXB9,0,0
0.1,0.1,detection_ge_0.05,FOXA1+KLF1,3,3
0.1,0.1,detection_ge_0.05,FOXA3+FOXF1,0,0
0.1,0.1,detection_ge_0.05,FOXA3+FOXL2,1,1
0.1,0.1,detection_ge_0.05,FOXA3+HOXB9,1,1
0.1,0.1,detection_ge_0.05,FOXF1+FOXL2,0,0
0.1,0.1,detection_ge_0.05,FOXF1+HOXB9,0,0
0.1,0.1,detection_ge_0.05,FOXL2+HOXB9,0,0
0.1,0.1,detection_ge_0.05,FOXL2+MEIS1,0,0
0.1,0.1,detection_ge_0.05,FOXL2+POU3F2,0,0
0.1,0.1,detection_ge_0.05,FOXL2+ZNF318,1,1
0.1,0.1,detection_ge_0.05,HOXC13+ZC3HAV1,3,3
0.1,0.1,detection_ge_0.05,IER5L+LYL1,0,0
0.1,0.1,detection_ge_0.05,IGDCC3+MAPK1,7,7
0.1,0.1,detection_ge_0.05,IGDCC3+PRTG,0,0
0.1,0.1,detection_ge_0.05,IGDCC3+TGFBR2,0,0
0.1,0.1,detection_ge_0.05,IGDCC3+ZBTB25,0,0
0.1,0.1,detection_ge_0.05,IKZF3+MAP2K3,4,4
0.1,0.1,detection_ge_0.05,IKZF3+MAP2K6,0,0
0.1,0.1,detection_ge_0.05,IKZF3+MAPK1,6,6
0.1,0.1,detection_ge_0.05,IRF1+SET,4,4
0.1,0.1,detection_ge_0.05,KIF18B+KIF2C,0,0
0.1,0.1,detection_ge_0.05,KLF1+MAP2K6,0,0
0.1,0.1,detection_ge_0.05,KLF1+SET,3,3
0.1,0.1,detection_ge_0.05,KLF1+TGFBR2,0,0
0.1,0.1,detection_ge_0.05,MAP2K3+MAP2K6,0,0
0.1,0.1,detection_ge_0.05,MAP2K3+SLC38A2,0,0
0.1,0.1,detection_ge_0.05,MAP2K6+SPI1,7,7
0.1,0.1,detection_ge_0.05,MAPK1+PRTG,11,11
0.1,0.1,detection_ge_0.05,MAPK1+TGFBR2,0,0
0.1,0.1,detection_ge_0.05,OSR2+PTPN12,11,11
0.1,0.1,detection_ge_0.05,OSR2+UBASH3B,7,7
0.1,0.1,detection_ge_0.05,PLK4+STIL,0,0
0.1,0.1,detection_ge_0.05,PRTG+TGFBR2,0,0
0.1,0.1,detection_ge_0.05,PTPN12+PTPN9,0,0
0.1,0.1,detection_ge_0.05,PTPN12+SAMD1,2,2
0.1,0.1,detection_ge_0.05,PTPN12+SNAI1,3,3
0.1,0.1,detection_ge_0.05,PTPN12+UBASH3A,0,0
0.1,0.1,detection_ge_0.05,PTPN12+UBASH3B,0,0
0.1,0.1,detection_ge_0.05,PTPN12+ZBTB10,4,4
0.1,0.1,detection_ge_0.05,PTPN12+ZBTB25,0,0
0.1,0.1,detection_ge_0.05,PTPN9+UBASH3B,0,0
0.1,0.1,detection_ge_0.05,RHOXF2+SET,7,7
0.1,0.1,detection_ge_0.05,RHOXF2+ZBTB25,1,1
0.1,0.1,detection_ge_0.05,S1PR2+SGK1,0,0
0.1,0.1,detection_ge_0.05,SAMD1+TGFBR2,0,0
0.1,0.1,detection_ge_0.05,SAMD1+UBASH3B,0,0
0.1,0.1,detection_ge_0.05,SAMD1+ZBTB1,1,1
0.1,0.1,detection_ge_0.05,SGK1+TBX2,1,1
0.1,0.1,detection_ge_0.05,SGK1+TBX3,0,0
0.1,0.1,detection_ge_0.05,SNAI1+UBASH3B,4,4
0.1,0.1,detection_ge_0.05,SNAI1+ZBTB10,0,0
0.1,0.1,detection_ge_0.05,TBX2+TBX3,0,0
0.1,0.1,detection_ge_0.05,UBASH3A+UBASH3B,0,0
0.1,0.1,detection_ge_0.05,UBASH3B+ZBTB25,0,0
0.1,0.1,detection_ge_0.10,AHR+FEV,0,0
0.1,0.1,detection_ge_0.10,AHR+KLF1,4,4
0.1,0.1,detection_ge_0.10,BAK1+BCL2L11,0,0
0.1,0.1,detection_ge_0.10,BAK1+KLF1,0,0
0.1,0.1,detection_ge_0.10,BAK1+TMSB4X,0,0
0.1,0.1,detection_ge_0.10,BCL2L11+TGFBR2,0,0
0.1,0.1,detection_ge_0.10,BPGM+SAMD1,1,1
0.1,0.1,detection_ge_0.10,BPGM+ZBTB1,0,0
0.1,0.1,detection_ge_0.10,C19orf26+TGFBR2,0,0
0.1,0.1,detection_ge_0.10,C3orf72+FOXL2,0,0
0.1,0.1,detection_ge_0.10,CBFA2T3+FEV,1,1
0.1,0.1,detection_ge_0.10,CBFA2T3+POU3F2,0,0
0.1,0.1,detection_ge_0.10,CBFA2T3+PRDM1,1,1
0.1,0.1,detection_ge_0.10,CBL+CNN1,0,0
0.1,0.1,detection_ge_0.10,CBL+PTPN12,0,0
0.1,0.1,detection_ge_0.10,CBL+PTPN9,0,0
0.1,0.1,detection_ge_0.10,CBL+TGFBR2,0,0
0.1,0.1,detection_ge_0.10,CBL+UBASH3A,0,0
0.1,0.1,detection_ge_0.10,CBL+UBASH3B,0,0
0.1,0.1,detection_ge_0.10,CDKN1A+CDKN1B,0,0
0.1,0.1,detection_ge_0.10,CDKN1A+CDKN1C,0,0
0.1,0.1,detection_ge_0.10,CDKN1B+CDKN1C,0,0
0.1,0.1,detection_ge_0.10,CEBPA+CEBPB,0,0
0.1,0.1,detection_ge_0.10,CEBPA+CEBPE,0,0
0.1,0.1,detection_ge_0.10,CEBPA+JUN,1,1
0.1,0.1,detection_ge_0.10,CEBPA+KLF1,4,4
0.1,0.1,detection_ge_0.10,CEBPA+ZC3HAV1,0,0
0.1,0.1,detection_ge_0.10,CEBPB+CEBPE,0,0
0.1,0.1,detection_ge_0.10,CEBPB+FOSB,0,0
0.1,0.1,detection_ge_0.10,CEBPB+JUN,0,0
0.1,0.1,detection_ge_0.10,CEBPB+LYL1,0,0
0.1,0.1,detection_ge_0.10,CEBPB+MAPK1,1,1
0.1,0.1,detection_ge_0.10,CEBPB+OSR2,0,0
0.1,0.1,detection_ge_0.10,CEBPB+PTPN12,2,2
0.1,0.1,detection_ge_0.10,CEBPE+CNN1,6,6
0.1,0.1,detection_ge_0.10,CEBPE+ETS2,2,2
0.1,0.1,detection_ge_0.10,CEBPE+FOSB,0,0
0.1,0.1,detection_ge_0.10,CEBPE+KLF1,15,15
0.1,0.1,detection_ge_0.10,CEBPE+PTPN12,11,11
0.1,0.1,detection_ge_0.10,CEBPE+RUNX1T1,0,0
0.1,0.1,detection_ge_0.10,CEBPE+SET,10,10
0.1,0.1,detection_ge_0.10,CEBPE+SPI1,2,2
0.1,0.1,detection_ge_0.10,CEBPE+ZC3HAV1,3,3
0.1,0.1,detection_ge_0.10,CLDN6+KLF1,4,4
0.1,0.1,detection_ge_0.10,CNN1+ETS2,9,9
0.1,0.1,detection_ge_0.10,CNN1+MAPK1,6,6
0.1,0.1,detection_ge_0.10,CNN1+UBASH3A,0,0
0.1,0.1,detection_ge_0.10,CNN1+UBASH3B,0,0
0.1,0.1,detection_ge_0.10,COL2A1+KLF1,4,4
0.1,0.1,detection_ge_0.10,DLX2+SNAI1,0,0
0.1,0.1,detection_ge_0.10,DLX2+ZBTB10,0,0
0.1,0.1,detection_ge_0.10,DUSP9+ETS2,8,8
0.1,0.1,detection_ge_0.10,DUSP9+IGDCC3,0,0
0.1,0.1,detection_ge_0.10,DUSP9+KLF1,5,5
0.1,0.1,detection_ge_0.10,DUSP9+MAPK1,16,16
0.1,0.1,detection_ge_0.10,DUSP9+PRTG,2,2
0.1,0.1,detection_ge_0.10,DUSP9+SNAI1,2,2
0.1,0.1,detection_ge_0.10,ELMSAN1+LHX1,3,3
0.1,0.1,detection_ge_0.10,ELMSAN1+MAP2K3,0,0
0.1,0.1,detection_ge_0.10,ELMSAN1+MAP2K6,0,0
0.1,0.1,detection_ge_0.10,ELMSAN1+ZBTB10,1,1
0.1,0.1,detection_ge_0.10,ETS2+IGDCC3,7,7
0.1,0.1,detection_ge_0.10,ETS2+IKZF3,2,2
0.1,0.1,detection_ge_0.10,ETS2+MAP7D1,1,1
0.1,0.1,detection_ge_0.10,ETS2+MAPK1,0,0
0.1,0.1,detection_ge_0.10,ETS2+PRTG,8,8
0.1,0.1,detection_ge_0.10,ETS2+TGFBR2,0,0
0.1,0.1,detection_ge_0.10,FEV+ISL2,0,0
0.1,0.1,detection_ge_0.10,FEV+MAP7D1,2,2
0.1,0.1,detection_ge_0.10,FOSB+IKZF3,2,2
0.1,0.1,detection_ge_0.10,FOSB+OSR2,0,0
0.1,0.1,detection_ge_0.10,FOSB+PTPN12,6,6
0.1,0.1,detection_ge_0.10,FOSB+UBASH3B,7,7
0.1,0.1,detection_ge_0.10,FOXA1+FOXA3,0,0
0.1,0.1,detection_ge_0.10,FOXA1+FOXF1,0,0
0.1,0.1,detection_ge_0.10,FOXA1+FOXL2,0,0
0.1,0.1,detection_ge_0.10,FOXA1+HOXB9,0,0
0.1,0.1,detection_ge_0.10,FOXA1+KLF1,3,3
0.1,0.1,detection_ge_0.10,FOXA3+FOXF1,0,0
0.1,0.1,detection_ge_0.10,FOXA3+FOXL2,1,1
0.1,0.1,detection_ge_0.10,FOXA3+HOXB9,1,1
0.1,0.1,detection_ge_0.10,FOXF1+FOXL2,0,0
0.1,0.1,detection_ge_0.10,FOXF1+HOXB9,0,0
0.1,0.1,detection_ge_0.10,FOXL2+HOXB9,0,0
0.1,0.1,detection_ge_0.10,FOXL2+MEIS1,0,0
0.1,0.1,detection_ge_0.10,FOXL2+POU3F2,0,0
0.1,0.1,detection_ge_0.10,FOXL2+ZNF318,1,1
0.1,0.1,detection_ge_0.10,HOXC13+ZC3HAV1,3,3
0.1,0.1,detection_ge_0.10,IER5L+LYL1,0,0
0.1,0.1,detection_ge_0.10,IGDCC3+MAPK1,7,7
0.1,0.1,detection_ge_0.10,IGDCC3+PRTG,0,0
0.1,0.1,detection_ge_0.10,IGDCC3+TGFBR2,0,0
0.1,0.1,detection_ge_0.10,IGDCC3+ZBTB25,0,0
0.1,0.1,detection_ge_0.10,IKZF3+MAP2K3,4,4
0.1,0.1,detection_ge_0.10,IKZF3+MAP2K6,0,0
0.1,0.1,detection_ge_0.10,IKZF3+MAPK1,6,6
0.1,0.1,detection_ge_0.10,IRF1+SET,4,4
0.1,0.1,detection_ge_0.10,KIF18B+KIF2C,0,0
0.1,0.1,detection_ge_0.10,KLF1+MAP2K6,0,0
0.1,0.1,detection_ge_0.10,KLF1+SET,3,3
0.1,0.1,detection_ge_0.10,KLF1+TGFBR2,0,0
0.1,0.1,detection_ge_0.10,MAP2K3+MAP2K6,0,0
0.1,0.1,detection_ge_0.10,MAP2K3+SLC38A2,0,0
0.1,0.1,detection_ge_0.10,MAP2K6+SPI1,7,7
0.1,0.1,detection_ge_0.10,MAPK1+PRTG,11,11
0.1,0.1,detection_ge_0.10,MAPK1+TGFBR2,0,0
0.1,0.1,detection_ge_0.10,OSR2+PTPN12,11,11
0.1,0.1,detection_ge_0.10,OSR2+UBASH3B,7,7
0.1,0.1,detection_ge_0.10,PLK4+STIL,0,0
0.1,0.1,detection_ge_0.10,PRTG+TGFBR2,0,0
0.1,0.1,detection_ge_0.10,PTPN12+PTPN9,0,0
0.1,0.1,detection_ge_0.10,PTPN12+SAMD1,2,2
0.1,0.1,detection_ge_0.10,PTPN12+SNAI1,3,3
0.1,0.1,detection_ge_0.10,PTPN12+UBASH3A,0,0
0.1,0.1,detection_ge_0.10,PTPN12+UBASH3B,0,0
0.1,0.1,detection_ge_0.10,PTPN12+ZBTB10,4,4
0.1,0.1,detection_ge_0.10,PTPN12+ZBTB25,0,0
0.1,0.1,detection_ge_0.10,PTPN9+UBASH3B,0,0
0.1,0.1,detection_ge_0.10,RHOXF2+SET,7,7
0.1,0.1,detection_ge_0.10,RHOXF2+ZBTB25,1,1
0.1,0.1,detection_ge_0.10,S1PR2+SGK1,0,0
0.1,0.1,detection_ge_0.10,SAMD1+TGFBR2,0,0
0.1,0.1,detection_ge_0.10,SAMD1+UBASH3B,0,0
0.1,0.1,detection_ge_0.10,SAMD1+ZBTB1,1,1
0.1,0.1,detection_ge_0.10,SGK1+TBX2,1,1
0.1,0.1,detection_ge_0.10,SGK1+TBX3,0,0
0.1,0.1,detection_ge_0.10,SNAI1+UBASH3B,4,4
0.1,0.1,detection_ge_0.10,SNAI1+ZBTB10,0,0
0.1,0.1,detection_ge_0.10,TBX2+TBX3,0,0
0.1,0.1,detection_ge_0.10,UBASH3A+UBASH3B,0,0
0.1,0.1,detection_ge_0.10,UBASH3B+ZBTB25,0,0
0.1,0.1,detection_ge_0.25,AHR+FEV,0,0
0.1,0.1,detection_ge_0.25,AHR+KLF1,4,4
0.1,0.1,detection_ge_0.25,BAK1+BCL2L11,0,0
0.1,0.1,detection_ge_0.25,BAK1+KLF1,0,0
0.1,0.1,detection_ge_0.25,BAK1+TMSB4X,0,0
0.1,0.1,detection_ge_0.25,BCL2L11+TGFBR2,0,0
0.1,0.1,detection_ge_0.25,BPGM+SAMD1,1,1
0.1,0.1,detection_ge_0.25,BPGM+ZBTB1,0,0
0.1,0.1,detection_ge_0.25,C19orf26+TGFBR2,0,0
0.1,0.1,detection_ge_0.25,C3orf72+FOXL2,0,0
0.1,0.1,detection_ge_0.25,CBFA2T3+FEV,1,1
0.1,0.1,detection_ge_0.25,CBFA2T3+POU3F2,0,0
0.1,0.1,detection_ge_0.25,CBFA2T3+PRDM1,1,1
0.1,0.1,detection_ge_0.25,CBL+CNN1,0,0
0.1,0.1,detection_ge_0.25,CBL+PTPN12,0,0
0.1,0.1,detection_ge_0.25,CBL+PTPN9,0,0
0.1,0.1,detection_ge_0.25,CBL+TGFBR2,0,0
0.1,0.1,detection_ge_0.25,CBL+UBASH3A,0,0
0.1,0.1,detection_ge_0.25,CBL+UBASH3B,0,0
0.1,0.1,detection_ge_0.25,CDKN1A+CDKN1B,0,0
0.1,0.1,detection_ge_0.25,CDKN1A+CDKN1C,0,0
0.1,0.1,detection_ge_0.25,CDKN1B+CDKN1C,0,0
0.1,0.1,detection_ge_0.25,CEBPA+CEBPB,0,0
0.1,0.1,detection_ge_0.25,CEBPA+CEBPE,0,0
0.1,0.1,detection_ge_0.25,CEBPA+JUN,1,1
0.1,0.1,detection_ge_0.25,CEBPA+KLF1,4,4
0.1,0.1,detection_ge_0.25,CEBPA+ZC3HAV1,0,0
0.1,0.1,detection_ge_0.25,CEBPB+CEBPE,0,0
0.1,0.1,detection_ge_0.25,CEBPB+FOSB,0,0
0.1,0.1,detection_ge_0.25,CEBPB+JUN,0,0
0.1,0.1,detection_ge_0.25,CEBPB+LYL1,0,0
0.1,0.1,detection_ge_0.25,CEBPB+MAPK1,1,1
0.1,0.1,detection_ge_0.25,CEBPB+OSR2,0,0
0.1,0.1,detection_ge_0.25,CEBPB+PTPN12,2,2
0.1,0.1,detection_ge_0.25,CEBPE+CNN1,6,6
0.1,0.1,detection_ge_0.25,CEBPE+ETS2,2,2
0.1,0.1,detection_ge_0.25,CEBPE+FOSB,0,0
0.1,0.1,detection_ge_0.25,CEBPE+KLF1,15,15
0.1,0.1,detection_ge_0.25,CEBPE+PTPN12,11,11
0.1,0.1,detection_ge_0.25,CEBPE+RUNX1T1,0,0
0.1,0.1,detection_ge_0.25,CEBPE+SET,10,10
0.1,0.1,detection_ge_0.25,CEBPE+SPI1,2,2
0.1,0.1,detection_ge_0.25,CEBPE+ZC3HAV1,3,3
0.1,0.1,detection_ge_0.25,CLDN6+KLF1,4,4
0.1,0.1,detection_ge_0.25,CNN1+ETS2,9,9
0.1,0.1,detection_ge_0.25,CNN1+MAPK1,6,6
0.1,0.1,detection_ge_0.25,CNN1+UBASH3A,0,0
0.1,0.1,detection_ge_0.25,CNN1+UBASH3B,0,0
0.1,0.1,detection_ge_0.25,COL2A1+KLF1,4,4
0.1,0.1,detection_ge_0.25,DLX2+SNAI1,0,0
0.1,0.1,detection_ge_0.25,DLX2+ZBTB10,0,0
0.1,0.1,detection_ge_0.25,DUSP9+ETS2,8,8
0.1,0.1,detection_ge_0.25,DUSP9+IGDCC3,0,0
0.1,0.1,detection_ge_0.25,DUSP9+KLF1,5,5
0.1,0.1,detection_ge_0.25,DUSP9+MAPK1,16,16
0.1,0.1,detection_ge_0.25,DUSP9+PRTG,2,2
0.1,0.1,detection_ge_0.25,DUSP9+SNAI1,2,2
0.1,0.1,detection_ge_0.25,ELMSAN1+LHX1,3,3
0.1,0.1,detection_ge_0.25,ELMSAN1+MAP2K3,0,0
0.1,0.1,detection_ge_0.25,ELMSAN1+MAP2K6,0,0
0.1,0.1,detection_ge_0.25,ELMSAN1+ZBTB10,1,1
0.1,0.1,detection_ge_0.25,ETS2+IGDCC3,7,7
0.1,0.1,detection_ge_0.25,ETS2+IKZF3,2,2
0.1,0.1,detection_ge_0.25,ETS2+MAP7D1,1,1
0.1,0.1,detection_ge_0.25,ETS2+MAPK1,0,0
0.1,0.1,detection_ge_0.25,ETS2+PRTG,8,8
0.1,0.1,detection_ge_0.25,ETS2+TGFBR2,0,0
0.1,0.1,detection_ge_0.25,FEV+ISL2,0,0
0.1,0.1,detection_ge_0.25,FEV+MAP7D1,2,2
0.1,0.1,detection_ge_0.25,FOSB+IKZF3,2,2
0.1,0.1,detection_ge_0.25,FOSB+OSR2,0,0
0.1,0.1,detection_ge_0.25,FOSB+PTPN12,6,6
0.1,0.1,detection_ge_0.25,FOSB+UBASH3B,7,7
0.1,0.1,detection_ge_0.25,FOXA1+FOXA3,0,0
0.1,0.1,detection_ge_0.25,FOXA1+FOXF1,0,0
0.1,0.1,detection_ge_0.25,FOXA1+FOXL2,0,0
0.1,0.1,detection_ge_0.25,FOXA1+HOXB9,0,0
0.1,0.1,detection_ge_0.25,FOXA1+KLF1,3,3
0.1,0.1,detection_ge_0.25,FOXA3+FOXF1,0,0
0.1,0.1,detection_ge_0.25,FOXA3+FOXL2,1,1
0.1,0.1,detection_ge_0.25,FOXA3+HOXB9,1,1
0.1,0.1,detection_ge_0.25,FOXF1+FOXL2,0,0
0.1,0.1,detection_ge_0.25,FOXF1+HOXB9,0,0
0.1,0.1,detection_ge_0.25,FOXL2+HOXB9,0,0
0.1,0.1,detection_ge_0.25,FOXL2+MEIS1,0,0
0.1,0.1,detection_ge_0.25,FOXL2+POU3F2,0,0
0.1,0.1,detection_ge_0.25,FOXL2+ZNF318,1,1
0.1,0.1,detection_ge_0.25,HOXC13+ZC3HAV1,3,3
0.1,0.1,detection_ge_0.25,IER5L+LYL1,0,0
0.1,0.1,detection_ge_0.25,IGDCC3+MAPK1,7,7
0.1,0.1,detection_ge_0.25,IGDCC3+PRTG,0,0
0.1,0.1,detection_ge_0.25,IGDCC3+TGFBR2,0,0
0.1,0.1,detection_ge_0.25,IGDCC3+ZBTB25,0,0
0.1,0.1,detection_ge_0.25,IKZF3+MAP2K3,4,4
0.1,0.1,detection_ge_0.25,IKZF3+MAP2K6,0,0
0.1,0.1,detection_ge_0.25,IKZF3+MAPK1,6,6
0.1,0.1,detection_ge_0.25,IRF1+SET,4,4
0.1,0.1,detection_ge_0.25,KIF18B+KIF2C,0,0
0.1,0.1,detection_ge_0.25,KLF1+MAP2K6,0,0
0.1,0.1,detection_ge_0.25,KLF1+SET,3,3
0.1,0.1,detection_ge_0.25,KLF1+TGFBR2,0,0
0.1,0.1,detection_ge_0.25,MAP2K3+MAP2K6,0,0
0.1,0.1,detection_ge_0.25,MAP2K3+SLC38A2,0,0
0.1,0.1,detection_ge_0.25,MAP2K6+SPI1,7,7
0.1,0.1,detection_ge_0.25,MAPK1+PRTG,11,11
0.1,0.1,detection_ge_0.25,MAPK1+TGFBR2,0,0
0.1,0.1,detection_ge_0.25,OSR2+PTPN12,11,11
0.1,0.1,detection_ge_0.25,OSR2+UBASH3B,7,7
0.1,0.1,detection_ge_0.25,PLK4+STIL,0,0
0.1,0.1,detection_ge_0.25,PRTG+TGFBR2,0,0
0.1,0.1,detection_ge_0.25,PTPN12+PTPN9,0,0
0.1,0.1,detection_ge_0.25,PTPN12+SAMD1,2,2
0.1,0.1,detection_ge_0.25,PTPN12+SNAI1,3,3
0.1,0.1,detection_ge_0.25,PTPN12+UBASH3A,0,0
0.1,0.1,detection_ge_0.25,PTPN12+UBASH3B,0,0
0.1,0.1,detection_ge_0.25,PTPN12+ZBTB10,4,4
0.1,0.1,detection_ge_0.25,PTPN12+ZBTB25,0,0
0.1,0.1,detection_ge_0.25,PTPN9+UBASH3B,0,0
0.1,0.1,detection_ge_0.25,RHOXF2+SET,7,7
0.1,0.1,detection_ge_0.25,RHOXF2+ZBTB25,1,1
0.1,0.1,detection_ge_0.25,S1PR2+SGK1,0,0
0.1,0.1,detection_ge_0.25,SAMD1+TGFBR2,0,0
0.1,0.1,detection_ge_0.25,SAMD1+UBASH3B,0,0
0.1,0.1,detection_ge_0.25,SAMD1+ZBTB1,1,1
0.1,0.1,detection_ge_0.25,SGK1+TBX2,1,1
0.1,0.1,detection_ge_0.25,SGK1+TBX3,0,0
0.1,0.1,detection_ge_0.25,SNAI1+UBASH3B,4,4
0.1,0.1,detection_ge_0.25,SNAI1+ZBTB10,0,0
0.1,0.1,detection_ge_0.25,TBX2+TBX3,0,0
0.1,0.1,detection_ge_0.25,UBASH3A+UBASH3B,0,0
0.1,0.1,detection_ge_0.25,UBASH3B+ZBTB25,0,0
0.1,0.1,mean_counts_ge_0.10,AHR+FEV,0,0
0.1,0.1,mean_counts_ge_0.10,AHR+KLF1,4,4
0.1,0.1,mean_counts_ge_0.10,BAK1+BCL2L11,0,0
0.1,0.1,mean_counts_ge_0.10,BAK1+KLF1,0,0
0.1,0.1,mean_counts_ge_0.10,BAK1+TMSB4X,0,0
0.1,0.1,mean_counts_ge_0.10,BCL2L11+TGFBR2,0,0
0.1,0.1,mean_counts_ge_0.10,BPGM+SAMD1,1,1
0.1,0.1,mean_counts_ge_0.10,BPGM+ZBTB1,0,0
0.1,0.1,mean_counts_ge_0.10,C19orf26+TGFBR2,0,0
0.1,0.1,mean_counts_ge_0.10,C3orf72+FOXL2,0,0
0.1,0.1,mean_counts_ge_0.10,CBFA2T3+FEV,1,1
0.1,0.1,mean_counts_ge_0.10,CBFA2T3+POU3F2,0,0
0.1,0.1,mean_counts_ge_0.10,CBFA2T3+PRDM1,1,1
0.1,0.1,mean_counts_ge_0.10,CBL+CNN1,0,0
0.1,0.1,mean_counts_ge_0.10,CBL+PTPN12,0,0
0.1,0.1,mean_counts_ge_0.10,CBL+PTPN9,0,0
0.1,0.1,mean_counts_ge_0.10,CBL+TGFBR2,0,0
0.1,0.1,mean_counts_ge_0.10,CBL+UBASH3A,0,0
0.1,0.1,mean_counts_ge_0.10,CBL+UBASH3B,0,0
0.1,0.1,mean_counts_ge_0.10,CDKN1A+CDKN1B,0,0
0.1,0.1,mean_counts_ge_0.10,CDKN1A+CDKN1C,0,0
0.1,0.1,mean_counts_ge_0.10,CDKN1B+CDKN1C,0,0
0.1,0.1,mean_counts_ge_0.10,CEBPA+CEBPB,0,0
0.1,0.1,mean_counts_ge_0.10,CEBPA+CEBPE,0,0
0.1,0.1,mean_counts_ge_0.10,CEBPA+JUN,1,1
0.1,0.1,mean_counts_ge_0.10,CEBPA+KLF1,4,4
0.1,0.1,mean_counts_ge_0.10,CEBPA+ZC3HAV1,0,0
0.1,0.1,mean_counts_ge_0.10,CEBPB+CEBPE,0,0
0.1,0.1,mean_counts_ge_0.10,CEBPB+FOSB,0,0
0.1,0.1,mean_counts_ge_0.10,CEBPB+JUN,0,0
0.1,0.1,mean_counts_ge_0.10,CEBPB+LYL1,0,0
0.1,0.1,mean_counts_ge_0.10,CEBPB+MAPK1,1,1
0.1,0.1,mean_counts_ge_0.10,CEBPB+OSR2,0,0
0.1,0.1,mean_counts_ge_0.10,CEBPB+PTPN12,2,2
0.1,0.1,mean_counts_ge_0.10,CEBPE+CNN1,6,6
0.1,0.1,mean_counts_ge_0.10,CEBPE+ETS2,2,2
0.1,0.1,mean_counts_ge_0.10,CEBPE+FOSB,0,0
0.1,0.1,mean_counts_ge_0.10,CEBPE+KLF1,15,15
0.1,0.1,mean_counts_ge_0.10,CEBPE+PTPN12,11,11
0.1,0.1,mean_counts_ge_0.10,CEBPE+RUNX1T1,0,0
0.1,0.1,mean_counts_ge_0.10,CEBPE+SET,10,10
0.1,0.1,mean_counts_ge_0.10,CEBPE+SPI1,2,2
0.1,0.1,mean_counts_ge_0.10,CEBPE+ZC3HAV1,3,3
0.1,0.1,mean_counts_ge_0.10,CLDN6+KLF1,4,4
0.1,0.1,mean_counts_ge_0.10,CNN1+ETS2,9,9
0.1,0.1,mean_counts_ge_0.10,CNN1+MAPK1,6,6
0.1,0.1,mean_counts_ge_0.10,CNN1+UBASH3A,0,0
0.1,0.1,mean_counts_ge_0.10,CNN1+UBASH3B,0,0
0.1,0.1,mean_counts_ge_0.10,COL2A1+KLF1,4,4
0.1,0.1,mean_counts_ge_0.10,DLX2+SNAI1,0,0
0.1,0.1,mean_counts_ge_0.10,DLX2+ZBTB10,0,0
0.1,0.1,mean_counts_ge_0.10,DUSP9+ETS2,8,8
0.1,0.1,mean_counts_ge_0.10,DUSP9+IGDCC3,0,0
0.1,0.1,mean_counts_ge_0.10,DUSP9+KLF1,5,5
0.1,0.1,mean_counts_ge_0.10,DUSP9+MAPK1,16,16
0.1,0.1,mean_counts_ge_0.10,DUSP9+PRTG,2,2
0.1,0.1,mean_counts_ge_0.10,DUSP9+SNAI1,2,2
0.1,0.1,mean_counts_ge_0.10,ELMSAN1+LHX1,3,3
0.1,0.1,mean_counts_ge_0.10,ELMSAN1+MAP2K3,0,0
0.1,0.1,mean_counts_ge_0.10,ELMSAN1+MAP2K6,0,0
0.1,0.1,mean_counts_ge_0.10,ELMSAN1+ZBTB10,1,1
0.1,0.1,mean_counts_ge_0.10,ETS2+IGDCC3,7,7
0.1,0.1,mean_counts_ge_0.10,ETS2+IKZF3,2,2
0.1,0.1,mean_counts_ge_0.10,ETS2+MAP7D1,1,1
0.1,0.1,mean_counts_ge_0.10,ETS2+MAPK1,0,0
0.1,0.1,mean_counts_ge_0.10,ETS2+PRTG,8,8
0.1,0.1,mean_counts_ge_0.10,ETS2+TGFBR2,0,0
0.1,0.1,mean_counts_ge_0.10,FEV+ISL2,0,0
0.1,0.1,mean_counts_ge_0.10,FEV+MAP7D1,2,2
0.1,0.1,mean_counts_ge_0.10,FOSB+IKZF3,2,2
0.1,0.1,mean_counts_ge_0.10,FOSB+OSR2,0,0
0.1,0.1,mean_counts_ge_0.10,FOSB+PTPN12,6,6
0.1,0.1,mean_counts_ge_0.10,FOSB+UBASH3B,7,7
0.1,0.1,mean_counts_ge_0.10,FOXA1+FOXA3,0,0
0.1,0.1,mean_counts_ge_0.10,FOXA1+FOXF1,0,0
0.1,0.1,mean_counts_ge_0.10,FOXA1+FOXL2,0,0
0.1,0.1,mean_counts_ge_0.10,FOXA1+HOXB9,0,0
0.1,0.1,mean_counts_ge_0.10,FOXA1+KLF1,3,3
0.1,0.1,mean_counts_ge_0.10,FOXA3+FOXF1,0,0
0.1,0.1,mean_counts_ge_0.10,FOXA3+FOXL2,1,1
0.1,0.1,mean_counts_ge_0.10,FOXA3+HOXB9,1,1
0.1,0.1,mean_counts_ge_0.10,FOXF1+FOXL2,0,0
0.1,0.1,mean_counts_ge_0.10,FOXF1+HOXB9,0,0
0.1,0.1,mean_counts_ge_0.10,FOXL2+HOXB9,0,0
0.1,0.1,mean_counts_ge_0.10,FOXL2+MEIS1,0,0
0.1,0.1,mean_counts_ge_0.10,FOXL2+POU3F2,0,0
0.1,0.1,mean_counts_ge_0.10,FOXL2+ZNF318,1,1
0.1,0.1,mean_counts_ge_0.10,HOXC13+ZC3HAV1,3,3
0.1,0.1,mean_counts_ge_0.10,IER5L+LYL1,0,0
0.1,0.1,mean_counts_ge_0.10,IGDCC3+MAPK1,7,7
0.1,0.1,mean_counts_ge_0.10,IGDCC3+PRTG,0,0
0.1,0.1,mean_counts_ge_0.10,IGDCC3+TGFBR2,0,0
0.1,0.1,mean_counts_ge_0.10,IGDCC3+ZBTB25,0,0
0.1,0.1,mean_counts_ge_0.10,IKZF3+MAP2K3,4,4
0.1,0.1,mean_counts_ge_0.10,IKZF3+MAP2K6,0,0
0.1,0.1,mean_counts_ge_0.10,IKZF3+MAPK1,6,6
0.1,0.1,mean_counts_ge_0.10,IRF1+SET,4,4
0.1,0.1,mean_counts_ge_0.10,KIF18B+KIF2C,0,0
0.1,0.1,mean_counts_ge_0.10,KLF1+MAP2K6,0,0
0.1,0.1,mean_counts_ge_0.10,KLF1+SET,3,3
0.1,0.1,mean_counts_ge_0.10,KLF1+TGFBR2,0,0
0.1,0.1,mean_counts_ge_0.10,MAP2K3+MAP2K6,0,0
0.1,0.1,mean_counts_ge_0.10,MAP2K3+SLC38A2,0,0
0.1,0.1,mean_counts_ge_0.10,MAP2K6+SPI1,7,7
0.1,0.1,mean_counts_ge_0.10,MAPK1+PRTG,11,11
0.1,0.1,mean_counts_ge_0.10,MAPK1+TGFBR2,0,0
0.1,0.1,mean_counts_ge_0.10,OSR2+PTPN12,11,11
0.1,0.1,mean_counts_ge_0.10,OSR2+UBASH3B,7,7
0.1,0.1,mean_counts_ge_0.10,PLK4+STIL,0,0
0.1,0.1,mean_counts_ge_0.10,PRTG+TGFBR2,0,0
0.1,0.1,mean_counts_ge_0.10,PTPN12+PTPN9,0,0
0.1,0.1,mean_counts_ge_0.10,PTPN12+SAMD1,2,2
0.1,0.1,mean_counts_ge_0.10,PTPN12+SNAI1,3,3
0.1,0.1,mean_counts_ge_0.10,PTPN12+UBASH3A,0,0
0.1,0.1,mean_counts_ge_0.10,PTPN12+UBASH3B,0,0
0.1,0.1,mean_counts_ge_0.10,PTPN12+ZBTB10,4,4
0.1,0.1,mean_counts_ge_0.10,PTPN12+ZBTB25,0,0
0.1,0.1,mean_counts_ge_0.10,PTPN9+UBASH3B,0,0
0.1,0.1,mean_counts_ge_0.10,RHOXF2+SET,7,7
0.1,0.1,mean_counts_ge_0.10,RHOXF2+ZBTB25,1,1
0.1,0.1,mean_counts_ge_0.10,S1PR2+SGK1,0,0
0.1,0.1,mean_counts_ge_0.10,SAMD1+TGFBR2,0,0
0.1,0.1,mean_counts_ge_0.10,SAMD1+UBASH3B,0,0
0.1,0.1,mean_counts_ge_0.10,SAMD1+ZBTB1,1,1
0.1,0.1,mean_counts_ge_0.10,SGK1+TBX2,1,1
0.1,0.1,mean_counts_ge_0.10,SGK1+TBX3,0,0
0.1,0.1,mean_counts_ge_0.10,SNAI1+UBASH3B,4,4
0.1,0.1,mean_counts_ge_0.10,SNAI1+ZBTB10,0,0
0.1,0.1,mean_counts_ge_0.10,TBX2+TBX3,0,0
0.1,0.1,mean_counts_ge_0.10,UBASH3A+UBASH3B,0,0
0.1,0.1,mean_counts_ge_0.10,UBASH3B+ZBTB25,0,0
